----------------------------------------
Exception occurred during processing of request from ('127.0.0.1', 63279)
Traceback (most recent call last):
  File "C:\Program Files\Python313\Lib\socketserver.py", line 697, in process_request_thread
    self.finish_request(request, client_address)
    ~~~~~~~~~~~~~~~~~~~^^^^^^^^^^^^^^^^^^^^^^^^^
  File "C:\Program Files\Python313\Lib\socketserver.py", line 362, in finish_request
    self.RequestHandlerClass(request, client_address, self)
    ~~~~~~~~~~~~~~~~~~~~~~~~^^^^^^^^^^^^^^^^^^^^^^^^^^^^^^^
  File "C:\Program Files\Python313\Lib\socketserver.py", line 766, in __init__
    self.handle()
    ~~~~~~~~~~~^^
  File "C:\Program Files\Python313\Lib\http\server.py", line 436, in handle
    self.handle_one_request()
    ~~~~~~~~~~~~~~~~~~~~~~~^^
  File "C:\Program Files\Python313\Lib\http\server.py", line 424, in handle_one_request
    method()
    ~~~~~~^^
  File "E:\Code\AideanCompany\fleet\console\console.py", line 1586, in do_GET
    self._json(fleet_health())
    ~~~~~~~~~~^^^^^^^^^^^^^^^^
  File "E:\Code\AideanCompany\fleet\console\console.py", line 1439, in _json
    self.wfile.write(b)
    ~~~~~~~~~~~~~~~~^^^
  File "C:\Program Files\Python313\Lib\socketserver.py", line 845, in write
    self._sock.sendall(b)
    ~~~~~~~~~~~~~~~~~~^^^
ConnectionAbortedError: [WinError 10053] ä½ çš„ä¸»æœºä¸­çš„è½¯ä»¶ä¸­æ­¢äº†ä¸€ä¸ªå·²å»ºç«‹çš„è¿žæŽ¥ã€‚
----------------------------------------
----------------------------------------
Exception occurred during processing of request from ('127.0.0.1', 63285)
Traceback (most recent call last):
  File "C:\Program Files\Python313\Lib\socketserver.py", line 697, in process_request_thread
    self.finish_request(request, client_address)
    ~~~~~~~~~~~~~~~~~~~^^^^^^^^^^^^^^^^^^^^^^^^^
  File "C:\Program Files\Python313\Lib\socketserver.py", line 362, in finish_request
    self.RequestHandlerClass(request, client_address, self)
    ~~~~~~~~~~~~~~~~~~~~~~~~^^^^^^^^^^^^^^^^^^^^^^^^^^^^^^^
  File "C:\Program Files\Python313\Lib\socketserver.py", line 766, in __init__
    self.handle()
    ~~~~~~~~~~~^^
  File "C:\Program Files\Python313\Lib\http\server.py", line 436, in handle
    self.handle_one_request()
    ~~~~~~~~~~~~~~~~~~~~~~~^^
  File "C:\Program Files\Python313\Lib\http\server.py", line 424, in handle_one_request
    method()
    ~~~~~~^^
  File "E:\Code\AideanCompany\fleet\console\console.py", line 1586, in do_GET
    self._json(fleet_health())
    ~~~~~~~~~~^^^^^^^^^^^^^^^^
  File "E:\Code\AideanCompany\fleet\console\console.py", line 1439, in _json
    self.wfile.write(b)
    ~~~~~~~~~~~~~~~~^^^
  File "C:\Program Files\Python313\Lib\socketserver.py", line 845, in write
    self._sock.sendall(b)
    ~~~~~~~~~~~~~~~~~~^^^
ConnectionAbortedError: [WinError 10053] ä½ çš„ä¸»æœºä¸­çš„è½¯ä»¶ä¸­æ­¢äº†ä¸€ä¸ªå·²å»ºç«‹çš„è¿žæŽ¥ã€‚
----------------------------------------
----------------------------------------
Exception occurred during processing of request from ('127.0.0.1', 63318)
Traceback (most recent call last):
  File "C:\Program Files\Python313\Lib\socketserver.py", line 697, in process_request_thread
    self.finish_request(request, client_address)
    ~~~~~~~~~~~~~~~~~~~^^^^^^^^^^^^^^^^^^^^^^^^^
  File "C:\Program Files\Python313\Lib\socketserver.py", line 362, in finish_request
    self.RequestHandlerClass(request, client_address, self)
    ~~~~~~~~~~~~~~~~~~~~~~~~^^^^^^^^^^^^^^^^^^^^^^^^^^^^^^^
  File "C:\Program Files\Python313\Lib\socketserver.py", line 766, in __init__
    self.handle()
    ~~~~~~~~~~~^^
  File "C:\Program Files\Python313\Lib\http\server.py", line 436, in handle
    self.handle_one_request()
    ~~~~~~~~~~~~~~~~~~~~~~~^^
  File "C:\Program Files\Python313\Lib\http\server.py", line 424, in handle_one_request
    method()
    ~~~~~~^^
  File "E:\Code\AideanCompany\fleet\console\console.py", line 1586, in do_GET
    self._json(fleet_health())
    ~~~~~~~~~~^^^^^^^^^^^^^^^^
  File "E:\Code\AideanCompany\fleet\console\console.py", line 1439, in _json
    self.wfile.write(b)
    ~~~~~~~~~~~~~~~~^^^
  File "C:\Program Files\Python313\Lib\socketserver.py", line 845, in write
    self._sock.sendall(b)
    ~~~~~~~~~~~~~~~~~~^^^
ConnectionAbortedError: [WinError 10053] ä½ çš„ä¸»æœºä¸­çš„è½¯ä»¶ä¸­æ­¢äº†ä¸€ä¸ªå·²å»ºç«‹çš„è¿žæŽ¥ã€‚
----------------------------------------
----------------------------------------
Exception occurred during processing of request from ('127.0.0.1', 64653)
Traceback (most recent call last):
  File "C:\Program Files\Python313\Lib\socketserver.py", line 697, in process_request_thread
    self.finish_request(request, client_address)
    ~~~~~~~~~~~~~~~~~~~^^^^^^^^^^^^^^^^^^^^^^^^^
  File "C:\Program Files\Python313\Lib\socketserver.py", line 362, in finish_request
    self.RequestHandlerClass(request, client_address, self)
    ~~~~~~~~~~~~~~~~~~~~~~~~^^^^^^^^^^^^^^^^^^^^^^^^^^^^^^^
  File "C:\Program Files\Python313\Lib\socketserver.py", line 766, in __init__
    self.handle()
    ~~~~~~~~~~~^^
  File "C:\Program Files\Python313\Lib\http\server.py", line 436, in handle
    self.handle_one_request()
    ~~~~~~~~~~~~~~~~~~~~~~~^^
  File "C:\Program Files\Python313\Lib\http\server.py", line 424, in handle_one_request
    method()
    ~~~~~~^^
  File "E:\Code\AideanCompany\fleet\console\console.py", line 1586, in do_GET
    self._json(fleet_health())
    ~~~~~~~~~~^^^^^^^^^^^^^^^^
  File "E:\Code\AideanCompany\fleet\console\console.py", line 1439, in _json
    self.wfile.write(b)
    ~~~~~~~~~~~~~~~~^^^
  File "C:\Program Files\Python313\Lib\socketserver.py", line 845, in write
    self._sock.sendall(b)
    ~~~~~~~~~~~~~~~~~~^^^
ConnectionAbortedError: [WinError 10053] ä½ çš„ä¸»æœºä¸­çš„è½¯ä»¶ä¸­æ­¢äº†ä¸€ä¸ªå·²å»ºç«‹çš„è¿žæŽ¥ã€‚
----------------------------------------
----------------------------------------
Exception occurred during processing of request from ('127.0.0.1', 61745)
Traceback (most recent call last):
  File "C:\Program Files\Python313\Lib\socketserver.py", line 697, in process_request_thread
    self.finish_request(request, client_address)
    ~~~~~~~~~~~~~~~~~~~^^^^^^^^^^^^^^^^^^^^^^^^^
  File "C:\Program Files\Python313\Lib\socketserver.py", line 362, in finish_request
    self.RequestHandlerClass(request, client_address, self)
    ~~~~~~~~~~~~~~~~~~~~~~~~^^^^^^^^^^^^^^^^^^^^^^^^^^^^^^^
  File "C:\Program Files\Python313\Lib\socketserver.py", line 766, in __init__
    self.handle()
    ~~~~~~~~~~~^^
  File "C:\Program Files\Python313\Lib\http\server.py", line 436, in handle
    self.handle_one_request()
    ~~~~~~~~~~~~~~~~~~~~~~~^^
  File "C:\Program Files\Python313\Lib\http\server.py", line 424, in handle_one_request
    method()
    ~~~~~~^^
  File "E:\Code\AideanCompany\fleet\console\console.py", line 1586, in do_GET
    self._json(fleet_health())
    ~~~~~~~~~~^^^^^^^^^^^^^^^^
  File "E:\Code\AideanCompany\fleet\console\console.py", line 1439, in _json
    self.wfile.write(b)
    ~~~~~~~~~~~~~~~~^^^
  File "C:\Program Files\Python313\Lib\socketserver.py", line 845, in write
    self._sock.sendall(b)
    ~~~~~~~~~~~~~~~~~~^^^
ConnectionAbortedError: [WinError 10053] ä½ çš„ä¸»æœºä¸­çš„è½¯ä»¶ä¸­æ­¢äº†ä¸€ä¸ªå·²å»ºç«‹çš„è¿žæŽ¥ã€‚
----------------------------------------
----------------------------------------
Exception occurred during processing of request from ('127.0.0.1', 61777)
Traceback (most recent call last):
  File "C:\Program Files\Python313\Lib\socketserver.py", line 697, in process_request_thread
    self.finish_request(request, client_address)
    ~~~~~~~~~~~~~~~~~~~^^^^^^^^^^^^^^^^^^^^^^^^^
  File "C:\Program Files\Python313\Lib\socketserver.py", line 362, in finish_request
    self.RequestHandlerClass(request, client_address, self)
    ~~~~~~~~~~~~~~~~~~~~~~~~^^^^^^^^^^^^^^^^^^^^^^^^^^^^^^^
  File "C:\Program Files\Python313\Lib\socketserver.py", line 766, in __init__
    self.handle()
    ~~~~~~~~~~~^^
  File "C:\Program Files\Python313\Lib\http\server.py", line 436, in handle
    self.handle_one_request()
    ~~~~~~~~~~~~~~~~~~~~~~~^^
  File "C:\Program Files\Python313\Lib\http\server.py", line 424, in handle_one_request
    method()
    ~~~~~~^^
  File "E:\Code\AideanCompany\fleet\console\console.py", line 1586, in do_GET
    self._json(fleet_health())
    ~~~~~~~~~~^^^^^^^^^^^^^^^^
  File "E:\Code\AideanCompany\fleet\console\console.py", line 1439, in _json
    self.wfile.write(b)
    ~~~~~~~~~~~~~~~~^^^
  File "C:\Program Files\Python313\Lib\socketserver.py", line 845, in write
    self._sock.sendall(b)
    ~~~~~~~~~~~~~~~~~~^^^
ConnectionAbortedError: [WinError 10053] ä½ çš„ä¸»æœºä¸­çš„è½¯ä»¶ä¸­æ­¢äº†ä¸€ä¸ªå·²å»ºç«‹çš„è¿žæŽ¥ã€‚
----------------------------------------
----------------------------------------
Exception occurred during processing of request from ('127.0.0.1', 58972)
Traceback (most recent call last):
  File "C:\Program Files\Python313\Lib\socketserver.py", line 697, in process_request_thread
    self.finish_request(request, client_address)
    ~~~~~~~~~~~~~~~~~~~^^^^^^^^^^^^^^^^^^^^^^^^^
  File "C:\Program Files\Python313\Lib\socketserver.py", line 362, in finish_request
    self.RequestHandlerClass(request, client_address, self)
    ~~~~~~~~~~~~~~~~~~~~~~~~^^^^^^^^^^^^^^^^^^^^^^^^^^^^^^^
  File "C:\Program Files\Python313\Lib\socketserver.py", line 766, in __init__
    self.handle()
    ~~~~~~~~~~~^^
  File "C:\Program Files\Python313\Lib\http\server.py", line 436, in handle
    self.handle_one_request()
    ~~~~~~~~~~~~~~~~~~~~~~~^^
  File "C:\Program Files\Python313\Lib\http\server.py", line 424, in handle_one_request
    method()
    ~~~~~~^^
  File "E:\Code\AideanCompany\fleet\console\console.py", line 1586, in do_GET
    self._json(fleet_health())
    ~~~~~~~~~~^^^^^^^^^^^^^^^^
  File "E:\Code\AideanCompany\fleet\console\console.py", line 1439, in _json
    self.wfile.write(b)
    ~~~~~~~~~~~~~~~~^^^
  File "C:\Program Files\Python313\Lib\socketserver.py", line 845, in write
    self._sock.sendall(b)
    ~~~~~~~~~~~~~~~~~~^^^
ConnectionAbortedError: [WinError 10053] ä½ çš„ä¸»æœºä¸­çš„è½¯ä»¶ä¸­æ­¢äº†ä¸€ä¸ªå·²å»ºç«‹çš„è¿žæŽ¥ã€‚
----------------------------------------
----------------------------------------
Exception occurred during processing of request from ('127.0.0.1', 59007)
Traceback (most recent call last):
  File "C:\Program Files\Python313\Lib\socketserver.py", line 697, in process_request_thread
    self.finish_request(request, client_address)
    ~~~~~~~~~~~~~~~~~~~^^^^^^^^^^^^^^^^^^^^^^^^^
  File "C:\Program Files\Python313\Lib\socketserver.py", line 362, in finish_request
    self.RequestHandlerClass(request, client_address, self)
    ~~~~~~~~~~~~~~~~~~~~~~~~^^^^^^^^^^^^^^^^^^^^^^^^^^^^^^^
  File "C:\Program Files\Python313\Lib\socketserver.py", line 766, in __init__
    self.handle()
    ~~~~~~~~~~~^^
  File "C:\Program Files\Python313\Lib\http\server.py", line 436, in handle
    self.handle_one_request()
    ~~~~~~~~~~~~~~~~~~~~~~~^^
  File "C:\Program Files\Python313\Lib\http\server.py", line 424, in handle_one_request
    method()
    ~~~~~~^^
  File "E:\Code\AideanCompany\fleet\console\console.py", line 1586, in do_GET
    self._json(fleet_health())
    ~~~~~~~~~~^^^^^^^^^^^^^^^^
  File "E:\Code\AideanCompany\fleet\console\console.py", line 1439, in _json
    self.wfile.write(b)
    ~~~~~~~~~~~~~~~~^^^
  File "C:\Program Files\Python313\Lib\socketserver.py", line 845, in write
    self._sock.sendall(b)
    ~~~~~~~~~~~~~~~~~~^^^
ConnectionAbortedError: [WinError 10053] ä½ çš„ä¸»æœºä¸­çš„è½¯ä»¶ä¸­æ­¢äº†ä¸€ä¸ªå·²å»ºç«‹çš„è¿žæŽ¥ã€‚
----------------------------------------
----------------------------------------
Exception occurred during processing of request from ('127.0.0.1', 64470)
Traceback (most recent call last):
  File "C:\Program Files\Python313\Lib\socketserver.py", line 697, in process_request_thread
    self.finish_request(request, client_address)
    ~~~~~~~~~~~~~~~~~~~^^^^^^^^^^^^^^^^^^^^^^^^^
  File "C:\Program Files\Python313\Lib\socketserver.py", line 362, in finish_request
    self.RequestHandlerClass(request, client_address, self)
    ~~~~~~~~~~~~~~~~~~~~~~~~^^^^^^^^^^^^^^^^^^^^^^^^^^^^^^^
  File "C:\Program Files\Python313\Lib\socketserver.py", line 766, in __init__
    self.handle()
    ~~~~~~~~~~~^^
  File "C:\Program Files\Python313\Lib\http\server.py", line 436, in handle
    self.handle_one_request()
    ~~~~~~~~~~~~~~~~~~~~~~~^^
  File "C:\Program Files\Python313\Lib\http\server.py", line 424, in handle_one_request
    method()
    ~~~~~~^^
  File "E:\Code\AideanCompany\fleet\console\console.py", line 1586, in do_GET
    self._json(fleet_health())
    ~~~~~~~~~~^^^^^^^^^^^^^^^^
  File "E:\Code\AideanCompany\fleet\console\console.py", line 1439, in _json
    self.wfile.write(b)
    ~~~~~~~~~~~~~~~~^^^
  File "C:\Program Files\Python313\Lib\socketserver.py", line 845, in write
    self._sock.sendall(b)
    ~~~~~~~~~~~~~~~~~~^^^
ConnectionAbortedError: [WinError 10053] ä½ çš„ä¸»æœºä¸­çš„è½¯ä»¶ä¸­æ­¢äº†ä¸€ä¸ªå·²å»ºç«‹çš„è¿žæŽ¥ã€‚
----------------------------------------
----------------------------------------
Exception occurred during processing of request from ('127.0.0.1', 64510)
Traceback (most recent call last):
  File "C:\Program Files\Python313\Lib\socketserver.py", line 697, in process_request_thread
    self.finish_request(request, client_address)
    ~~~~~~~~~~~~~~~~~~~^^^^^^^^^^^^^^^^^^^^^^^^^
  File "C:\Program Files\Python313\Lib\socketserver.py", line 362, in finish_request
    self.RequestHandlerClass(request, client_address, self)
    ~~~~~~~~~~~~~~~~~~~~~~~~^^^^^^^^^^^^^^^^^^^^^^^^^^^^^^^
  File "C:\Program Files\Python313\Lib\socketserver.py", line 766, in __init__
    self.handle()
    ~~~~~~~~~~~^^
  File "C:\Program Files\Python313\Lib\http\server.py", line 436, in handle
    self.handle_one_request()
    ~~~~~~~~~~~~~~~~~~~~~~~^^
  File "C:\Program Files\Python313\Lib\http\server.py", line 424, in handle_one_request
    method()
    ~~~~~~^^
  File "E:\Code\AideanCompany\fleet\console\console.py", line 1586, in do_GET
    self._json(fleet_health())
    ~~~~~~~~~~^^^^^^^^^^^^^^^^
  File "E:\Code\AideanCompany\fleet\console\console.py", line 1439, in _json
    self.wfile.write(b)
    ~~~~~~~~~~~~~~~~^^^
  File "C:\Program Files\Python313\Lib\socketserver.py", line 845, in write
    self._sock.sendall(b)
    ~~~~~~~~~~~~~~~~~~^^^
ConnectionAbortedError: [WinError 10053] ä½ çš„ä¸»æœºä¸­çš„è½¯ä»¶ä¸­æ­¢äº†ä¸€ä¸ªå·²å»ºç«‹çš„è¿žæŽ¥ã€‚
----------------------------------------
----------------------------------------
Exception occurred during processing of request from ('127.0.0.1', 53921)
Traceback (most recent call last):
  File "C:\Program Files\Python313\Lib\socketserver.py", line 697, in process_request_thread
    self.finish_request(request, client_address)
    ~~~~~~~~~~~~~~~~~~~^^^^^^^^^^^^^^^^^^^^^^^^^
  File "C:\Program Files\Python313\Lib\socketserver.py", line 362, in finish_request
    self.RequestHandlerClass(request, client_address, self)
    ~~~~~~~~~~~~~~~~~~~~~~~~^^^^^^^^^^^^^^^^^^^^^^^^^^^^^^^
  File "C:\Program Files\Python313\Lib\socketserver.py", line 766, in __init__
    self.handle()
    ~~~~~~~~~~~^^
  File "C:\Program Files\Python313\Lib\http\server.py", line 436, in handle
    self.handle_one_request()
    ~~~~~~~~~~~~~~~~~~~~~~~^^
  File "C:\Program Files\Python313\Lib\http\server.py", line 424, in handle_one_request
    method()
    ~~~~~~^^
  File "E:\Code\AideanCompany\fleet\console\console.py", line 1586, in do_GET
    self._json(fleet_health())
    ~~~~~~~~~~^^^^^^^^^^^^^^^^
  File "E:\Code\AideanCompany\fleet\console\console.py", line 1439, in _json
    self.wfile.write(b)
    ~~~~~~~~~~~~~~~~^^^
  File "C:\Program Files\Python313\Lib\socketserver.py", line 845, in write
    self._sock.sendall(b)
    ~~~~~~~~~~~~~~~~~~^^^
ConnectionAbortedError: [WinError 10053] ä½ çš„ä¸»æœºä¸­çš„è½¯ä»¶ä¸­æ­¢äº†ä¸€ä¸ªå·²å»ºç«‹çš„è¿žæŽ¥ã€‚
----------------------------------------
----------------------------------------
Exception occurred during processing of request from ('127.0.0.1', 61651)
Traceback (most recent call last):
  File "C:\Program Files\Python313\Lib\socketserver.py", line 697, in process_request_thread
    self.finish_request(request, client_address)
    ~~~~~~~~~~~~~~~~~~~^^^^^^^^^^^^^^^^^^^^^^^^^
  File "C:\Program Files\Python313\Lib\socketserver.py", line 362, in finish_request
    self.RequestHandlerClass(request, client_address, self)
    ~~~~~~~~~~~~~~~~~~~~~~~~^^^^^^^^^^^^^^^^^^^^^^^^^^^^^^^
  File "C:\Program Files\Python313\Lib\socketserver.py", line 766, in __init__
    self.handle()
    ~~~~~~~~~~~^^
  File "C:\Program Files\Python313\Lib\http\server.py", line 436, in handle
    self.handle_one_request()
    ~~~~~~~~~~~~~~~~~~~~~~~^^
  File "C:\Program Files\Python313\Lib\http\server.py", line 424, in handle_one_request
    method()
    ~~~~~~^^
  File "E:\Code\AideanCompany\fleet\console\console.py", line 1586, in do_GET
    self._json(fleet_health())
    ~~~~~~~~~~^^^^^^^^^^^^^^^^
  File "E:\Code\AideanCompany\fleet\console\console.py", line 1439, in _json
    self.wfile.write(b)
    ~~~~~~~~~~~~~~~~^^^
  File "C:\Program Files\Python313\Lib\socketserver.py", line 845, in write
    self._sock.sendall(b)
    ~~~~~~~~~~~~~~~~~~^^^
ConnectionAbortedError: [WinError 10053] ä½ çš„ä¸»æœºä¸­çš„è½¯ä»¶ä¸­æ­¢äº†ä¸€ä¸ªå·²å»ºç«‹çš„è¿žæŽ¥ã€‚
----------------------------------------
----------------------------------------
Exception occurred during processing of request from ('127.0.0.1', 57756)
Traceback (most recent call last):
  File "C:\Program Files\Python313\Lib\socketserver.py", line 697, in process_request_thread
    self.finish_request(request, client_address)
    ~~~~~~~~~~~~~~~~~~~^^^^^^^^^^^^^^^^^^^^^^^^^
  File "C:\Program Files\Python313\Lib\socketserver.py", line 362, in finish_request
    self.RequestHandlerClass(request, client_address, self)
    ~~~~~~~~~~~~~~~~~~~~~~~~^^^^^^^^^^^^^^^^^^^^^^^^^^^^^^^
  File "C:\Program Files\Python313\Lib\socketserver.py", line 766, in __init__
    self.handle()
    ~~~~~~~~~~~^^
  File "C:\Program Files\Python313\Lib\http\server.py", line 436, in handle
    self.handle_one_request()
    ~~~~~~~~~~~~~~~~~~~~~~~^^
  File "C:\Program Files\Python313\Lib\http\server.py", line 424, in handle_one_request
    method()
    ~~~~~~^^
  File "E:\Code\AideanCompany\fleet\console\console.py", line 1586, in do_GET
    self._json(fleet_health())
    ~~~~~~~~~~^^^^^^^^^^^^^^^^
  File "E:\Code\AideanCompany\fleet\console\console.py", line 1439, in _json
    self.wfile.write(b)
    ~~~~~~~~~~~~~~~~^^^
  File "C:\Program Files\Python313\Lib\socketserver.py", line 845, in write
    self._sock.sendall(b)
    ~~~~~~~~~~~~~~~~~~^^^
ConnectionAbortedError: [WinError 10053] ä½ çš„ä¸»æœºä¸­çš„è½¯ä»¶ä¸­æ­¢äº†ä¸€ä¸ªå·²å»ºç«‹çš„è¿žæŽ¥ã€‚
----------------------------------------
----------------------------------------
Exception occurred during processing of request from ('127.0.0.1', 57952)
Traceback (most recent call last):
  File "C:\Program Files\Python313\Lib\socketserver.py", line 697, in process_request_thread
    self.finish_request(request, client_address)
    ~~~~~~~~~~~~~~~~~~~^^^^^^^^^^^^^^^^^^^^^^^^^
  File "C:\Program Files\Python313\Lib\socketserver.py", line 362, in finish_request
    self.RequestHandlerClass(request, client_address, self)
    ~~~~~~~~~~~~~~~~~~~~~~~~^^^^^^^^^^^^^^^^^^^^^^^^^^^^^^^
  File "C:\Program Files\Python313\Lib\socketserver.py", line 766, in __init__
    self.handle()
    ~~~~~~~~~~~^^
  File "C:\Program Files\Python313\Lib\http\server.py", line 436, in handle
    self.handle_one_request()
    ~~~~~~~~~~~~~~~~~~~~~~~^^
  File "C:\Program Files\Python313\Lib\http\server.py", line 424, in handle_one_request
    method()
    ~~~~~~^^
  File "E:\Code\AideanCompany\fleet\console\console.py", line 1586, in do_GET
    self._json(fleet_health())
    ~~~~~~~~~~^^^^^^^^^^^^^^^^
  File "E:\Code\AideanCompany\fleet\console\console.py", line 1439, in _json
    self.wfile.write(b)
    ~~~~~~~~~~~~~~~~^^^
  File "C:\Program Files\Python313\Lib\socketserver.py", line 845, in write
    self._sock.sendall(b)
    ~~~~~~~~~~~~~~~~~~^^^
ConnectionAbortedError: [WinError 10053] ä½ çš„ä¸»æœºä¸­çš„è½¯ä»¶ä¸­æ­¢äº†ä¸€ä¸ªå·²å»ºç«‹çš„è¿žæŽ¥ã€‚
----------------------------------------
----------------------------------------
Exception occurred during processing of request from ('127.0.0.1', 58074)
Traceback (most recent call last):
  File "C:\Program Files\Python313\Lib\socketserver.py", line 697, in process_request_thread
    self.finish_request(request, client_address)
    ~~~~~~~~~~~~~~~~~~~^^^^^^^^^^^^^^^^^^^^^^^^^
  File "C:\Program Files\Python313\Lib\socketserver.py", line 362, in finish_request
    self.RequestHandlerClass(request, client_address, self)
    ~~~~~~~~~~~~~~~~~~~~~~~~^^^^^^^^^^^^^^^^^^^^^^^^^^^^^^^
  File "C:\Program Files\Python313\Lib\socketserver.py", line 766, in __init__
    self.handle()
    ~~~~~~~~~~~^^
  File "C:\Program Files\Python313\Lib\http\server.py", line 436, in handle
    self.handle_one_request()
    ~~~~~~~~~~~~~~~~~~~~~~~^^
  File "C:\Program Files\Python313\Lib\http\server.py", line 424, in handle_one_request
    method()
    ~~~~~~^^
  File "E:\Code\AideanCompany\fleet\console\console.py", line 1586, in do_GET
    self._json(fleet_health())
    ~~~~~~~~~~^^^^^^^^^^^^^^^^
  File "E:\Code\AideanCompany\fleet\console\console.py", line 1439, in _json
    self.wfile.write(b)
    ~~~~~~~~~~~~~~~~^^^
  File "C:\Program Files\Python313\Lib\socketserver.py", line 845, in write
    self._sock.sendall(b)
    ~~~~~~~~~~~~~~~~~~^^^
ConnectionAbortedError: [WinError 10053] ä½ çš„ä¸»æœºä¸­çš„è½¯ä»¶ä¸­æ­¢äº†ä¸€ä¸ªå·²å»ºç«‹çš„è¿žæŽ¥ã€‚
----------------------------------------
----------------------------------------
Exception occurred during processing of request from ('127.0.0.1', 58102)
Traceback (most recent call last):
  File "C:\Program Files\Python313\Lib\socketserver.py", line 697, in process_request_thread
    self.finish_request(request, client_address)
    ~~~~~~~~~~~~~~~~~~~^^^^^^^^^^^^^^^^^^^^^^^^^
  File "C:\Program Files\Python313\Lib\socketserver.py", line 362, in finish_request
    self.RequestHandlerClass(request, client_address, self)
    ~~~~~~~~~~~~~~~~~~~~~~~~^^^^^^^^^^^^^^^^^^^^^^^^^^^^^^^
  File "C:\Program Files\Python313\Lib\socketserver.py", line 766, in __init__
    self.handle()
    ~~~~~~~~~~~^^
  File "C:\Program Files\Python313\Lib\http\server.py", line 436, in handle
    self.handle_one_request()
    ~~~~~~~~~~~~~~~~~~~~~~~^^
  File "C:\Program Files\Python313\Lib\http\server.py", line 424, in handle_one_request
    method()
    ~~~~~~^^
  File "E:\Code\AideanCompany\fleet\console\console.py", line 1586, in do_GET
    self._json(fleet_health())
    ~~~~~~~~~~^^^^^^^^^^^^^^^^
  File "E:\Code\AideanCompany\fleet\console\console.py", line 1439, in _json
    self.wfile.write(b)
    ~~~~~~~~~~~~~~~~^^^
  File "C:\Program Files\Python313\Lib\socketserver.py", line 845, in write
    self._sock.sendall(b)
    ~~~~~~~~~~~~~~~~~~^^^
ConnectionAbortedError: [WinError 10053] ä½ çš„ä¸»æœºä¸­çš„è½¯ä»¶ä¸­æ­¢äº†ä¸€ä¸ªå·²å»ºç«‹çš„è¿žæŽ¥ã€‚
----------------------------------------
----------------------------------------
Exception occurred during processing of request from ('127.0.0.1', 58139)
Traceback (most recent call last):
  File "C:\Program Files\Python313\Lib\socketserver.py", line 697, in process_request_thread
    self.finish_request(request, client_address)
    ~~~~~~~~~~~~~~~~~~~^^^^^^^^^^^^^^^^^^^^^^^^^
  File "C:\Program Files\Python313\Lib\socketserver.py", line 362, in finish_request
    self.RequestHandlerClass(request, client_address, self)
    ~~~~~~~~~~~~~~~~~~~~~~~~^^^^^^^^^^^^^^^^^^^^^^^^^^^^^^^
  File "C:\Program Files\Python313\Lib\socketserver.py", line 766, in __init__
    self.handle()
    ~~~~~~~~~~~^^
  File "C:\Program Files\Python313\Lib\http\server.py", line 436, in handle
    self.handle_one_request()
    ~~~~~~~~~~~~~~~~~~~~~~~^^
  File "C:\Program Files\Python313\Lib\http\server.py", line 424, in handle_one_request
    method()
    ~~~~~~^^
  File "E:\Code\AideanCompany\fleet\console\console.py", line 1586, in do_GET
    self._json(fleet_health())
    ~~~~~~~~~~^^^^^^^^^^^^^^^^
  File "E:\Code\AideanCompany\fleet\console\console.py", line 1439, in _json
    self.wfile.write(b)
    ~~~~~~~~~~~~~~~~^^^
  File "C:\Program Files\Python313\Lib\socketserver.py", line 845, in write
    self._sock.sendall(b)
    ~~~~~~~~~~~~~~~~~~^^^
ConnectionAbortedError: [WinError 10053] ä½ çš„ä¸»æœºä¸­çš„è½¯ä»¶ä¸­æ­¢äº†ä¸€ä¸ªå·²å»ºç«‹çš„è¿žæŽ¥ã€‚
----------------------------------------
----------------------------------------
Exception occurred during processing of request from ('127.0.0.1', 58273)
Traceback (most recent call last):
  File "C:\Program Files\Python313\Lib\socketserver.py", line 697, in process_request_thread
    self.finish_request(request, client_address)
    ~~~~~~~~~~~~~~~~~~~^^^^^^^^^^^^^^^^^^^^^^^^^
  File "C:\Program Files\Python313\Lib\socketserver.py", line 362, in finish_request
    self.RequestHandlerClass(request, client_address, self)
    ~~~~~~~~~~~~~~~~~~~~~~~~^^^^^^^^^^^^^^^^^^^^^^^^^^^^^^^
  File "C:\Program Files\Python313\Lib\socketserver.py", line 766, in __init__
    self.handle()
    ~~~~~~~~~~~^^
  File "C:\Program Files\Python313\Lib\http\server.py", line 436, in handle
    self.handle_one_request()
    ~~~~~~~~~~~~~~~~~~~~~~~^^
  File "C:\Program Files\Python313\Lib\http\server.py", line 424, in handle_one_request
    method()
    ~~~~~~^^
  File "E:\Code\AideanCompany\fleet\console\console.py", line 1586, in do_GET
    self._json(fleet_health())
    ~~~~~~~~~~^^^^^^^^^^^^^^^^
  File "E:\Code\AideanCompany\fleet\console\console.py", line 1439, in _json
    self.wfile.write(b)
    ~~~~~~~~~~~~~~~~^^^
  File "C:\Program Files\Python313\Lib\socketserver.py", line 845, in write
    self._sock.sendall(b)
    ~~~~~~~~~~~~~~~~~~^^^
ConnectionAbortedError: [WinError 10053] ä½ çš„ä¸»æœºä¸­çš„è½¯ä»¶ä¸­æ­¢äº†ä¸€ä¸ªå·²å»ºç«‹çš„è¿žæŽ¥ã€‚
----------------------------------------
----------------------------------------
Exception occurred during processing of request from ('127.0.0.1', 58302)
Traceback (most recent call last):
  File "C:\Program Files\Python313\Lib\socketserver.py", line 697, in process_request_thread
    self.finish_request(request, client_address)
    ~~~~~~~~~~~~~~~~~~~^^^^^^^^^^^^^^^^^^^^^^^^^
  File "C:\Program Files\Python313\Lib\socketserver.py", line 362, in finish_request
    self.RequestHandlerClass(request, client_address, self)
    ~~~~~~~~~~~~~~~~~~~~~~~~^^^^^^^^^^^^^^^^^^^^^^^^^^^^^^^
  File "C:\Program Files\Python313\Lib\socketserver.py", line 766, in __init__
    self.handle()
    ~~~~~~~~~~~^^
  File "C:\Program Files\Python313\Lib\http\server.py", line 436, in handle
    self.handle_one_request()
    ~~~~~~~~~~~~~~~~~~~~~~~^^
  File "C:\Program Files\Python313\Lib\http\server.py", line 424, in handle_one_request
    method()
    ~~~~~~^^
  File "E:\Code\AideanCompany\fleet\console\console.py", line 1586, in do_GET
    self._json(fleet_health())
    ~~~~~~~~~~^^^^^^^^^^^^^^^^
  File "E:\Code\AideanCompany\fleet\console\console.py", line 1439, in _json
    self.wfile.write(b)
    ~~~~~~~~~~~~~~~~^^^
  File "C:\Program Files\Python313\Lib\socketserver.py", line 845, in write
    self._sock.sendall(b)
    ~~~~~~~~~~~~~~~~~~^^^
ConnectionAbortedError: [WinError 10053] ä½ çš„ä¸»æœºä¸­çš„è½¯ä»¶ä¸­æ­¢äº†ä¸€ä¸ªå·²å»ºç«‹çš„è¿žæŽ¥ã€‚
----------------------------------------
----------------------------------------
Exception occurred during processing of request from ('127.0.0.1', 58368)
Traceback (most recent call last):
  File "C:\Program Files\Python313\Lib\socketserver.py", line 697, in process_request_thread
    self.finish_request(request, client_address)
    ~~~~~~~~~~~~~~~~~~~^^^^^^^^^^^^^^^^^^^^^^^^^
  File "C:\Program Files\Python313\Lib\socketserver.py", line 362, in finish_request
    self.RequestHandlerClass(request, client_address, self)
    ~~~~~~~~~~~~~~~~~~~~~~~~^^^^^^^^^^^^^^^^^^^^^^^^^^^^^^^
  File "C:\Program Files\Python313\Lib\socketserver.py", line 766, in __init__
    self.handle()
    ~~~~~~~~~~~^^
  File "C:\Program Files\Python313\Lib\http\server.py", line 436, in handle
    self.handle_one_request()
    ~~~~~~~~~~~~~~~~~~~~~~~^^
  File "C:\Program Files\Python313\Lib\http\server.py", line 424, in handle_one_request
    method()
    ~~~~~~^^
  File "E:\Code\AideanCompany\fleet\console\console.py", line 1586, in do_GET
    self._json(fleet_health())
    ~~~~~~~~~~^^^^^^^^^^^^^^^^
  File "E:\Code\AideanCompany\fleet\console\console.py", line 1439, in _json
    self.wfile.write(b)
    ~~~~~~~~~~~~~~~~^^^
  File "C:\Program Files\Python313\Lib\socketserver.py", line 845, in write
    self._sock.sendall(b)
    ~~~~~~~~~~~~~~~~~~^^^
ConnectionAbortedError: [WinError 10053] ä½ çš„ä¸»æœºä¸­çš„è½¯ä»¶ä¸­æ­¢äº†ä¸€ä¸ªå·²å»ºç«‹çš„è¿žæŽ¥ã€‚
----------------------------------------
----------------------------------------
Exception occurred during processing of request from ('127.0.0.1', 58418)
Traceback (most recent call last):
  File "C:\Program Files\Python313\Lib\socketserver.py", line 697, in process_request_thread
    self.finish_request(request, client_address)
    ~~~~~~~~~~~~~~~~~~~^^^^^^^^^^^^^^^^^^^^^^^^^
  File "C:\Program Files\Python313\Lib\socketserver.py", line 362, in finish_request
    self.RequestHandlerClass(request, client_address, self)
    ~~~~~~~~~~~~~~~~~~~~~~~~^^^^^^^^^^^^^^^^^^^^^^^^^^^^^^^
  File "C:\Program Files\Python313\Lib\socketserver.py", line 766, in __init__
    self.handle()
    ~~~~~~~~~~~^^
  File "C:\Program Files\Python313\Lib\http\server.py", line 436, in handle
    self.handle_one_request()
    ~~~~~~~~~~~~~~~~~~~~~~~^^
  File "C:\Program Files\Python313\Lib\http\server.py", line 424, in handle_one_request
    method()
    ~~~~~~^^
  File "E:\Code\AideanCompany\fleet\console\console.py", line 1586, in do_GET
    self._json(fleet_health())
    ~~~~~~~~~~^^^^^^^^^^^^^^^^
  File "E:\Code\AideanCompany\fleet\console\console.py", line 1439, in _json
    self.wfile.write(b)
    ~~~~~~~~~~~~~~~~^^^
  File "C:\Program Files\Python313\Lib\socketserver.py", line 845, in write
    self._sock.sendall(b)
    ~~~~~~~~~~~~~~~~~~^^^
ConnectionAbortedError: [WinError 10053] ä½ çš„ä¸»æœºä¸­çš„è½¯ä»¶ä¸­æ­¢äº†ä¸€ä¸ªå·²å»ºç«‹çš„è¿žæŽ¥ã€‚
----------------------------------------
----------------------------------------
Exception occurred during processing of request from ('127.0.0.1', 54176)
Traceback (most recent call last):
  File "C:\Program Files\Python313\Lib\socketserver.py", line 697, in process_request_thread
    self.finish_request(request, client_address)
    ~~~~~~~~~~~~~~~~~~~^^^^^^^^^^^^^^^^^^^^^^^^^
  File "C:\Program Files\Python313\Lib\socketserver.py", line 362, in finish_request
    self.RequestHandlerClass(request, client_address, self)
    ~~~~~~~~~~~~~~~~~~~~~~~~^^^^^^^^^^^^^^^^^^^^^^^^^^^^^^^
  File "C:\Program Files\Python313\Lib\socketserver.py", line 766, in __init__
    self.handle()
    ~~~~~~~~~~~^^
  File "C:\Program Files\Python313\Lib\http\server.py", line 436, in handle
    self.handle_one_request()
    ~~~~~~~~~~~~~~~~~~~~~~~^^
  File "C:\Program Files\Python313\Lib\http\server.py", line 424, in handle_one_request
    method()
    ~~~~~~^^
  File "E:\Code\AideanCompany\fleet\console\console.py", line 1586, in do_GET
    self._json(fleet_health())
    ~~~~~~~~~~^^^^^^^^^^^^^^^^
  File "E:\Code\AideanCompany\fleet\console\console.py", line 1439, in _json
    self.wfile.write(b)
    ~~~~~~~~~~~~~~~~^^^
  File "C:\Program Files\Python313\Lib\socketserver.py", line 845, in write
    self._sock.sendall(b)
    ~~~~~~~~~~~~~~~~~~^^^
ConnectionAbortedError: [WinError 10053] ä½ çš„ä¸»æœºä¸­çš„è½¯ä»¶ä¸­æ­¢äº†ä¸€ä¸ªå·²å»ºç«‹çš„è¿žæŽ¥ã€‚
----------------------------------------
----------------------------------------
Exception occurred during processing of request from ('127.0.0.1', 56792)
Traceback (most recent call last):
  File "C:\Program Files\Python313\Lib\socketserver.py", line 697, in process_request_thread
    self.finish_request(request, client_address)
    ~~~~~~~~~~~~~~~~~~~^^^^^^^^^^^^^^^^^^^^^^^^^
  File "C:\Program Files\Python313\Lib\socketserver.py", line 362, in finish_request
    self.RequestHandlerClass(request, client_address, self)
    ~~~~~~~~~~~~~~~~~~~~~~~~^^^^^^^^^^^^^^^^^^^^^^^^^^^^^^^
  File "C:\Program Files\Python313\Lib\socketserver.py", line 766, in __init__
    self.handle()
    ~~~~~~~~~~~^^
  File "C:\Program Files\Python313\Lib\http\server.py", line 436, in handle
    self.handle_one_request()
    ~~~~~~~~~~~~~~~~~~~~~~~^^
  File "C:\Program Files\Python313\Lib\http\server.py", line 424, in handle_one_request
    method()
    ~~~~~~^^
  File "E:\Code\AideanCompany\fleet\console\console.py", line 1586, in do_GET
    self._json(fleet_health())
    ~~~~~~~~~~^^^^^^^^^^^^^^^^
  File "E:\Code\AideanCompany\fleet\console\console.py", line 1439, in _json
    self.wfile.write(b)
    ~~~~~~~~~~~~~~~~^^^
  File "C:\Program Files\Python313\Lib\socketserver.py", line 845, in write
    self._sock.sendall(b)
    ~~~~~~~~~~~~~~~~~~^^^
ConnectionAbortedError: [WinError 10053] ä½ çš„ä¸»æœºä¸­çš„è½¯ä»¶ä¸­æ­¢äº†ä¸€ä¸ªå·²å»ºç«‹çš„è¿žæŽ¥ã€‚
----------------------------------------
----------------------------------------
Exception occurred during processing of request from ('127.0.0.1', 50942)
Traceback (most recent call last):
  File "C:\Program Files\Python313\Lib\socketserver.py", line 697, in process_request_thread
    self.finish_request(request, client_address)
    ~~~~~~~~~~~~~~~~~~~^^^^^^^^^^^^^^^^^^^^^^^^^
  File "C:\Program Files\Python313\Lib\socketserver.py", line 362, in finish_request
    self.RequestHandlerClass(request, client_address, self)
    ~~~~~~~~~~~~~~~~~~~~~~~~^^^^^^^^^^^^^^^^^^^^^^^^^^^^^^^
  File "C:\Program Files\Python313\Lib\socketserver.py", line 766, in __init__
    self.handle()
    ~~~~~~~~~~~^^
  File "C:\Program Files\Python313\Lib\http\server.py", line 436, in handle
    self.handle_one_request()
    ~~~~~~~~~~~~~~~~~~~~~~~^^
  File "C:\Program Files\Python313\Lib\http\server.py", line 424, in handle_one_request
    method()
    ~~~~~~^^
  File "E:\Code\AideanCompany\fleet\console\console.py", line 1586, in do_GET
    self._json(fleet_health())
    ~~~~~~~~~~^^^^^^^^^^^^^^^^
  File "E:\Code\AideanCompany\fleet\console\console.py", line 1439, in _json
    self.wfile.write(b)
    ~~~~~~~~~~~~~~~~^^^
  File "C:\Program Files\Python313\Lib\socketserver.py", line 845, in write
    self._sock.sendall(b)
    ~~~~~~~~~~~~~~~~~~^^^
ConnectionAbortedError: [WinError 10053] ä½ çš„ä¸»æœºä¸­çš„è½¯ä»¶ä¸­æ­¢äº†ä¸€ä¸ªå·²å»ºç«‹çš„è¿žæŽ¥ã€‚
----------------------------------------
----------------------------------------
Exception occurred during processing of request from ('127.0.0.1', 51940)
Traceback (most recent call last):
  File "C:\Program Files\Python313\Lib\socketserver.py", line 697, in process_request_thread
    self.finish_request(request, client_address)
    ~~~~~~~~~~~~~~~~~~~^^^^^^^^^^^^^^^^^^^^^^^^^
  File "C:\Program Files\Python313\Lib\socketserver.py", line 362, in finish_request
    self.RequestHandlerClass(request, client_address, self)
    ~~~~~~~~~~~~~~~~~~~~~~~~^^^^^^^^^^^^^^^^^^^^^^^^^^^^^^^
  File "C:\Program Files\Python313\Lib\socketserver.py", line 766, in __init__
    self.handle()
    ~~~~~~~~~~~^^
  File "C:\Program Files\Python313\Lib\http\server.py", line 436, in handle
    self.handle_one_request()
    ~~~~~~~~~~~~~~~~~~~~~~~^^
  File "C:\Program Files\Python313\Lib\http\server.py", line 424, in handle_one_request
    method()
    ~~~~~~^^
  File "E:\Code\AideanCompany\fleet\console\console.py", line 1586, in do_GET
    self._json(fleet_health())
    ~~~~~~~~~~^^^^^^^^^^^^^^^^
  File "E:\Code\AideanCompany\fleet\console\console.py", line 1439, in _json
    self.wfile.write(b)
    ~~~~~~~~~~~~~~~~^^^
  File "C:\Program Files\Python313\Lib\socketserver.py", line 845, in write
    self._sock.sendall(b)
    ~~~~~~~~~~~~~~~~~~^^^
ConnectionAbortedError: [WinError 10053] ä½ çš„ä¸»æœºä¸­çš„è½¯ä»¶ä¸­æ­¢äº†ä¸€ä¸ªå·²å»ºç«‹çš„è¿žæŽ¥ã€‚
----------------------------------------
----------------------------------------
Exception occurred during processing of request from ('127.0.0.1', 62886)
Traceback (most recent call last):
  File "C:\Program Files\Python313\Lib\socketserver.py", line 697, in process_request_thread
    self.finish_request(request, client_address)
    ~~~~~~~~~~~~~~~~~~~^^^^^^^^^^^^^^^^^^^^^^^^^
  File "C:\Program Files\Python313\Lib\socketserver.py", line 362, in finish_request
    self.RequestHandlerClass(request, client_address, self)
    ~~~~~~~~~~~~~~~~~~~~~~~~^^^^^^^^^^^^^^^^^^^^^^^^^^^^^^^
  File "C:\Program Files\Python313\Lib\socketserver.py", line 766, in __init__
    self.handle()
    ~~~~~~~~~~~^^
  File "C:\Program Files\Python313\Lib\http\server.py", line 436, in handle
    self.handle_one_request()
    ~~~~~~~~~~~~~~~~~~~~~~~^^
  File "C:\Program Files\Python313\Lib\http\server.py", line 424, in handle_one_request
    method()
    ~~~~~~^^
  File "E:\Code\AideanCompany\fleet\console\console.py", line 1586, in do_GET
    self._json(fleet_health())
    ~~~~~~~~~~^^^^^^^^^^^^^^^^
  File "E:\Code\AideanCompany\fleet\console\console.py", line 1439, in _json
    self.wfile.write(b)
    ~~~~~~~~~~~~~~~~^^^
  File "C:\Program Files\Python313\Lib\socketserver.py", line 845, in write
    self._sock.sendall(b)
    ~~~~~~~~~~~~~~~~~~^^^
ConnectionAbortedError: [WinError 10053] ä½ çš„ä¸»æœºä¸­çš„è½¯ä»¶ä¸­æ­¢äº†ä¸€ä¸ªå·²å»ºç«‹çš„è¿žæŽ¥ã€‚
----------------------------------------
----------------------------------------
Exception occurred during processing of request from ('127.0.0.1', 62888)
Traceback (most recent call last):
  File "C:\Program Files\Python313\Lib\socketserver.py", line 697, in process_request_thread
    self.finish_request(request, client_address)
    ~~~~~~~~~~~~~~~~~~~^^^^^^^^^^^^^^^^^^^^^^^^^
  File "C:\Program Files\Python313\Lib\socketserver.py", line 362, in finish_request
    self.RequestHandlerClass(request, client_address, self)
    ~~~~~~~~~~~~~~~~~~~~~~~~^^^^^^^^^^^^^^^^^^^^^^^^^^^^^^^
  File "C:\Program Files\Python313\Lib\socketserver.py", line 766, in __init__
    self.handle()
    ~~~~~~~~~~~^^
  File "C:\Program Files\Python313\Lib\http\server.py", line 436, in handle
    self.handle_one_request()
    ~~~~~~~~~~~~~~~~~~~~~~~^^
  File "C:\Program Files\Python313\Lib\http\server.py", line 424, in handle_one_request
    method()
    ~~~~~~^^
  File "E:\Code\AideanCompany\fleet\console\console.py", line 1586, in do_GET
    self._json(fleet_health())
    ~~~~~~~~~~^^^^^^^^^^^^^^^^
  File "E:\Code\AideanCompany\fleet\console\console.py", line 1439, in _json
    self.wfile.write(b)
    ~~~~~~~~~~~~~~~~^^^
  File "C:\Program Files\Python313\Lib\socketserver.py", line 845, in write
    self._sock.sendall(b)
    ~~~~~~~~~~~~~~~~~~^^^
ConnectionAbortedError: [WinError 10053] ä½ çš„ä¸»æœºä¸­çš„è½¯ä»¶ä¸­æ­¢äº†ä¸€ä¸ªå·²å»ºç«‹çš„è¿žæŽ¥ã€‚
----------------------------------------
----------------------------------------
Exception occurred during processing of request from ('127.0.0.1', 62943)
Traceback (most recent call last):
  File "C:\Program Files\Python313\Lib\socketserver.py", line 697, in process_request_thread
    self.finish_request(request, client_address)
    ~~~~~~~~~~~~~~~~~~~^^^^^^^^^^^^^^^^^^^^^^^^^
  File "C:\Program Files\Python313\Lib\socketserver.py", line 362, in finish_request
    self.RequestHandlerClass(request, client_address, self)
    ~~~~~~~~~~~~~~~~~~~~~~~~^^^^^^^^^^^^^^^^^^^^^^^^^^^^^^^
  File "C:\Program Files\Python313\Lib\socketserver.py", line 766, in __init__
    self.handle()
    ~~~~~~~~~~~^^
  File "C:\Program Files\Python313\Lib\http\server.py", line 436, in handle
    self.handle_one_request()
    ~~~~~~~~~~~~~~~~~~~~~~~^^
  File "C:\Program Files\Python313\Lib\http\server.py", line 424, in handle_one_request
    method()
    ~~~~~~^^
  File "E:\Code\AideanCompany\fleet\console\console.py", line 1586, in do_GET
    self._json(fleet_health())
    ~~~~~~~~~~^^^^^^^^^^^^^^^^
  File "E:\Code\AideanCompany\fleet\console\console.py", line 1439, in _json
    self.wfile.write(b)
    ~~~~~~~~~~~~~~~~^^^
  File "C:\Program Files\Python313\Lib\socketserver.py", line 845, in write
    self._sock.sendall(b)
    ~~~~~~~~~~~~~~~~~~^^^
ConnectionAbortedError: [WinError 10053] ä½ çš„ä¸»æœºä¸­çš„è½¯ä»¶ä¸­æ­¢äº†ä¸€ä¸ªå·²å»ºç«‹çš„è¿žæŽ¥ã€‚
----------------------------------------
----------------------------------------
Exception occurred during processing of request from ('127.0.0.1', 62945)
Traceback (most recent call last):
  File "C:\Program Files\Python313\Lib\socketserver.py", line 697, in process_request_thread
    self.finish_request(request, client_address)
    ~~~~~~~~~~~~~~~~~~~^^^^^^^^^^^^^^^^^^^^^^^^^
  File "C:\Program Files\Python313\Lib\socketserver.py", line 362, in finish_request
    self.RequestHandlerClass(request, client_address, self)
    ~~~~~~~~~~~~~~~~~~~~~~~~^^^^^^^^^^^^^^^^^^^^^^^^^^^^^^^
  File "C:\Program Files\Python313\Lib\socketserver.py", line 766, in __init__
    self.handle()
    ~~~~~~~~~~~^^
  File "C:\Program Files\Python313\Lib\http\server.py", line 436, in handle
    self.handle_one_request()
    ~~~~~~~~~~~~~~~~~~~~~~~^^
  File "C:\Program Files\Python313\Lib\http\server.py", line 424, in handle_one_request
    method()
    ~~~~~~^^
  File "E:\Code\AideanCompany\fleet\console\console.py", line 1586, in do_GET
    self._json(fleet_health())
    ~~~~~~~~~~^^^^^^^^^^^^^^^^
  File "E:\Code\AideanCompany\fleet\console\console.py", line 1439, in _json
    self.wfile.write(b)
    ~~~~~~~~~~~~~~~~^^^
  File "C:\Program Files\Python313\Lib\socketserver.py", line 845, in write
    self._sock.sendall(b)
    ~~~~~~~~~~~~~~~~~~^^^
ConnectionAbortedError: [WinError 10053] ä½ çš„ä¸»æœºä¸­çš„è½¯ä»¶ä¸­æ­¢äº†ä¸€ä¸ªå·²å»ºç«‹çš„è¿žæŽ¥ã€‚
----------------------------------------
----------------------------------------
Exception occurred during processing of request from ('127.0.0.1', 62989)
Traceback (most recent call last):
  File "C:\Program Files\Python313\Lib\socketserver.py", line 697, in process_request_thread
    self.finish_request(request, client_address)
    ~~~~~~~~~~~~~~~~~~~^^^^^^^^^^^^^^^^^^^^^^^^^
  File "C:\Program Files\Python313\Lib\socketserver.py", line 362, in finish_request
    self.RequestHandlerClass(request, client_address, self)
    ~~~~~~~~~~~~~~~~~~~~~~~~^^^^^^^^^^^^^^^^^^^^^^^^^^^^^^^
  File "C:\Program Files\Python313\Lib\socketserver.py", line 766, in __init__
    self.handle()
    ~~~~~~~~~~~^^
  File "C:\Program Files\Python313\Lib\http\server.py", line 436, in handle
    self.handle_one_request()
    ~~~~~~~~~~~~~~~~~~~~~~~^^
  File "C:\Program Files\Python313\Lib\http\server.py", line 424, in handle_one_request
    method()
    ~~~~~~^^
  File "E:\Code\AideanCompany\fleet\console\console.py", line 1586, in do_GET
    self._json(fleet_health())
    ~~~~~~~~~~^^^^^^^^^^^^^^^^
  File "E:\Code\AideanCompany\fleet\console\console.py", line 1439, in _json
    self.wfile.write(b)
    ~~~~~~~~~~~~~~~~^^^
  File "C:\Program Files\Python313\Lib\socketserver.py", line 845, in write
    self._sock.sendall(b)
    ~~~~~~~~~~~~~~~~~~^^^
ConnectionAbortedError: [WinError 10053] ä½ çš„ä¸»æœºä¸­çš„è½¯ä»¶ä¸­æ­¢äº†ä¸€ä¸ªå·²å»ºç«‹çš„è¿žæŽ¥ã€‚
----------------------------------------
----------------------------------------
Exception occurred during processing of request from ('127.0.0.1', 63562)
Traceback (most recent call last):
  File "C:\Program Files\Python313\Lib\socketserver.py", line 697, in process_request_thread
    self.finish_request(request, client_address)
    ~~~~~~~~~~~~~~~~~~~^^^^^^^^^^^^^^^^^^^^^^^^^
  File "C:\Program Files\Python313\Lib\socketserver.py", line 362, in finish_request
    self.RequestHandlerClass(request, client_address, self)
    ~~~~~~~~~~~~~~~~~~~~~~~~^^^^^^^^^^^^^^^^^^^^^^^^^^^^^^^
  File "C:\Program Files\Python313\Lib\socketserver.py", line 766, in __init__
    self.handle()
    ~~~~~~~~~~~^^
  File "C:\Program Files\Python313\Lib\http\server.py", line 436, in handle
    self.handle_one_request()
    ~~~~~~~~~~~~~~~~~~~~~~~^^
  File "C:\Program Files\Python313\Lib\http\server.py", line 424, in handle_one_request
    method()
    ~~~~~~^^
  File "E:\Code\AideanCompany\fleet\console\console.py", line 1586, in do_GET
    self._json(fleet_health())
    ~~~~~~~~~~^^^^^^^^^^^^^^^^
  File "E:\Code\AideanCompany\fleet\console\console.py", line 1439, in _json
    self.wfile.write(b)
    ~~~~~~~~~~~~~~~~^^^
  File "C:\Program Files\Python313\Lib\socketserver.py", line 845, in write
    self._sock.sendall(b)
    ~~~~~~~~~~~~~~~~~~^^^
ConnectionAbortedError: [WinError 10053] ä½ çš„ä¸»æœºä¸­çš„è½¯ä»¶ä¸­æ­¢äº†ä¸€ä¸ªå·²å»ºç«‹çš„è¿žæŽ¥ã€‚
----------------------------------------
----------------------------------------
Exception occurred during processing of request from ('127.0.0.1', 63593)
Traceback (most recent call last):
  File "C:\Program Files\Python313\Lib\socketserver.py", line 697, in process_request_thread
    self.finish_request(request, client_address)
    ~~~~~~~~~~~~~~~~~~~^^^^^^^^^^^^^^^^^^^^^^^^^
  File "C:\Program Files\Python313\Lib\socketserver.py", line 362, in finish_request
    self.RequestHandlerClass(request, client_address, self)
    ~~~~~~~~~~~~~~~~~~~~~~~~^^^^^^^^^^^^^^^^^^^^^^^^^^^^^^^
  File "C:\Program Files\Python313\Lib\socketserver.py", line 766, in __init__
    self.handle()
    ~~~~~~~~~~~^^
  File "C:\Program Files\Python313\Lib\http\server.py", line 436, in handle
    self.handle_one_request()
    ~~~~~~~~~~~~~~~~~~~~~~~^^
  File "C:\Program Files\Python313\Lib\http\server.py", line 424, in handle_one_request
    method()
    ~~~~~~^^
  File "E:\Code\AideanCompany\fleet\console\console.py", line 1586, in do_GET
    self._json(fleet_health())
    ~~~~~~~~~~^^^^^^^^^^^^^^^^
  File "E:\Code\AideanCompany\fleet\console\console.py", line 1439, in _json
    self.wfile.write(b)
    ~~~~~~~~~~~~~~~~^^^
  File "C:\Program Files\Python313\Lib\socketserver.py", line 845, in write
    self._sock.sendall(b)
    ~~~~~~~~~~~~~~~~~~^^^
ConnectionAbortedError: [WinError 10053] ä½ çš„ä¸»æœºä¸­çš„è½¯ä»¶ä¸­æ­¢äº†ä¸€ä¸ªå·²å»ºç«‹çš„è¿žæŽ¥ã€‚
----------------------------------------
----------------------------------------
Exception occurred during processing of request from ('127.0.0.1', 63617)
Traceback (most recent call last):
  File "C:\Program Files\Python313\Lib\socketserver.py", line 697, in process_request_thread
    self.finish_request(request, client_address)
    ~~~~~~~~~~~~~~~~~~~^^^^^^^^^^^^^^^^^^^^^^^^^
  File "C:\Program Files\Python313\Lib\socketserver.py", line 362, in finish_request
    self.RequestHandlerClass(request, client_address, self)
    ~~~~~~~~~~~~~~~~~~~~~~~~^^^^^^^^^^^^^^^^^^^^^^^^^^^^^^^
  File "C:\Program Files\Python313\Lib\socketserver.py", line 766, in __init__
    self.handle()
    ~~~~~~~~~~~^^
  File "C:\Program Files\Python313\Lib\http\server.py", line 436, in handle
    self.handle_one_request()
    ~~~~~~~~~~~~~~~~~~~~~~~^^
  File "C:\Program Files\Python313\Lib\http\server.py", line 424, in handle_one_request
    method()
    ~~~~~~^^
  File "E:\Code\AideanCompany\fleet\console\console.py", line 1586, in do_GET
    self._json(fleet_health())
    ~~~~~~~~~~^^^^^^^^^^^^^^^^
  File "E:\Code\AideanCompany\fleet\console\console.py", line 1439, in _json
    self.wfile.write(b)
    ~~~~~~~~~~~~~~~~^^^
  File "C:\Program Files\Python313\Lib\socketserver.py", line 845, in write
    self._sock.sendall(b)
    ~~~~~~~~~~~~~~~~~~^^^
ConnectionAbortedError: [WinError 10053] ä½ çš„ä¸»æœºä¸­çš„è½¯ä»¶ä¸­æ­¢äº†ä¸€ä¸ªå·²å»ºç«‹çš„è¿žæŽ¥ã€‚
----------------------------------------
----------------------------------------
Exception occurred during processing of request from ('127.0.0.1', 62103)
Traceback (most recent call last):
  File "C:\Program Files\Python313\Lib\socketserver.py", line 697, in process_request_thread
    self.finish_request(request, client_address)
    ~~~~~~~~~~~~~~~~~~~^^^^^^^^^^^^^^^^^^^^^^^^^
  File "C:\Program Files\Python313\Lib\socketserver.py", line 362, in finish_request
    self.RequestHandlerClass(request, client_address, self)
    ~~~~~~~~~~~~~~~~~~~~~~~~^^^^^^^^^^^^^^^^^^^^^^^^^^^^^^^
  File "C:\Program Files\Python313\Lib\socketserver.py", line 766, in __init__
    self.handle()
    ~~~~~~~~~~~^^
  File "C:\Program Files\Python313\Lib\http\server.py", line 436, in handle
    self.handle_one_request()
    ~~~~~~~~~~~~~~~~~~~~~~~^^
  File "C:\Program Files\Python313\Lib\http\server.py", line 424, in handle_one_request
    method()
    ~~~~~~^^
  File "E:\Code\AideanCompany\fleet\console\console.py", line 1586, in do_GET
    self._json(fleet_health())
    ~~~~~~~~~~^^^^^^^^^^^^^^^^
  File "E:\Code\AideanCompany\fleet\console\console.py", line 1439, in _json
    self.wfile.write(b)
    ~~~~~~~~~~~~~~~~^^^
  File "C:\Program Files\Python313\Lib\socketserver.py", line 845, in write
    self._sock.sendall(b)
    ~~~~~~~~~~~~~~~~~~^^^
ConnectionAbortedError: [WinError 10053] ä½ çš„ä¸»æœºä¸­çš„è½¯ä»¶ä¸­æ­¢äº†ä¸€ä¸ªå·²å»ºç«‹çš„è¿žæŽ¥ã€‚
----------------------------------------
----------------------------------------
Exception occurred during processing of request from ('127.0.0.1', 62139)
Traceback (most recent call last):
  File "C:\Program Files\Python313\Lib\socketserver.py", line 697, in process_request_thread
    self.finish_request(request, client_address)
    ~~~~~~~~~~~~~~~~~~~^^^^^^^^^^^^^^^^^^^^^^^^^
  File "C:\Program Files\Python313\Lib\socketserver.py", line 362, in finish_request
    self.RequestHandlerClass(request, client_address, self)
    ~~~~~~~~~~~~~~~~~~~~~~~~^^^^^^^^^^^^^^^^^^^^^^^^^^^^^^^
  File "C:\Program Files\Python313\Lib\socketserver.py", line 766, in __init__
    self.handle()
    ~~~~~~~~~~~^^
  File "C:\Program Files\Python313\Lib\http\server.py", line 436, in handle
    self.handle_one_request()
    ~~~~~~~~~~~~~~~~~~~~~~~^^
  File "C:\Program Files\Python313\Lib\http\server.py", line 424, in handle_one_request
    method()
    ~~~~~~^^
  File "E:\Code\AideanCompany\fleet\console\console.py", line 1586, in do_GET
    self._json(fleet_health())
    ~~~~~~~~~~^^^^^^^^^^^^^^^^
  File "E:\Code\AideanCompany\fleet\console\console.py", line 1439, in _json
    self.wfile.write(b)
    ~~~~~~~~~~~~~~~~^^^
  File "C:\Program Files\Python313\Lib\socketserver.py", line 845, in write
    self._sock.sendall(b)
    ~~~~~~~~~~~~~~~~~~^^^
ConnectionAbortedError: [WinError 10053] ä½ çš„ä¸»æœºä¸­çš„è½¯ä»¶ä¸­æ­¢äº†ä¸€ä¸ªå·²å»ºç«‹çš„è¿žæŽ¥ã€‚
----------------------------------------
----------------------------------------
Exception occurred during processing of request from ('127.0.0.1', 62174)
Traceback (most recent call last):
  File "C:\Program Files\Python313\Lib\socketserver.py", line 697, in process_request_thread
    self.finish_request(request, client_address)
    ~~~~~~~~~~~~~~~~~~~^^^^^^^^^^^^^^^^^^^^^^^^^
  File "C:\Program Files\Python313\Lib\socketserver.py", line 362, in finish_request
    self.RequestHandlerClass(request, client_address, self)
    ~~~~~~~~~~~~~~~~~~~~~~~~^^^^^^^^^^^^^^^^^^^^^^^^^^^^^^^
  File "C:\Program Files\Python313\Lib\socketserver.py", line 766, in __init__
    self.handle()
    ~~~~~~~~~~~^^
  File "C:\Program Files\Python313\Lib\http\server.py", line 436, in handle
    self.handle_one_request()
    ~~~~~~~~~~~~~~~~~~~~~~~^^
  File "C:\Program Files\Python313\Lib\http\server.py", line 424, in handle_one_request
    method()
    ~~~~~~^^
  File "E:\Code\AideanCompany\fleet\console\console.py", line 1586, in do_GET
    self._json(fleet_health())
    ~~~~~~~~~~^^^^^^^^^^^^^^^^
  File "E:\Code\AideanCompany\fleet\console\console.py", line 1439, in _json
    self.wfile.write(b)
    ~~~~~~~~~~~~~~~~^^^
  File "C:\Program Files\Python313\Lib\socketserver.py", line 845, in write
    self._sock.sendall(b)
    ~~~~~~~~~~~~~~~~~~^^^
ConnectionAbortedError: [WinError 10053] ä½ çš„ä¸»æœºä¸­çš„è½¯ä»¶ä¸­æ­¢äº†ä¸€ä¸ªå·²å»ºç«‹çš„è¿žæŽ¥ã€‚
----------------------------------------
----------------------------------------
Exception occurred during processing of request from ('127.0.0.1', 62210)
Traceback (most recent call last):
  File "C:\Program Files\Python313\Lib\socketserver.py", line 697, in process_request_thread
    self.finish_request(request, client_address)
    ~~~~~~~~~~~~~~~~~~~^^^^^^^^^^^^^^^^^^^^^^^^^
  File "C:\Program Files\Python313\Lib\socketserver.py", line 362, in finish_request
    self.RequestHandlerClass(request, client_address, self)
    ~~~~~~~~~~~~~~~~~~~~~~~~^^^^^^^^^^^^^^^^^^^^^^^^^^^^^^^
  File "C:\Program Files\Python313\Lib\socketserver.py", line 766, in __init__
    self.handle()
    ~~~~~~~~~~~^^
  File "C:\Program Files\Python313\Lib\http\server.py", line 436, in handle
    self.handle_one_request()
    ~~~~~~~~~~~~~~~~~~~~~~~^^
  File "C:\Program Files\Python313\Lib\http\server.py", line 424, in handle_one_request
    method()
    ~~~~~~^^
  File "E:\Code\AideanCompany\fleet\console\console.py", line 1586, in do_GET
    self._json(fleet_health())
    ~~~~~~~~~~^^^^^^^^^^^^^^^^
  File "E:\Code\AideanCompany\fleet\console\console.py", line 1439, in _json
    self.wfile.write(b)
    ~~~~~~~~~~~~~~~~^^^
  File "C:\Program Files\Python313\Lib\socketserver.py", line 845, in write
    self._sock.sendall(b)
    ~~~~~~~~~~~~~~~~~~^^^
ConnectionAbortedError: [WinError 10053] ä½ çš„ä¸»æœºä¸­çš„è½¯ä»¶ä¸­æ­¢äº†ä¸€ä¸ªå·²å»ºç«‹çš„è¿žæŽ¥ã€‚
----------------------------------------
----------------------------------------
Exception occurred during processing of request from ('127.0.0.1', 62245)
Traceback (most recent call last):
  File "C:\Program Files\Python313\Lib\socketserver.py", line 697, in process_request_thread
    self.finish_request(request, client_address)
    ~~~~~~~~~~~~~~~~~~~^^^^^^^^^^^^^^^^^^^^^^^^^
  File "C:\Program Files\Python313\Lib\socketserver.py", line 362, in finish_request
    self.RequestHandlerClass(request, client_address, self)
    ~~~~~~~~~~~~~~~~~~~~~~~~^^^^^^^^^^^^^^^^^^^^^^^^^^^^^^^
  File "C:\Program Files\Python313\Lib\socketserver.py", line 766, in __init__
    self.handle()
    ~~~~~~~~~~~^^
  File "C:\Program Files\Python313\Lib\http\server.py", line 436, in handle
    self.handle_one_request()
    ~~~~~~~~~~~~~~~~~~~~~~~^^
  File "C:\Program Files\Python313\Lib\http\server.py", line 424, in handle_one_request
    method()
    ~~~~~~^^
  File "E:\Code\AideanCompany\fleet\console\console.py", line 1586, in do_GET
    self._json(fleet_health())
    ~~~~~~~~~~^^^^^^^^^^^^^^^^
  File "E:\Code\AideanCompany\fleet\console\console.py", line 1439, in _json
    self.wfile.write(b)
    ~~~~~~~~~~~~~~~~^^^
  File "C:\Program Files\Python313\Lib\socketserver.py", line 845, in write
    self._sock.sendall(b)
    ~~~~~~~~~~~~~~~~~~^^^
ConnectionAbortedError: [WinError 10053] ä½ çš„ä¸»æœºä¸­çš„è½¯ä»¶ä¸­æ­¢äº†ä¸€ä¸ªå·²å»ºç«‹çš„è¿žæŽ¥ã€‚
----------------------------------------
----------------------------------------
Exception occurred during processing of request from ('127.0.0.1', 59449)
Traceback (most recent call last):
  File "C:\Program Files\Python313\Lib\socketserver.py", line 697, in process_request_thread
    self.finish_request(request, client_address)
    ~~~~~~~~~~~~~~~~~~~^^^^^^^^^^^^^^^^^^^^^^^^^
  File "C:\Program Files\Python313\Lib\socketserver.py", line 362, in finish_request
    self.RequestHandlerClass(request, client_address, self)
    ~~~~~~~~~~~~~~~~~~~~~~~~^^^^^^^^^^^^^^^^^^^^^^^^^^^^^^^
  File "C:\Program Files\Python313\Lib\socketserver.py", line 766, in __init__
    self.handle()
    ~~~~~~~~~~~^^
  File "C:\Program Files\Python313\Lib\http\server.py", line 436, in handle
    self.handle_one_request()
    ~~~~~~~~~~~~~~~~~~~~~~~^^
  File "C:\Program Files\Python313\Lib\http\server.py", line 424, in handle_one_request
    method()
    ~~~~~~^^
  File "E:\Code\AideanCompany\fleet\console\console.py", line 1586, in do_GET
    self._json(fleet_health())
    ~~~~~~~~~~^^^^^^^^^^^^^^^^
  File "E:\Code\AideanCompany\fleet\console\console.py", line 1439, in _json
    self.wfile.write(b)
    ~~~~~~~~~~~~~~~~^^^
  File "C:\Program Files\Python313\Lib\socketserver.py", line 845, in write
    self._sock.sendall(b)
    ~~~~~~~~~~~~~~~~~~^^^
ConnectionAbortedError: [WinError 10053] ä½ çš„ä¸»æœºä¸­çš„è½¯ä»¶ä¸­æ­¢äº†ä¸€ä¸ªå·²å»ºç«‹çš„è¿žæŽ¥ã€‚
----------------------------------------
----------------------------------------
Exception occurred during processing of request from ('127.0.0.1', 61089)
Traceback (most recent call last):
  File "C:\Program Files\Python313\Lib\socketserver.py", line 697, in process_request_thread
    self.finish_request(request, client_address)
    ~~~~~~~~~~~~~~~~~~~^^^^^^^^^^^^^^^^^^^^^^^^^
  File "C:\Program Files\Python313\Lib\socketserver.py", line 362, in finish_request
    self.RequestHandlerClass(request, client_address, self)
    ~~~~~~~~~~~~~~~~~~~~~~~~^^^^^^^^^^^^^^^^^^^^^^^^^^^^^^^
  File "C:\Program Files\Python313\Lib\socketserver.py", line 766, in __init__
    self.handle()
    ~~~~~~~~~~~^^
  File "C:\Program Files\Python313\Lib\http\server.py", line 436, in handle
    self.handle_one_request()
    ~~~~~~~~~~~~~~~~~~~~~~~^^
  File "C:\Program Files\Python313\Lib\http\server.py", line 424, in handle_one_request
    method()
    ~~~~~~^^
  File "E:\Code\AideanCompany\fleet\console\console.py", line 1586, in do_GET
    self._json(fleet_health())
    ~~~~~~~~~~^^^^^^^^^^^^^^^^
  File "E:\Code\AideanCompany\fleet\console\console.py", line 1439, in _json
    self.wfile.write(b)
    ~~~~~~~~~~~~~~~~^^^
  File "C:\Program Files\Python313\Lib\socketserver.py", line 845, in write
    self._sock.sendall(b)
    ~~~~~~~~~~~~~~~~~~^^^
ConnectionAbortedError: [WinError 10053] ä½ çš„ä¸»æœºä¸­çš„è½¯ä»¶ä¸­æ­¢äº†ä¸€ä¸ªå·²å»ºç«‹çš„è¿žæŽ¥ã€‚
----------------------------------------
----------------------------------------
Exception occurred during processing of request from ('127.0.0.1', 51980)
Traceback (most recent call last):
  File "C:\Program Files\Python313\Lib\socketserver.py", line 697, in process_request_thread
    self.finish_request(request, client_address)
    ~~~~~~~~~~~~~~~~~~~^^^^^^^^^^^^^^^^^^^^^^^^^
  File "C:\Program Files\Python313\Lib\socketserver.py", line 362, in finish_request
    self.RequestHandlerClass(request, client_address, self)
    ~~~~~~~~~~~~~~~~~~~~~~~~^^^^^^^^^^^^^^^^^^^^^^^^^^^^^^^
  File "C:\Program Files\Python313\Lib\socketserver.py", line 766, in __init__
    self.handle()
    ~~~~~~~~~~~^^
  File "C:\Program Files\Python313\Lib\http\server.py", line 436, in handle
    self.handle_one_request()
    ~~~~~~~~~~~~~~~~~~~~~~~^^
  File "C:\Program Files\Python313\Lib\http\server.py", line 424, in handle_one_request
    method()
    ~~~~~~^^
  File "E:\Code\AideanCompany\fleet\console\console.py", line 1586, in do_GET
    self._json(fleet_health())
    ~~~~~~~~~~^^^^^^^^^^^^^^^^
  File "E:\Code\AideanCompany\fleet\console\console.py", line 1439, in _json
    self.wfile.write(b)
    ~~~~~~~~~~~~~~~~^^^
  File "C:\Program Files\Python313\Lib\socketserver.py", line 845, in write
    self._sock.sendall(b)
    ~~~~~~~~~~~~~~~~~~^^^
ConnectionAbortedError: [WinError 10053] ä½ çš„ä¸»æœºä¸­çš„è½¯ä»¶ä¸­æ­¢äº†ä¸€ä¸ªå·²å»ºç«‹çš„è¿žæŽ¥ã€‚
----------------------------------------
----------------------------------------
Exception occurred during processing of request from ('127.0.0.1', 52027)
Traceback (most recent call last):
  File "C:\Program Files\Python313\Lib\socketserver.py", line 697, in process_request_thread
    self.finish_request(request, client_address)
    ~~~~~~~~~~~~~~~~~~~^^^^^^^^^^^^^^^^^^^^^^^^^
  File "C:\Program Files\Python313\Lib\socketserver.py", line 362, in finish_request
    self.RequestHandlerClass(request, client_address, self)
    ~~~~~~~~~~~~~~~~~~~~~~~~^^^^^^^^^^^^^^^^^^^^^^^^^^^^^^^
  File "C:\Program Files\Python313\Lib\socketserver.py", line 766, in __init__
    self.handle()
    ~~~~~~~~~~~^^
  File "C:\Program Files\Python313\Lib\http\server.py", line 436, in handle
    self.handle_one_request()
    ~~~~~~~~~~~~~~~~~~~~~~~^^
  File "C:\Program Files\Python313\Lib\http\server.py", line 424, in handle_one_request
    method()
    ~~~~~~^^
  File "E:\Code\AideanCompany\fleet\console\console.py", line 1586, in do_GET
    self._json(fleet_health())
    ~~~~~~~~~~^^^^^^^^^^^^^^^^
  File "E:\Code\AideanCompany\fleet\console\console.py", line 1439, in _json
    self.wfile.write(b)
    ~~~~~~~~~~~~~~~~^^^
  File "C:\Program Files\Python313\Lib\socketserver.py", line 845, in write
    self._sock.sendall(b)
    ~~~~~~~~~~~~~~~~~~^^^
ConnectionAbortedError: [WinError 10053] ä½ çš„ä¸»æœºä¸­çš„è½¯ä»¶ä¸­æ­¢äº†ä¸€ä¸ªå·²å»ºç«‹çš„è¿žæŽ¥ã€‚
----------------------------------------
----------------------------------------
Exception occurred during processing of request from ('127.0.0.1', 52064)
Traceback (most recent call last):
  File "C:\Program Files\Python313\Lib\socketserver.py", line 697, in process_request_thread
    self.finish_request(request, client_address)
    ~~~~~~~~~~~~~~~~~~~^^^^^^^^^^^^^^^^^^^^^^^^^
  File "C:\Program Files\Python313\Lib\socketserver.py", line 362, in finish_request
    self.RequestHandlerClass(request, client_address, self)
    ~~~~~~~~~~~~~~~~~~~~~~~~^^^^^^^^^^^^^^^^^^^^^^^^^^^^^^^
  File "C:\Program Files\Python313\Lib\socketserver.py", line 766, in __init__
    self.handle()
    ~~~~~~~~~~~^^
  File "C:\Program Files\Python313\Lib\http\server.py", line 436, in handle
    self.handle_one_request()
    ~~~~~~~~~~~~~~~~~~~~~~~^^
  File "C:\Program Files\Python313\Lib\http\server.py", line 424, in handle_one_request
    method()
    ~~~~~~^^
  File "E:\Code\AideanCompany\fleet\console\console.py", line 1586, in do_GET
    self._json(fleet_health())
    ~~~~~~~~~~^^^^^^^^^^^^^^^^
  File "E:\Code\AideanCompany\fleet\console\console.py", line 1439, in _json
    self.wfile.write(b)
    ~~~~~~~~~~~~~~~~^^^
  File "C:\Program Files\Python313\Lib\socketserver.py", line 845, in write
    self._sock.sendall(b)
    ~~~~~~~~~~~~~~~~~~^^^
ConnectionAbortedError: [WinError 10053] ä½ çš„ä¸»æœºä¸­çš„è½¯ä»¶ä¸­æ­¢äº†ä¸€ä¸ªå·²å»ºç«‹çš„è¿žæŽ¥ã€‚
----------------------------------------
----------------------------------------
Exception occurred during processing of request from ('127.0.0.1', 52105)
Traceback (most recent call last):
  File "C:\Program Files\Python313\Lib\socketserver.py", line 697, in process_request_thread
    self.finish_request(request, client_address)
    ~~~~~~~~~~~~~~~~~~~^^^^^^^^^^^^^^^^^^^^^^^^^
  File "C:\Program Files\Python313\Lib\socketserver.py", line 362, in finish_request
    self.RequestHandlerClass(request, client_address, self)
    ~~~~~~~~~~~~~~~~~~~~~~~~^^^^^^^^^^^^^^^^^^^^^^^^^^^^^^^
  File "C:\Program Files\Python313\Lib\socketserver.py", line 766, in __init__
    self.handle()
    ~~~~~~~~~~~^^
  File "C:\Program Files\Python313\Lib\http\server.py", line 436, in handle
    self.handle_one_request()
    ~~~~~~~~~~~~~~~~~~~~~~~^^
  File "C:\Program Files\Python313\Lib\http\server.py", line 424, in handle_one_request
    method()
    ~~~~~~^^
  File "E:\Code\AideanCompany\fleet\console\console.py", line 1586, in do_GET
    self._json(fleet_health())
    ~~~~~~~~~~^^^^^^^^^^^^^^^^
  File "E:\Code\AideanCompany\fleet\console\console.py", line 1439, in _json
    self.wfile.write(b)
    ~~~~~~~~~~~~~~~~^^^
  File "C:\Program Files\Python313\Lib\socketserver.py", line 845, in write
    self._sock.sendall(b)
    ~~~~~~~~~~~~~~~~~~^^^
ConnectionAbortedError: [WinError 10053] ä½ çš„ä¸»æœºä¸­çš„è½¯ä»¶ä¸­æ­¢äº†ä¸€ä¸ªå·²å»ºç«‹çš„è¿žæŽ¥ã€‚
----------------------------------------
----------------------------------------
Exception occurred during processing of request from ('127.0.0.1', 49188)
Traceback (most recent call last):
  File "C:\Program Files\Python313\Lib\socketserver.py", line 697, in process_request_thread
    self.finish_request(request, client_address)
    ~~~~~~~~~~~~~~~~~~~^^^^^^^^^^^^^^^^^^^^^^^^^
  File "C:\Program Files\Python313\Lib\socketserver.py", line 362, in finish_request
    self.RequestHandlerClass(request, client_address, self)
    ~~~~~~~~~~~~~~~~~~~~~~~~^^^^^^^^^^^^^^^^^^^^^^^^^^^^^^^
  File "C:\Program Files\Python313\Lib\socketserver.py", line 766, in __init__
    self.handle()
    ~~~~~~~~~~~^^
  File "C:\Program Files\Python313\Lib\http\server.py", line 436, in handle
    self.handle_one_request()
    ~~~~~~~~~~~~~~~~~~~~~~~^^
  File "C:\Program Files\Python313\Lib\http\server.py", line 424, in handle_one_request
    method()
    ~~~~~~^^
  File "E:\Code\AideanCompany\fleet\console\console.py", line 1586, in do_GET
    self._json(fleet_health())
    ~~~~~~~~~~^^^^^^^^^^^^^^^^
  File "E:\Code\AideanCompany\fleet\console\console.py", line 1439, in _json
    self.wfile.write(b)
    ~~~~~~~~~~~~~~~~^^^
  File "C:\Program Files\Python313\Lib\socketserver.py", line 845, in write
    self._sock.sendall(b)
    ~~~~~~~~~~~~~~~~~~^^^
ConnectionAbortedError: [WinError 10053] ä½ çš„ä¸»æœºä¸­çš„è½¯ä»¶ä¸­æ­¢äº†ä¸€ä¸ªå·²å»ºç«‹çš„è¿žæŽ¥ã€‚
----------------------------------------
----------------------------------------
Exception occurred during processing of request from ('127.0.0.1', 49221)
Traceback (most recent call last):
  File "C:\Program Files\Python313\Lib\socketserver.py", line 697, in process_request_thread
    self.finish_request(request, client_address)
    ~~~~~~~~~~~~~~~~~~~^^^^^^^^^^^^^^^^^^^^^^^^^
  File "C:\Program Files\Python313\Lib\socketserver.py", line 362, in finish_request
    self.RequestHandlerClass(request, client_address, self)
    ~~~~~~~~~~~~~~~~~~~~~~~~^^^^^^^^^^^^^^^^^^^^^^^^^^^^^^^
  File "C:\Program Files\Python313\Lib\socketserver.py", line 766, in __init__
    self.handle()
    ~~~~~~~~~~~^^
  File "C:\Program Files\Python313\Lib\http\server.py", line 436, in handle
    self.handle_one_request()
    ~~~~~~~~~~~~~~~~~~~~~~~^^
  File "C:\Program Files\Python313\Lib\http\server.py", line 424, in handle_one_request
    method()
    ~~~~~~^^
  File "E:\Code\AideanCompany\fleet\console\console.py", line 1586, in do_GET
    self._json(fleet_health())
    ~~~~~~~~~~^^^^^^^^^^^^^^^^
  File "E:\Code\AideanCompany\fleet\console\console.py", line 1439, in _json
    self.wfile.write(b)
    ~~~~~~~~~~~~~~~~^^^
  File "C:\Program Files\Python313\Lib\socketserver.py", line 845, in write
    self._sock.sendall(b)
    ~~~~~~~~~~~~~~~~~~^^^
ConnectionAbortedError: [WinError 10053] ä½ çš„ä¸»æœºä¸­çš„è½¯ä»¶ä¸­æ­¢äº†ä¸€ä¸ªå·²å»ºç«‹çš„è¿žæŽ¥ã€‚
----------------------------------------
----------------------------------------
Exception occurred during processing of request from ('127.0.0.1', 49262)
Traceback (most recent call last):
  File "C:\Program Files\Python313\Lib\socketserver.py", line 697, in process_request_thread
    self.finish_request(request, client_address)
    ~~~~~~~~~~~~~~~~~~~^^^^^^^^^^^^^^^^^^^^^^^^^
  File "C:\Program Files\Python313\Lib\socketserver.py", line 362, in finish_request
    self.RequestHandlerClass(request, client_address, self)
    ~~~~~~~~~~~~~~~~~~~~~~~~^^^^^^^^^^^^^^^^^^^^^^^^^^^^^^^
  File "C:\Program Files\Python313\Lib\socketserver.py", line 766, in __init__
    self.handle()
    ~~~~~~~~~~~^^
  File "C:\Program Files\Python313\Lib\http\server.py", line 436, in handle
    self.handle_one_request()
    ~~~~~~~~~~~~~~~~~~~~~~~^^
  File "C:\Program Files\Python313\Lib\http\server.py", line 424, in handle_one_request
    method()
    ~~~~~~^^
  File "E:\Code\AideanCompany\fleet\console\console.py", line 1586, in do_GET
    self._json(fleet_health())
    ~~~~~~~~~~^^^^^^^^^^^^^^^^
  File "E:\Code\AideanCompany\fleet\console\console.py", line 1439, in _json
    self.wfile.write(b)
    ~~~~~~~~~~~~~~~~^^^
  File "C:\Program Files\Python313\Lib\socketserver.py", line 845, in write
    self._sock.sendall(b)
    ~~~~~~~~~~~~~~~~~~^^^
ConnectionAbortedError: [WinError 10053] ä½ çš„ä¸»æœºä¸­çš„è½¯ä»¶ä¸­æ­¢äº†ä¸€ä¸ªå·²å»ºç«‹çš„è¿žæŽ¥ã€‚
----------------------------------------
----------------------------------------
Exception occurred during processing of request from ('127.0.0.1', 60464)
Traceback (most recent call last):
  File "C:\Program Files\Python313\Lib\socketserver.py", line 697, in process_request_thread
    self.finish_request(request, client_address)
    ~~~~~~~~~~~~~~~~~~~^^^^^^^^^^^^^^^^^^^^^^^^^
  File "C:\Program Files\Python313\Lib\socketserver.py", line 362, in finish_request
    self.RequestHandlerClass(request, client_address, self)
    ~~~~~~~~~~~~~~~~~~~~~~~~^^^^^^^^^^^^^^^^^^^^^^^^^^^^^^^
  File "C:\Program Files\Python313\Lib\socketserver.py", line 766, in __init__
    self.handle()
    ~~~~~~~~~~~^^
  File "C:\Program Files\Python313\Lib\http\server.py", line 436, in handle
    self.handle_one_request()
    ~~~~~~~~~~~~~~~~~~~~~~~^^
  File "C:\Program Files\Python313\Lib\http\server.py", line 424, in handle_one_request
    method()
    ~~~~~~^^
  File "E:\Code\AideanCompany\fleet\console\console.py", line 1586, in do_GET
    self._json(fleet_health())
    ~~~~~~~~~~^^^^^^^^^^^^^^^^
  File "E:\Code\AideanCompany\fleet\console\console.py", line 1439, in _json
    self.wfile.write(b)
    ~~~~~~~~~~~~~~~~^^^
  File "C:\Program Files\Python313\Lib\socketserver.py", line 845, in write
    self._sock.sendall(b)
    ~~~~~~~~~~~~~~~~~~^^^
ConnectionAbortedError: [WinError 10053] ä½ çš„ä¸»æœºä¸­çš„è½¯ä»¶ä¸­æ­¢äº†ä¸€ä¸ªå·²å»ºç«‹çš„è¿žæŽ¥ã€‚
----------------------------------------
----------------------------------------
Exception occurred during processing of request from ('127.0.0.1', 60493)
Traceback (most recent call last):
  File "C:\Program Files\Python313\Lib\socketserver.py", line 697, in process_request_thread
    self.finish_request(request, client_address)
    ~~~~~~~~~~~~~~~~~~~^^^^^^^^^^^^^^^^^^^^^^^^^
  File "C:\Program Files\Python313\Lib\socketserver.py", line 362, in finish_request
    self.RequestHandlerClass(request, client_address, self)
    ~~~~~~~~~~~~~~~~~~~~~~~~^^^^^^^^^^^^^^^^^^^^^^^^^^^^^^^
  File "C:\Program Files\Python313\Lib\socketserver.py", line 766, in __init__
    self.handle()
    ~~~~~~~~~~~^^
  File "C:\Program Files\Python313\Lib\http\server.py", line 436, in handle
    self.handle_one_request()
    ~~~~~~~~~~~~~~~~~~~~~~~^^
  File "C:\Program Files\Python313\Lib\http\server.py", line 424, in handle_one_request
    method()
    ~~~~~~^^
  File "E:\Code\AideanCompany\fleet\console\console.py", line 1586, in do_GET
    self._json(fleet_health())
    ~~~~~~~~~~^^^^^^^^^^^^^^^^
  File "E:\Code\AideanCompany\fleet\console\console.py", line 1439, in _json
    self.wfile.write(b)
    ~~~~~~~~~~~~~~~~^^^
  File "C:\Program Files\Python313\Lib\socketserver.py", line 845, in write
    self._sock.sendall(b)
    ~~~~~~~~~~~~~~~~~~^^^
ConnectionAbortedError: [WinError 10053] ä½ çš„ä¸»æœºä¸­çš„è½¯ä»¶ä¸­æ­¢äº†ä¸€ä¸ªå·²å»ºç«‹çš„è¿žæŽ¥ã€‚
----------------------------------------
----------------------------------------
Exception occurred during processing of request from ('127.0.0.1', 51195)
Traceback (most recent call last):
  File "C:\Program Files\Python313\Lib\socketserver.py", line 697, in process_request_thread
    self.finish_request(request, client_address)
    ~~~~~~~~~~~~~~~~~~~^^^^^^^^^^^^^^^^^^^^^^^^^
  File "C:\Program Files\Python313\Lib\socketserver.py", line 362, in finish_request
    self.RequestHandlerClass(request, client_address, self)
    ~~~~~~~~~~~~~~~~~~~~~~~~^^^^^^^^^^^^^^^^^^^^^^^^^^^^^^^
  File "C:\Program Files\Python313\Lib\socketserver.py", line 766, in __init__
    self.handle()
    ~~~~~~~~~~~^^
  File "C:\Program Files\Python313\Lib\http\server.py", line 436, in handle
    self.handle_one_request()
    ~~~~~~~~~~~~~~~~~~~~~~~^^
  File "C:\Program Files\Python313\Lib\http\server.py", line 424, in handle_one_request
    method()
    ~~~~~~^^
  File "E:\Code\AideanCompany\fleet\console\console.py", line 1586, in do_GET
    self._json(fleet_health())
    ~~~~~~~~~~^^^^^^^^^^^^^^^^
  File "E:\Code\AideanCompany\fleet\console\console.py", line 1439, in _json
    self.wfile.write(b)
    ~~~~~~~~~~~~~~~~^^^
  File "C:\Program Files\Python313\Lib\socketserver.py", line 845, in write
    self._sock.sendall(b)
    ~~~~~~~~~~~~~~~~~~^^^
ConnectionAbortedError: [WinError 10053] ä½ çš„ä¸»æœºä¸­çš„è½¯ä»¶ä¸­æ­¢äº†ä¸€ä¸ªå·²å»ºç«‹çš„è¿žæŽ¥ã€‚
----------------------------------------
----------------------------------------
Exception occurred during processing of request from ('127.0.0.1', 51207)
Traceback (most recent call last):
  File "C:\Program Files\Python313\Lib\socketserver.py", line 697, in process_request_thread
    self.finish_request(request, client_address)
    ~~~~~~~~~~~~~~~~~~~^^^^^^^^^^^^^^^^^^^^^^^^^
  File "C:\Program Files\Python313\Lib\socketserver.py", line 362, in finish_request
    self.RequestHandlerClass(request, client_address, self)
    ~~~~~~~~~~~~~~~~~~~~~~~~^^^^^^^^^^^^^^^^^^^^^^^^^^^^^^^
  File "C:\Program Files\Python313\Lib\socketserver.py", line 766, in __init__
    self.handle()
    ~~~~~~~~~~~^^
  File "C:\Program Files\Python313\Lib\http\server.py", line 436, in handle
    self.handle_one_request()
    ~~~~~~~~~~~~~~~~~~~~~~~^^
  File "C:\Program Files\Python313\Lib\http\server.py", line 424, in handle_one_request
    method()
    ~~~~~~^^
  File "E:\Code\AideanCompany\fleet\console\console.py", line 1586, in do_GET
    self._json(fleet_health())
    ~~~~~~~~~~^^^^^^^^^^^^^^^^
  File "E:\Code\AideanCompany\fleet\console\console.py", line 1439, in _json
    self.wfile.write(b)
    ~~~~~~~~~~~~~~~~^^^
  File "C:\Program Files\Python313\Lib\socketserver.py", line 845, in write
    self._sock.sendall(b)
    ~~~~~~~~~~~~~~~~~~^^^
ConnectionAbortedError: [WinError 10053] ä½ çš„ä¸»æœºä¸­çš„è½¯ä»¶ä¸­æ­¢äº†ä¸€ä¸ªå·²å»ºç«‹çš„è¿žæŽ¥ã€‚
----------------------------------------
----------------------------------------
Exception occurred during processing of request from ('127.0.0.1', 51249)
Traceback (most recent call last):
  File "C:\Program Files\Python313\Lib\socketserver.py", line 697, in process_request_thread
    self.finish_request(request, client_address)
    ~~~~~~~~~~~~~~~~~~~^^^^^^^^^^^^^^^^^^^^^^^^^
  File "C:\Program Files\Python313\Lib\socketserver.py", line 362, in finish_request
    self.RequestHandlerClass(request, client_address, self)
    ~~~~~~~~~~~~~~~~~~~~~~~~^^^^^^^^^^^^^^^^^^^^^^^^^^^^^^^
  File "C:\Program Files\Python313\Lib\socketserver.py", line 766, in __init__
    self.handle()
    ~~~~~~~~~~~^^
  File "C:\Program Files\Python313\Lib\http\server.py", line 436, in handle
    self.handle_one_request()
    ~~~~~~~~~~~~~~~~~~~~~~~^^
  File "C:\Program Files\Python313\Lib\http\server.py", line 424, in handle_one_request
    method()
    ~~~~~~^^
  File "E:\Code\AideanCompany\fleet\console\console.py", line 1586, in do_GET
    self._json(fleet_health())
    ~~~~~~~~~~^^^^^^^^^^^^^^^^
  File "E:\Code\AideanCompany\fleet\console\console.py", line 1439, in _json
    self.wfile.write(b)
    ~~~~~~~~~~~~~~~~^^^
  File "C:\Program Files\Python313\Lib\socketserver.py", line 845, in write
    self._sock.sendall(b)
    ~~~~~~~~~~~~~~~~~~^^^
ConnectionAbortedError: [WinError 10053] ä½ çš„ä¸»æœºä¸­çš„è½¯ä»¶ä¸­æ­¢äº†ä¸€ä¸ªå·²å»ºç«‹çš„è¿žæŽ¥ã€‚
----------------------------------------
----------------------------------------
Exception occurred during processing of request from ('127.0.0.1', 51252)
Traceback (most recent call last):
  File "C:\Program Files\Python313\Lib\socketserver.py", line 697, in process_request_thread
    self.finish_request(request, client_address)
    ~~~~~~~~~~~~~~~~~~~^^^^^^^^^^^^^^^^^^^^^^^^^
  File "C:\Program Files\Python313\Lib\socketserver.py", line 362, in finish_request
    self.RequestHandlerClass(request, client_address, self)
    ~~~~~~~~~~~~~~~~~~~~~~~~^^^^^^^^^^^^^^^^^^^^^^^^^^^^^^^
  File "C:\Program Files\Python313\Lib\socketserver.py", line 766, in __init__
    self.handle()
    ~~~~~~~~~~~^^
  File "C:\Program Files\Python313\Lib\http\server.py", line 436, in handle
    self.handle_one_request()
    ~~~~~~~~~~~~~~~~~~~~~~~^^
  File "C:\Program Files\Python313\Lib\http\server.py", line 424, in handle_one_request
    method()
    ~~~~~~^^
  File "E:\Code\AideanCompany\fleet\console\console.py", line 1586, in do_GET
    self._json(fleet_health())
    ~~~~~~~~~~^^^^^^^^^^^^^^^^
  File "E:\Code\AideanCompany\fleet\console\console.py", line 1439, in _json
    self.wfile.write(b)
    ~~~~~~~~~~~~~~~~^^^
  File "C:\Program Files\Python313\Lib\socketserver.py", line 845, in write
    self._sock.sendall(b)
    ~~~~~~~~~~~~~~~~~~^^^
ConnectionAbortedError: [WinError 10053] ä½ çš„ä¸»æœºä¸­çš„è½¯ä»¶ä¸­æ­¢äº†ä¸€ä¸ªå·²å»ºç«‹çš„è¿žæŽ¥ã€‚
----------------------------------------
----------------------------------------
Exception occurred during processing of request from ('127.0.0.1', 51287)
Traceback (most recent call last):
  File "C:\Program Files\Python313\Lib\socketserver.py", line 697, in process_request_thread
    self.finish_request(request, client_address)
    ~~~~~~~~~~~~~~~~~~~^^^^^^^^^^^^^^^^^^^^^^^^^
  File "C:\Program Files\Python313\Lib\socketserver.py", line 362, in finish_request
    self.RequestHandlerClass(request, client_address, self)
    ~~~~~~~~~~~~~~~~~~~~~~~~^^^^^^^^^^^^^^^^^^^^^^^^^^^^^^^
  File "C:\Program Files\Python313\Lib\socketserver.py", line 766, in __init__
    self.handle()
    ~~~~~~~~~~~^^
  File "C:\Program Files\Python313\Lib\http\server.py", line 436, in handle
    self.handle_one_request()
    ~~~~~~~~~~~~~~~~~~~~~~~^^
  File "C:\Program Files\Python313\Lib\http\server.py", line 424, in handle_one_request
    method()
    ~~~~~~^^
  File "E:\Code\AideanCompany\fleet\console\console.py", line 1586, in do_GET
    self._json(fleet_health())
    ~~~~~~~~~~^^^^^^^^^^^^^^^^
  File "E:\Code\AideanCompany\fleet\console\console.py", line 1439, in _json
    self.wfile.write(b)
    ~~~~~~~~~~~~~~~~^^^
  File "C:\Program Files\Python313\Lib\socketserver.py", line 845, in write
    self._sock.sendall(b)
    ~~~~~~~~~~~~~~~~~~^^^
ConnectionAbortedError: [WinError 10053] ä½ çš„ä¸»æœºä¸­çš„è½¯ä»¶ä¸­æ­¢äº†ä¸€ä¸ªå·²å»ºç«‹çš„è¿žæŽ¥ã€‚
----------------------------------------
----------------------------------------
Exception occurred during processing of request from ('127.0.0.1', 51294)
Traceback (most recent call last):
  File "C:\Program Files\Python313\Lib\socketserver.py", line 697, in process_request_thread
    self.finish_request(request, client_address)
    ~~~~~~~~~~~~~~~~~~~^^^^^^^^^^^^^^^^^^^^^^^^^
  File "C:\Program Files\Python313\Lib\socketserver.py", line 362, in finish_request
    self.RequestHandlerClass(request, client_address, self)
    ~~~~~~~~~~~~~~~~~~~~~~~~^^^^^^^^^^^^^^^^^^^^^^^^^^^^^^^
  File "C:\Program Files\Python313\Lib\socketserver.py", line 766, in __init__
    self.handle()
    ~~~~~~~~~~~^^
  File "C:\Program Files\Python313\Lib\http\server.py", line 436, in handle
    self.handle_one_request()
    ~~~~~~~~~~~~~~~~~~~~~~~^^
  File "C:\Program Files\Python313\Lib\http\server.py", line 424, in handle_one_request
    method()
    ~~~~~~^^
  File "E:\Code\AideanCompany\fleet\console\console.py", line 1586, in do_GET
    self._json(fleet_health())
    ~~~~~~~~~~^^^^^^^^^^^^^^^^
  File "E:\Code\AideanCompany\fleet\console\console.py", line 1439, in _json
    self.wfile.write(b)
    ~~~~~~~~~~~~~~~~^^^
  File "C:\Program Files\Python313\Lib\socketserver.py", line 845, in write
    self._sock.sendall(b)
    ~~~~~~~~~~~~~~~~~~^^^
ConnectionAbortedError: [WinError 10053] ä½ çš„ä¸»æœºä¸­çš„è½¯ä»¶ä¸­æ­¢äº†ä¸€ä¸ªå·²å»ºç«‹çš„è¿žæŽ¥ã€‚
----------------------------------------
----------------------------------------
Exception occurred during processing of request from ('127.0.0.1', 52019)
Traceback (most recent call last):
  File "C:\Program Files\Python313\Lib\socketserver.py", line 697, in process_request_thread
    self.finish_request(request, client_address)
    ~~~~~~~~~~~~~~~~~~~^^^^^^^^^^^^^^^^^^^^^^^^^
  File "C:\Program Files\Python313\Lib\socketserver.py", line 362, in finish_request
    self.RequestHandlerClass(request, client_address, self)
    ~~~~~~~~~~~~~~~~~~~~~~~~^^^^^^^^^^^^^^^^^^^^^^^^^^^^^^^
  File "C:\Program Files\Python313\Lib\socketserver.py", line 766, in __init__
    self.handle()
    ~~~~~~~~~~~^^
  File "C:\Program Files\Python313\Lib\http\server.py", line 436, in handle
    self.handle_one_request()
    ~~~~~~~~~~~~~~~~~~~~~~~^^
  File "C:\Program Files\Python313\Lib\http\server.py", line 424, in handle_one_request
    method()
    ~~~~~~^^
  File "E:\Code\AideanCompany\fleet\console\console.py", line 1586, in do_GET
    self._json(fleet_health())
    ~~~~~~~~~~^^^^^^^^^^^^^^^^
  File "E:\Code\AideanCompany\fleet\console\console.py", line 1439, in _json
    self.wfile.write(b)
    ~~~~~~~~~~~~~~~~^^^
  File "C:\Program Files\Python313\Lib\socketserver.py", line 845, in write
    self._sock.sendall(b)
    ~~~~~~~~~~~~~~~~~~^^^
ConnectionAbortedError: [WinError 10053] ä½ çš„ä¸»æœºä¸­çš„è½¯ä»¶ä¸­æ­¢äº†ä¸€ä¸ªå·²å»ºç«‹çš„è¿žæŽ¥ã€‚
----------------------------------------
----------------------------------------
Exception occurred during processing of request from ('127.0.0.1', 52026)
Traceback (most recent call last):
  File "C:\Program Files\Python313\Lib\socketserver.py", line 697, in process_request_thread
    self.finish_request(request, client_address)
    ~~~~~~~~~~~~~~~~~~~^^^^^^^^^^^^^^^^^^^^^^^^^
  File "C:\Program Files\Python313\Lib\socketserver.py", line 362, in finish_request
    self.RequestHandlerClass(request, client_address, self)
    ~~~~~~~~~~~~~~~~~~~~~~~~^^^^^^^^^^^^^^^^^^^^^^^^^^^^^^^
  File "C:\Program Files\Python313\Lib\socketserver.py", line 766, in __init__
    self.handle()
    ~~~~~~~~~~~^^
  File "C:\Program Files\Python313\Lib\http\server.py", line 436, in handle
    self.handle_one_request()
    ~~~~~~~~~~~~~~~~~~~~~~~^^
  File "C:\Program Files\Python313\Lib\http\server.py", line 424, in handle_one_request
    method()
    ~~~~~~^^
  File "E:\Code\AideanCompany\fleet\console\console.py", line 1586, in do_GET
    self._json(fleet_health())
    ~~~~~~~~~~^^^^^^^^^^^^^^^^
  File "E:\Code\AideanCompany\fleet\console\console.py", line 1439, in _json
    self.wfile.write(b)
    ~~~~~~~~~~~~~~~~^^^
  File "C:\Program Files\Python313\Lib\socketserver.py", line 845, in write
    self._sock.sendall(b)
    ~~~~~~~~~~~~~~~~~~^^^
ConnectionAbortedError: [WinError 10053] ä½ çš„ä¸»æœºä¸­çš„è½¯ä»¶ä¸­æ­¢äº†ä¸€ä¸ªå·²å»ºç«‹çš„è¿žæŽ¥ã€‚
----------------------------------------
----------------------------------------
Exception occurred during processing of request from ('127.0.0.1', 55131)
Traceback (most recent call last):
  File "C:\Program Files\Python313\Lib\socketserver.py", line 697, in process_request_thread
    self.finish_request(request, client_address)
    ~~~~~~~~~~~~~~~~~~~^^^^^^^^^^^^^^^^^^^^^^^^^
  File "C:\Program Files\Python313\Lib\socketserver.py", line 362, in finish_request
    self.RequestHandlerClass(request, client_address, self)
    ~~~~~~~~~~~~~~~~~~~~~~~~^^^^^^^^^^^^^^^^^^^^^^^^^^^^^^^
  File "C:\Program Files\Python313\Lib\socketserver.py", line 766, in __init__
    self.handle()
    ~~~~~~~~~~~^^
  File "C:\Program Files\Python313\Lib\http\server.py", line 436, in handle
    self.handle_one_request()
    ~~~~~~~~~~~~~~~~~~~~~~~^^
  File "C:\Program Files\Python313\Lib\http\server.py", line 424, in handle_one_request
    method()
    ~~~~~~^^
  File "E:\Code\AideanCompany\fleet\console\console.py", line 1586, in do_GET
    self._json(fleet_health())
    ~~~~~~~~~~^^^^^^^^^^^^^^^^
  File "E:\Code\AideanCompany\fleet\console\console.py", line 1439, in _json
    self.wfile.write(b)
    ~~~~~~~~~~~~~~~~^^^
  File "C:\Program Files\Python313\Lib\socketserver.py", line 845, in write
    self._sock.sendall(b)
    ~~~~~~~~~~~~~~~~~~^^^
ConnectionAbortedError: [WinError 10053] ä½ çš„ä¸»æœºä¸­çš„è½¯ä»¶ä¸­æ­¢äº†ä¸€ä¸ªå·²å»ºç«‹çš„è¿žæŽ¥ã€‚
----------------------------------------
----------------------------------------
Exception occurred during processing of request from ('127.0.0.1', 55140)
Traceback (most recent call last):
  File "C:\Program Files\Python313\Lib\socketserver.py", line 697, in process_request_thread
    self.finish_request(request, client_address)
    ~~~~~~~~~~~~~~~~~~~^^^^^^^^^^^^^^^^^^^^^^^^^
  File "C:\Program Files\Python313\Lib\socketserver.py", line 362, in finish_request
    self.RequestHandlerClass(request, client_address, self)
    ~~~~~~~~~~~~~~~~~~~~~~~~^^^^^^^^^^^^^^^^^^^^^^^^^^^^^^^
  File "C:\Program Files\Python313\Lib\socketserver.py", line 766, in __init__
    self.handle()
    ~~~~~~~~~~~^^
  File "C:\Program Files\Python313\Lib\http\server.py", line 436, in handle
    self.handle_one_request()
    ~~~~~~~~~~~~~~~~~~~~~~~^^
  File "C:\Program Files\Python313\Lib\http\server.py", line 424, in handle_one_request
    method()
    ~~~~~~^^
  File "E:\Code\AideanCompany\fleet\console\console.py", line 1586, in do_GET
    self._json(fleet_health())
    ~~~~~~~~~~^^^^^^^^^^^^^^^^
  File "E:\Code\AideanCompany\fleet\console\console.py", line 1439, in _json
    self.wfile.write(b)
    ~~~~~~~~~~~~~~~~^^^
  File "C:\Program Files\Python313\Lib\socketserver.py", line 845, in write
    self._sock.sendall(b)
    ~~~~~~~~~~~~~~~~~~^^^
ConnectionAbortedError: [WinError 10053] ä½ çš„ä¸»æœºä¸­çš„è½¯ä»¶ä¸­æ­¢äº†ä¸€ä¸ªå·²å»ºç«‹çš„è¿žæŽ¥ã€‚
----------------------------------------
----------------------------------------
Exception occurred during processing of request from ('127.0.0.1', 55191)
Traceback (most recent call last):
  File "C:\Program Files\Python313\Lib\socketserver.py", line 697, in process_request_thread
    self.finish_request(request, client_address)
    ~~~~~~~~~~~~~~~~~~~^^^^^^^^^^^^^^^^^^^^^^^^^
  File "C:\Program Files\Python313\Lib\socketserver.py", line 362, in finish_request
    self.RequestHandlerClass(request, client_address, self)
    ~~~~~~~~~~~~~~~~~~~~~~~~^^^^^^^^^^^^^^^^^^^^^^^^^^^^^^^
  File "C:\Program Files\Python313\Lib\socketserver.py", line 766, in __init__
    self.handle()
    ~~~~~~~~~~~^^
  File "C:\Program Files\Python313\Lib\http\server.py", line 436, in handle
    self.handle_one_request()
    ~~~~~~~~~~~~~~~~~~~~~~~^^
  File "C:\Program Files\Python313\Lib\http\server.py", line 424, in handle_one_request
    method()
    ~~~~~~^^
  File "E:\Code\AideanCompany\fleet\console\console.py", line 1586, in do_GET
    self._json(fleet_health())
    ~~~~~~~~~~^^^^^^^^^^^^^^^^
  File "E:\Code\AideanCompany\fleet\console\console.py", line 1439, in _json
    self.wfile.write(b)
    ~~~~~~~~~~~~~~~~^^^
  File "C:\Program Files\Python313\Lib\socketserver.py", line 845, in write
    self._sock.sendall(b)
    ~~~~~~~~~~~~~~~~~~^^^
ConnectionAbortedError: [WinError 10053] ä½ çš„ä¸»æœºä¸­çš„è½¯ä»¶ä¸­æ­¢äº†ä¸€ä¸ªå·²å»ºç«‹çš„è¿žæŽ¥ã€‚
----------------------------------------
----------------------------------------
Exception occurred during processing of request from ('127.0.0.1', 55199)
Traceback (most recent call last):
  File "C:\Program Files\Python313\Lib\socketserver.py", line 697, in process_request_thread
    self.finish_request(request, client_address)
    ~~~~~~~~~~~~~~~~~~~^^^^^^^^^^^^^^^^^^^^^^^^^
  File "C:\Program Files\Python313\Lib\socketserver.py", line 362, in finish_request
    self.RequestHandlerClass(request, client_address, self)
    ~~~~~~~~~~~~~~~~~~~~~~~~^^^^^^^^^^^^^^^^^^^^^^^^^^^^^^^
  File "C:\Program Files\Python313\Lib\socketserver.py", line 766, in __init__
    self.handle()
    ~~~~~~~~~~~^^
  File "C:\Program Files\Python313\Lib\http\server.py", line 436, in handle
    self.handle_one_request()
    ~~~~~~~~~~~~~~~~~~~~~~~^^
  File "C:\Program Files\Python313\Lib\http\server.py", line 424, in handle_one_request
    method()
    ~~~~~~^^
  File "E:\Code\AideanCompany\fleet\console\console.py", line 1586, in do_GET
    self._json(fleet_health())
    ~~~~~~~~~~^^^^^^^^^^^^^^^^
  File "E:\Code\AideanCompany\fleet\console\console.py", line 1439, in _json
    self.wfile.write(b)
    ~~~~~~~~~~~~~~~~^^^
  File "C:\Program Files\Python313\Lib\socketserver.py", line 845, in write
    self._sock.sendall(b)
    ~~~~~~~~~~~~~~~~~~^^^
ConnectionAbortedError: [WinError 10053] ä½ çš„ä¸»æœºä¸­çš„è½¯ä»¶ä¸­æ­¢äº†ä¸€ä¸ªå·²å»ºç«‹çš„è¿žæŽ¥ã€‚
----------------------------------------
----------------------------------------
Exception occurred during processing of request from ('127.0.0.1', 59504)
Traceback (most recent call last):
  File "C:\Program Files\Python313\Lib\socketserver.py", line 697, in process_request_thread
    self.finish_request(request, client_address)
    ~~~~~~~~~~~~~~~~~~~^^^^^^^^^^^^^^^^^^^^^^^^^
  File "C:\Program Files\Python313\Lib\socketserver.py", line 362, in finish_request
    self.RequestHandlerClass(request, client_address, self)
    ~~~~~~~~~~~~~~~~~~~~~~~~^^^^^^^^^^^^^^^^^^^^^^^^^^^^^^^
  File "C:\Program Files\Python313\Lib\socketserver.py", line 766, in __init__
    self.handle()
    ~~~~~~~~~~~^^
  File "C:\Program Files\Python313\Lib\http\server.py", line 436, in handle
    self.handle_one_request()
    ~~~~~~~~~~~~~~~~~~~~~~~^^
  File "C:\Program Files\Python313\Lib\http\server.py", line 424, in handle_one_request
    method()
    ~~~~~~^^
  File "E:\Code\AideanCompany\fleet\console\console.py", line 1586, in do_GET
    self._json(fleet_health())
    ~~~~~~~~~~^^^^^^^^^^^^^^^^
  File "E:\Code\AideanCompany\fleet\console\console.py", line 1439, in _json
    self.wfile.write(b)
    ~~~~~~~~~~~~~~~~^^^
  File "C:\Program Files\Python313\Lib\socketserver.py", line 845, in write
    self._sock.sendall(b)
    ~~~~~~~~~~~~~~~~~~^^^
ConnectionAbortedError: [WinError 10053] ä½ çš„ä¸»æœºä¸­çš„è½¯ä»¶ä¸­æ­¢äº†ä¸€ä¸ªå·²å»ºç«‹çš„è¿žæŽ¥ã€‚
----------------------------------------
----------------------------------------
Exception occurred during processing of request from ('127.0.0.1', 59542)
Traceback (most recent call last):
  File "C:\Program Files\Python313\Lib\socketserver.py", line 697, in process_request_thread
    self.finish_request(request, client_address)
    ~~~~~~~~~~~~~~~~~~~^^^^^^^^^^^^^^^^^^^^^^^^^
  File "C:\Program Files\Python313\Lib\socketserver.py", line 362, in finish_request
    self.RequestHandlerClass(request, client_address, self)
    ~~~~~~~~~~~~~~~~~~~~~~~~^^^^^^^^^^^^^^^^^^^^^^^^^^^^^^^
  File "C:\Program Files\Python313\Lib\socketserver.py", line 766, in __init__
    self.handle()
    ~~~~~~~~~~~^^
  File "C:\Program Files\Python313\Lib\http\server.py", line 436, in handle
    self.handle_one_request()
    ~~~~~~~~~~~~~~~~~~~~~~~^^
  File "C:\Program Files\Python313\Lib\http\server.py", line 424, in handle_one_request
    method()
    ~~~~~~^^
  File "E:\Code\AideanCompany\fleet\console\console.py", line 1586, in do_GET
    self._json(fleet_health())
    ~~~~~~~~~~^^^^^^^^^^^^^^^^
  File "E:\Code\AideanCompany\fleet\console\console.py", line 1439, in _json
    self.wfile.write(b)
    ~~~~~~~~~~~~~~~~^^^
  File "C:\Program Files\Python313\Lib\socketserver.py", line 845, in write
    self._sock.sendall(b)
    ~~~~~~~~~~~~~~~~~~^^^
ConnectionAbortedError: [WinError 10053] ä½ çš„ä¸»æœºä¸­çš„è½¯ä»¶ä¸­æ­¢äº†ä¸€ä¸ªå·²å»ºç«‹çš„è¿žæŽ¥ã€‚
----------------------------------------
----------------------------------------
Exception occurred during processing of request from ('127.0.0.1', 49842)
Traceback (most recent call last):
  File "C:\Program Files\Python313\Lib\socketserver.py", line 697, in process_request_thread
    self.finish_request(request, client_address)
    ~~~~~~~~~~~~~~~~~~~^^^^^^^^^^^^^^^^^^^^^^^^^
  File "C:\Program Files\Python313\Lib\socketserver.py", line 362, in finish_request
    self.RequestHandlerClass(request, client_address, self)
    ~~~~~~~~~~~~~~~~~~~~~~~~^^^^^^^^^^^^^^^^^^^^^^^^^^^^^^^
  File "C:\Program Files\Python313\Lib\socketserver.py", line 766, in __init__
    self.handle()
    ~~~~~~~~~~~^^
  File "C:\Program Files\Python313\Lib\http\server.py", line 436, in handle
    self.handle_one_request()
    ~~~~~~~~~~~~~~~~~~~~~~~^^
  File "C:\Program Files\Python313\Lib\http\server.py", line 424, in handle_one_request
    method()
    ~~~~~~^^
  File "E:\Code\AideanCompany\fleet\console\console.py", line 1586, in do_GET
    self._json(fleet_health())
    ~~~~~~~~~~^^^^^^^^^^^^^^^^
  File "E:\Code\AideanCompany\fleet\console\console.py", line 1439, in _json
    self.wfile.write(b)
    ~~~~~~~~~~~~~~~~^^^
  File "C:\Program Files\Python313\Lib\socketserver.py", line 845, in write
    self._sock.sendall(b)
    ~~~~~~~~~~~~~~~~~~^^^
ConnectionAbortedError: [WinError 10053] ä½ çš„ä¸»æœºä¸­çš„è½¯ä»¶ä¸­æ­¢äº†ä¸€ä¸ªå·²å»ºç«‹çš„è¿žæŽ¥ã€‚
----------------------------------------
----------------------------------------
Exception occurred during processing of request from ('127.0.0.1', 58348)
Traceback (most recent call last):
  File "C:\Program Files\Python313\Lib\socketserver.py", line 697, in process_request_thread
    self.finish_request(request, client_address)
    ~~~~~~~~~~~~~~~~~~~^^^^^^^^^^^^^^^^^^^^^^^^^
  File "C:\Program Files\Python313\Lib\socketserver.py", line 362, in finish_request
    self.RequestHandlerClass(request, client_address, self)
    ~~~~~~~~~~~~~~~~~~~~~~~~^^^^^^^^^^^^^^^^^^^^^^^^^^^^^^^
  File "C:\Program Files\Python313\Lib\socketserver.py", line 766, in __init__
    self.handle()
    ~~~~~~~~~~~^^
  File "C:\Program Files\Python313\Lib\http\server.py", line 436, in handle
    self.handle_one_request()
    ~~~~~~~~~~~~~~~~~~~~~~~^^
  File "C:\Program Files\Python313\Lib\http\server.py", line 424, in handle_one_request
    method()
    ~~~~~~^^
  File "E:\Code\AideanCompany\fleet\console\console.py", line 1586, in do_GET
    self._json(fleet_health())
    ~~~~~~~~~~^^^^^^^^^^^^^^^^
  File "E:\Code\AideanCompany\fleet\console\console.py", line 1439, in _json
    self.wfile.write(b)
    ~~~~~~~~~~~~~~~~^^^
  File "C:\Program Files\Python313\Lib\socketserver.py", line 845, in write
    self._sock.sendall(b)
    ~~~~~~~~~~~~~~~~~~^^^
ConnectionAbortedError: [WinError 10053] ä½ çš„ä¸»æœºä¸­çš„è½¯ä»¶ä¸­æ­¢äº†ä¸€ä¸ªå·²å»ºç«‹çš„è¿žæŽ¥ã€‚
----------------------------------------
----------------------------------------
Exception occurred during processing of request from ('127.0.0.1', 58381)
Traceback (most recent call last):
  File "C:\Program Files\Python313\Lib\socketserver.py", line 697, in process_request_thread
    self.finish_request(request, client_address)
    ~~~~~~~~~~~~~~~~~~~^^^^^^^^^^^^^^^^^^^^^^^^^
  File "C:\Program Files\Python313\Lib\socketserver.py", line 362, in finish_request
    self.RequestHandlerClass(request, client_address, self)
    ~~~~~~~~~~~~~~~~~~~~~~~~^^^^^^^^^^^^^^^^^^^^^^^^^^^^^^^
  File "C:\Program Files\Python313\Lib\socketserver.py", line 766, in __init__
    self.handle()
    ~~~~~~~~~~~^^
  File "C:\Program Files\Python313\Lib\http\server.py", line 436, in handle
    self.handle_one_request()
    ~~~~~~~~~~~~~~~~~~~~~~~^^
  File "C:\Program Files\Python313\Lib\http\server.py", line 424, in handle_one_request
    method()
    ~~~~~~^^
  File "E:\Code\AideanCompany\fleet\console\console.py", line 1586, in do_GET
    self._json(fleet_health())
    ~~~~~~~~~~^^^^^^^^^^^^^^^^
  File "E:\Code\AideanCompany\fleet\console\console.py", line 1439, in _json
    self.wfile.write(b)
    ~~~~~~~~~~~~~~~~^^^
  File "C:\Program Files\Python313\Lib\socketserver.py", line 845, in write
    self._sock.sendall(b)
    ~~~~~~~~~~~~~~~~~~^^^
ConnectionAbortedError: [WinError 10053] ä½ çš„ä¸»æœºä¸­çš„è½¯ä»¶ä¸­æ­¢äº†ä¸€ä¸ªå·²å»ºç«‹çš„è¿žæŽ¥ã€‚
----------------------------------------
----------------------------------------
Exception occurred during processing of request from ('127.0.0.1', 58423)
Traceback (most recent call last):
  File "C:\Program Files\Python313\Lib\socketserver.py", line 697, in process_request_thread
    self.finish_request(request, client_address)
    ~~~~~~~~~~~~~~~~~~~^^^^^^^^^^^^^^^^^^^^^^^^^
  File "C:\Program Files\Python313\Lib\socketserver.py", line 362, in finish_request
    self.RequestHandlerClass(request, client_address, self)
    ~~~~~~~~~~~~~~~~~~~~~~~~^^^^^^^^^^^^^^^^^^^^^^^^^^^^^^^
  File "C:\Program Files\Python313\Lib\socketserver.py", line 766, in __init__
    self.handle()
    ~~~~~~~~~~~^^
  File "C:\Program Files\Python313\Lib\http\server.py", line 436, in handle
    self.handle_one_request()
    ~~~~~~~~~~~~~~~~~~~~~~~^^
  File "C:\Program Files\Python313\Lib\http\server.py", line 424, in handle_one_request
    method()
    ~~~~~~^^
  File "E:\Code\AideanCompany\fleet\console\console.py", line 1586, in do_GET
    self._json(fleet_health())
    ~~~~~~~~~~^^^^^^^^^^^^^^^^
  File "E:\Code\AideanCompany\fleet\console\console.py", line 1439, in _json
    self.wfile.write(b)
    ~~~~~~~~~~~~~~~~^^^
  File "C:\Program Files\Python313\Lib\socketserver.py", line 845, in write
    self._sock.sendall(b)
    ~~~~~~~~~~~~~~~~~~^^^
ConnectionAbortedError: [WinError 10053] ä½ çš„ä¸»æœºä¸­çš„è½¯ä»¶ä¸­æ­¢äº†ä¸€ä¸ªå·²å»ºç«‹çš„è¿žæŽ¥ã€‚
----------------------------------------
----------------------------------------
Exception occurred during processing of request from ('127.0.0.1', 58486)
Traceback (most recent call last):
  File "C:\Program Files\Python313\Lib\socketserver.py", line 697, in process_request_thread
    self.finish_request(request, client_address)
    ~~~~~~~~~~~~~~~~~~~^^^^^^^^^^^^^^^^^^^^^^^^^
  File "C:\Program Files\Python313\Lib\socketserver.py", line 362, in finish_request
    self.RequestHandlerClass(request, client_address, self)
    ~~~~~~~~~~~~~~~~~~~~~~~~^^^^^^^^^^^^^^^^^^^^^^^^^^^^^^^
  File "C:\Program Files\Python313\Lib\socketserver.py", line 766, in __init__
    self.handle()
    ~~~~~~~~~~~^^
  File "C:\Program Files\Python313\Lib\http\server.py", line 436, in handle
    self.handle_one_request()
    ~~~~~~~~~~~~~~~~~~~~~~~^^
  File "C:\Program Files\Python313\Lib\http\server.py", line 424, in handle_one_request
    method()
    ~~~~~~^^
  File "E:\Code\AideanCompany\fleet\console\console.py", line 1586, in do_GET
    self._json(fleet_health())
    ~~~~~~~~~~^^^^^^^^^^^^^^^^
  File "E:\Code\AideanCompany\fleet\console\console.py", line 1439, in _json
    self.wfile.write(b)
    ~~~~~~~~~~~~~~~~^^^
  File "C:\Program Files\Python313\Lib\socketserver.py", line 845, in write
    self._sock.sendall(b)
    ~~~~~~~~~~~~~~~~~~^^^
ConnectionAbortedError: [WinError 10053] ä½ çš„ä¸»æœºä¸­çš„è½¯ä»¶ä¸­æ­¢äº†ä¸€ä¸ªå·²å»ºç«‹çš„è¿žæŽ¥ã€‚
----------------------------------------
----------------------------------------
Exception occurred during processing of request from ('127.0.0.1', 58512)
Traceback (most recent call last):
  File "C:\Program Files\Python313\Lib\socketserver.py", line 697, in process_request_thread
    self.finish_request(request, client_address)
    ~~~~~~~~~~~~~~~~~~~^^^^^^^^^^^^^^^^^^^^^^^^^
  File "C:\Program Files\Python313\Lib\socketserver.py", line 362, in finish_request
    self.RequestHandlerClass(request, client_address, self)
    ~~~~~~~~~~~~~~~~~~~~~~~~^^^^^^^^^^^^^^^^^^^^^^^^^^^^^^^
  File "C:\Program Files\Python313\Lib\socketserver.py", line 766, in __init__
    self.handle()
    ~~~~~~~~~~~^^
  File "C:\Program Files\Python313\Lib\http\server.py", line 436, in handle
    self.handle_one_request()
    ~~~~~~~~~~~~~~~~~~~~~~~^^
  File "C:\Program Files\Python313\Lib\http\server.py", line 424, in handle_one_request
    method()
    ~~~~~~^^
  File "E:\Code\AideanCompany\fleet\console\console.py", line 1586, in do_GET
    self._json(fleet_health())
    ~~~~~~~~~~^^^^^^^^^^^^^^^^
  File "E:\Code\AideanCompany\fleet\console\console.py", line 1439, in _json
    self.wfile.write(b)
    ~~~~~~~~~~~~~~~~^^^
  File "C:\Program Files\Python313\Lib\socketserver.py", line 845, in write
    self._sock.sendall(b)
    ~~~~~~~~~~~~~~~~~~^^^
ConnectionAbortedError: [WinError 10053] ä½ çš„ä¸»æœºä¸­çš„è½¯ä»¶ä¸­æ­¢äº†ä¸€ä¸ªå·²å»ºç«‹çš„è¿žæŽ¥ã€‚
----------------------------------------
----------------------------------------
Exception occurred during processing of request from ('127.0.0.1', 57942)
Traceback (most recent call last):
  File "C:\Program Files\Python313\Lib\socketserver.py", line 697, in process_request_thread
    self.finish_request(request, client_address)
    ~~~~~~~~~~~~~~~~~~~^^^^^^^^^^^^^^^^^^^^^^^^^
  File "C:\Program Files\Python313\Lib\socketserver.py", line 362, in finish_request
    self.RequestHandlerClass(request, client_address, self)
    ~~~~~~~~~~~~~~~~~~~~~~~~^^^^^^^^^^^^^^^^^^^^^^^^^^^^^^^
  File "C:\Program Files\Python313\Lib\socketserver.py", line 766, in __init__
    self.handle()
    ~~~~~~~~~~~^^
  File "C:\Program Files\Python313\Lib\http\server.py", line 436, in handle
    self.handle_one_request()
    ~~~~~~~~~~~~~~~~~~~~~~~^^
  File "C:\Program Files\Python313\Lib\http\server.py", line 424, in handle_one_request
    method()
    ~~~~~~^^
  File "E:\Code\AideanCompany\fleet\console\console.py", line 1586, in do_GET
    self._json(fleet_health())
    ~~~~~~~~~~^^^^^^^^^^^^^^^^
  File "E:\Code\AideanCompany\fleet\console\console.py", line 1439, in _json
    self.wfile.write(b)
    ~~~~~~~~~~~~~~~~^^^
  File "C:\Program Files\Python313\Lib\socketserver.py", line 845, in write
    self._sock.sendall(b)
    ~~~~~~~~~~~~~~~~~~^^^
ConnectionAbortedError: [WinError 10053] ä½ çš„ä¸»æœºä¸­çš„è½¯ä»¶ä¸­æ­¢äº†ä¸€ä¸ªå·²å»ºç«‹çš„è¿žæŽ¥ã€‚
----------------------------------------
----------------------------------------
Exception occurred during processing of request from ('127.0.0.1', 58046)
Traceback (most recent call last):
  File "C:\Program Files\Python313\Lib\socketserver.py", line 697, in process_request_thread
    self.finish_request(request, client_address)
    ~~~~~~~~~~~~~~~~~~~^^^^^^^^^^^^^^^^^^^^^^^^^
  File "C:\Program Files\Python313\Lib\socketserver.py", line 362, in finish_request
    self.RequestHandlerClass(request, client_address, self)
    ~~~~~~~~~~~~~~~~~~~~~~~~^^^^^^^^^^^^^^^^^^^^^^^^^^^^^^^
  File "C:\Program Files\Python313\Lib\socketserver.py", line 766, in __init__
    self.handle()
    ~~~~~~~~~~~^^
  File "C:\Program Files\Python313\Lib\http\server.py", line 436, in handle
    self.handle_one_request()
    ~~~~~~~~~~~~~~~~~~~~~~~^^
  File "C:\Program Files\Python313\Lib\http\server.py", line 424, in handle_one_request
    method()
    ~~~~~~^^
  File "E:\Code\AideanCompany\fleet\console\console.py", line 1586, in do_GET
    self._json(fleet_health())
    ~~~~~~~~~~^^^^^^^^^^^^^^^^
  File "E:\Code\AideanCompany\fleet\console\console.py", line 1439, in _json
    self.wfile.write(b)
    ~~~~~~~~~~~~~~~~^^^
  File "C:\Program Files\Python313\Lib\socketserver.py", line 845, in write
    self._sock.sendall(b)
    ~~~~~~~~~~~~~~~~~~^^^
ConnectionAbortedError: [WinError 10053] ä½ çš„ä¸»æœºä¸­çš„è½¯ä»¶ä¸­æ­¢äº†ä¸€ä¸ªå·²å»ºç«‹çš„è¿žæŽ¥ã€‚
----------------------------------------
----------------------------------------
Exception occurred during processing of request from ('127.0.0.1', 58138)
Traceback (most recent call last):
  File "C:\Program Files\Python313\Lib\socketserver.py", line 697, in process_request_thread
    self.finish_request(request, client_address)
    ~~~~~~~~~~~~~~~~~~~^^^^^^^^^^^^^^^^^^^^^^^^^
  File "C:\Program Files\Python313\Lib\socketserver.py", line 362, in finish_request
    self.RequestHandlerClass(request, client_address, self)
    ~~~~~~~~~~~~~~~~~~~~~~~~^^^^^^^^^^^^^^^^^^^^^^^^^^^^^^^
  File "C:\Program Files\Python313\Lib\socketserver.py", line 766, in __init__
    self.handle()
    ~~~~~~~~~~~^^
  File "C:\Program Files\Python313\Lib\http\server.py", line 436, in handle
    self.handle_one_request()
    ~~~~~~~~~~~~~~~~~~~~~~~^^
  File "C:\Program Files\Python313\Lib\http\server.py", line 424, in handle_one_request
    method()
    ~~~~~~^^
  File "E:\Code\AideanCompany\fleet\console\console.py", line 1586, in do_GET
    self._json(fleet_health())
    ~~~~~~~~~~^^^^^^^^^^^^^^^^
  File "E:\Code\AideanCompany\fleet\console\console.py", line 1439, in _json
    self.wfile.write(b)
    ~~~~~~~~~~~~~~~~^^^
  File "C:\Program Files\Python313\Lib\socketserver.py", line 845, in write
    self._sock.sendall(b)
    ~~~~~~~~~~~~~~~~~~^^^
ConnectionAbortedError: [WinError 10053] ä½ çš„ä¸»æœºä¸­çš„è½¯ä»¶ä¸­æ­¢äº†ä¸€ä¸ªå·²å»ºç«‹çš„è¿žæŽ¥ã€‚
----------------------------------------
----------------------------------------
Exception occurred during processing of request from ('127.0.0.1', 61363)
Traceback (most recent call last):
  File "C:\Program Files\Python313\Lib\socketserver.py", line 697, in process_request_thread
    self.finish_request(request, client_address)
    ~~~~~~~~~~~~~~~~~~~^^^^^^^^^^^^^^^^^^^^^^^^^
  File "C:\Program Files\Python313\Lib\socketserver.py", line 362, in finish_request
    self.RequestHandlerClass(request, client_address, self)
    ~~~~~~~~~~~~~~~~~~~~~~~~^^^^^^^^^^^^^^^^^^^^^^^^^^^^^^^
  File "C:\Program Files\Python313\Lib\socketserver.py", line 766, in __init__
    self.handle()
    ~~~~~~~~~~~^^
  File "C:\Program Files\Python313\Lib\http\server.py", line 436, in handle
    self.handle_one_request()
    ~~~~~~~~~~~~~~~~~~~~~~~^^
  File "C:\Program Files\Python313\Lib\http\server.py", line 424, in handle_one_request
    method()
    ~~~~~~^^
  File "E:\Code\AideanCompany\fleet\console\console.py", line 1586, in do_GET
    self._json(fleet_health())
    ~~~~~~~~~~^^^^^^^^^^^^^^^^
  File "E:\Code\AideanCompany\fleet\console\console.py", line 1439, in _json
    self.wfile.write(b)
    ~~~~~~~~~~~~~~~~^^^
  File "C:\Program Files\Python313\Lib\socketserver.py", line 845, in write
    self._sock.sendall(b)
    ~~~~~~~~~~~~~~~~~~^^^
ConnectionAbortedError: [WinError 10053] ä½ çš„ä¸»æœºä¸­çš„è½¯ä»¶ä¸­æ­¢äº†ä¸€ä¸ªå·²å»ºç«‹çš„è¿žæŽ¥ã€‚
----------------------------------------
----------------------------------------
Exception occurred during processing of request from ('127.0.0.1', 51977)
Traceback (most recent call last):
  File "C:\Program Files\Python313\Lib\socketserver.py", line 697, in process_request_thread
    self.finish_request(request, client_address)
    ~~~~~~~~~~~~~~~~~~~^^^^^^^^^^^^^^^^^^^^^^^^^
  File "C:\Program Files\Python313\Lib\socketserver.py", line 362, in finish_request
    self.RequestHandlerClass(request, client_address, self)
    ~~~~~~~~~~~~~~~~~~~~~~~~^^^^^^^^^^^^^^^^^^^^^^^^^^^^^^^
  File "C:\Program Files\Python313\Lib\socketserver.py", line 766, in __init__
    self.handle()
    ~~~~~~~~~~~^^
  File "C:\Program Files\Python313\Lib\http\server.py", line 436, in handle
    self.handle_one_request()
    ~~~~~~~~~~~~~~~~~~~~~~~^^
  File "C:\Program Files\Python313\Lib\http\server.py", line 424, in handle_one_request
    method()
    ~~~~~~^^
  File "E:\Code\AideanCompany\fleet\console\console.py", line 1586, in do_GET
    self._json(fleet_health())
    ~~~~~~~~~~^^^^^^^^^^^^^^^^
  File "E:\Code\AideanCompany\fleet\console\console.py", line 1439, in _json
    self.wfile.write(b)
    ~~~~~~~~~~~~~~~~^^^
  File "C:\Program Files\Python313\Lib\socketserver.py", line 845, in write
    self._sock.sendall(b)
    ~~~~~~~~~~~~~~~~~~^^^
ConnectionAbortedError: [WinError 10053] ä½ çš„ä¸»æœºä¸­çš„è½¯ä»¶ä¸­æ­¢äº†ä¸€ä¸ªå·²å»ºç«‹çš„è¿žæŽ¥ã€‚
----------------------------------------
----------------------------------------
Exception occurred during processing of request from ('127.0.0.1', 59888)
Traceback (most recent call last):
  File "C:\Program Files\Python313\Lib\socketserver.py", line 697, in process_request_thread
    self.finish_request(request, client_address)
    ~~~~~~~~~~~~~~~~~~~^^^^^^^^^^^^^^^^^^^^^^^^^
  File "C:\Program Files\Python313\Lib\socketserver.py", line 362, in finish_request
    self.RequestHandlerClass(request, client_address, self)
    ~~~~~~~~~~~~~~~~~~~~~~~~^^^^^^^^^^^^^^^^^^^^^^^^^^^^^^^
  File "C:\Program Files\Python313\Lib\socketserver.py", line 766, in __init__
    self.handle()
    ~~~~~~~~~~~^^
  File "C:\Program Files\Python313\Lib\http\server.py", line 436, in handle
    self.handle_one_request()
    ~~~~~~~~~~~~~~~~~~~~~~~^^
  File "C:\Program Files\Python313\Lib\http\server.py", line 424, in handle_one_request
    method()
    ~~~~~~^^
  File "E:\Code\AideanCompany\fleet\console\console.py", line 1586, in do_GET
    self._json(fleet_health())
    ~~~~~~~~~~^^^^^^^^^^^^^^^^
  File "E:\Code\AideanCompany\fleet\console\console.py", line 1439, in _json
    self.wfile.write(b)
    ~~~~~~~~~~~~~~~~^^^
  File "C:\Program Files\Python313\Lib\socketserver.py", line 845, in write
    self._sock.sendall(b)
    ~~~~~~~~~~~~~~~~~~^^^
ConnectionAbortedError: [WinError 10053] ä½ çš„ä¸»æœºä¸­çš„è½¯ä»¶ä¸­æ­¢äº†ä¸€ä¸ªå·²å»ºç«‹çš„è¿žæŽ¥ã€‚
----------------------------------------
----------------------------------------
Exception occurred during processing of request from ('127.0.0.1', 52618)
Traceback (most recent call last):
  File "C:\Program Files\Python313\Lib\socketserver.py", line 697, in process_request_thread
    self.finish_request(request, client_address)
    ~~~~~~~~~~~~~~~~~~~^^^^^^^^^^^^^^^^^^^^^^^^^
  File "C:\Program Files\Python313\Lib\socketserver.py", line 362, in finish_request
    self.RequestHandlerClass(request, client_address, self)
    ~~~~~~~~~~~~~~~~~~~~~~~~^^^^^^^^^^^^^^^^^^^^^^^^^^^^^^^
  File "C:\Program Files\Python313\Lib\socketserver.py", line 766, in __init__
    self.handle()
    ~~~~~~~~~~~^^
  File "C:\Program Files\Python313\Lib\http\server.py", line 436, in handle
    self.handle_one_request()
    ~~~~~~~~~~~~~~~~~~~~~~~^^
  File "C:\Program Files\Python313\Lib\http\server.py", line 424, in handle_one_request
    method()
    ~~~~~~^^
  File "E:\Code\AideanCompany\fleet\console\console.py", line 1586, in do_GET
    self._json(fleet_health())
    ~~~~~~~~~~^^^^^^^^^^^^^^^^
  File "E:\Code\AideanCompany\fleet\console\console.py", line 1439, in _json
    self.wfile.write(b)
    ~~~~~~~~~~~~~~~~^^^
  File "C:\Program Files\Python313\Lib\socketserver.py", line 845, in write
    self._sock.sendall(b)
    ~~~~~~~~~~~~~~~~~~^^^
ConnectionAbortedError: [WinError 10053] ä½ çš„ä¸»æœºä¸­çš„è½¯ä»¶ä¸­æ­¢äº†ä¸€ä¸ªå·²å»ºç«‹çš„è¿žæŽ¥ã€‚
----------------------------------------
----------------------------------------
Exception occurred during processing of request from ('127.0.0.1', 52685)
Traceback (most recent call last):
  File "C:\Program Files\Python313\Lib\socketserver.py", line 697, in process_request_thread
    self.finish_request(request, client_address)
    ~~~~~~~~~~~~~~~~~~~^^^^^^^^^^^^^^^^^^^^^^^^^
  File "C:\Program Files\Python313\Lib\socketserver.py", line 362, in finish_request
    self.RequestHandlerClass(request, client_address, self)
    ~~~~~~~~~~~~~~~~~~~~~~~~^^^^^^^^^^^^^^^^^^^^^^^^^^^^^^^
  File "C:\Program Files\Python313\Lib\socketserver.py", line 766, in __init__
    self.handle()
    ~~~~~~~~~~~^^
  File "C:\Program Files\Python313\Lib\http\server.py", line 436, in handle
    self.handle_one_request()
    ~~~~~~~~~~~~~~~~~~~~~~~^^
  File "C:\Program Files\Python313\Lib\http\server.py", line 424, in handle_one_request
    method()
    ~~~~~~^^
  File "E:\Code\AideanCompany\fleet\console\console.py", line 1586, in do_GET
    self._json(fleet_health())
    ~~~~~~~~~~^^^^^^^^^^^^^^^^
  File "E:\Code\AideanCompany\fleet\console\console.py", line 1439, in _json
    self.wfile.write(b)
    ~~~~~~~~~~~~~~~~^^^
  File "C:\Program Files\Python313\Lib\socketserver.py", line 845, in write
    self._sock.sendall(b)
    ~~~~~~~~~~~~~~~~~~^^^
ConnectionAbortedError: [WinError 10053] ä½ çš„ä¸»æœºä¸­çš„è½¯ä»¶ä¸­æ­¢äº†ä¸€ä¸ªå·²å»ºç«‹çš„è¿žæŽ¥ã€‚
----------------------------------------
----------------------------------------
Exception occurred during processing of request from ('127.0.0.1', 52734)
Traceback (most recent call last):
  File "C:\Program Files\Python313\Lib\socketserver.py", line 697, in process_request_thread
    self.finish_request(request, client_address)
    ~~~~~~~~~~~~~~~~~~~^^^^^^^^^^^^^^^^^^^^^^^^^
  File "C:\Program Files\Python313\Lib\socketserver.py", line 362, in finish_request
    self.RequestHandlerClass(request, client_address, self)
    ~~~~~~~~~~~~~~~~~~~~~~~~^^^^^^^^^^^^^^^^^^^^^^^^^^^^^^^
  File "C:\Program Files\Python313\Lib\socketserver.py", line 766, in __init__
    self.handle()
    ~~~~~~~~~~~^^
  File "C:\Program Files\Python313\Lib\http\server.py", line 436, in handle
    self.handle_one_request()
    ~~~~~~~~~~~~~~~~~~~~~~~^^
  File "C:\Program Files\Python313\Lib\http\server.py", line 424, in handle_one_request
    method()
    ~~~~~~^^
  File "E:\Code\AideanCompany\fleet\console\console.py", line 1586, in do_GET
    self._json(fleet_health())
    ~~~~~~~~~~^^^^^^^^^^^^^^^^
  File "E:\Code\AideanCompany\fleet\console\console.py", line 1439, in _json
    self.wfile.write(b)
    ~~~~~~~~~~~~~~~~^^^
  File "C:\Program Files\Python313\Lib\socketserver.py", line 845, in write
    self._sock.sendall(b)
    ~~~~~~~~~~~~~~~~~~^^^
ConnectionAbortedError: [WinError 10053] ä½ çš„ä¸»æœºä¸­çš„è½¯ä»¶ä¸­æ­¢äº†ä¸€ä¸ªå·²å»ºç«‹çš„è¿žæŽ¥ã€‚
----------------------------------------
----------------------------------------
Exception occurred during processing of request from ('127.0.0.1', 54473)
Traceback (most recent call last):
  File "C:\Program Files\Python313\Lib\socketserver.py", line 697, in process_request_thread
    self.finish_request(request, client_address)
    ~~~~~~~~~~~~~~~~~~~^^^^^^^^^^^^^^^^^^^^^^^^^
  File "C:\Program Files\Python313\Lib\socketserver.py", line 362, in finish_request
    self.RequestHandlerClass(request, client_address, self)
    ~~~~~~~~~~~~~~~~~~~~~~~~^^^^^^^^^^^^^^^^^^^^^^^^^^^^^^^
  File "C:\Program Files\Python313\Lib\socketserver.py", line 766, in __init__
    self.handle()
    ~~~~~~~~~~~^^
  File "C:\Program Files\Python313\Lib\http\server.py", line 436, in handle
    self.handle_one_request()
    ~~~~~~~~~~~~~~~~~~~~~~~^^
  File "C:\Program Files\Python313\Lib\http\server.py", line 424, in handle_one_request
    method()
    ~~~~~~^^
  File "E:\Code\AideanCompany\fleet\console\console.py", line 1586, in do_GET
    self._json(fleet_health())
    ~~~~~~~~~~^^^^^^^^^^^^^^^^
  File "E:\Code\AideanCompany\fleet\console\console.py", line 1439, in _json
    self.wfile.write(b)
    ~~~~~~~~~~~~~~~~^^^
  File "C:\Program Files\Python313\Lib\socketserver.py", line 845, in write
    self._sock.sendall(b)
    ~~~~~~~~~~~~~~~~~~^^^
ConnectionAbortedError: [WinError 10053] ä½ çš„ä¸»æœºä¸­çš„è½¯ä»¶ä¸­æ­¢äº†ä¸€ä¸ªå·²å»ºç«‹çš„è¿žæŽ¥ã€‚
----------------------------------------
----------------------------------------
Exception occurred during processing of request from ('127.0.0.1', 57160)
Traceback (most recent call last):
  File "C:\Program Files\Python313\Lib\socketserver.py", line 697, in process_request_thread
    self.finish_request(request, client_address)
    ~~~~~~~~~~~~~~~~~~~^^^^^^^^^^^^^^^^^^^^^^^^^
  File "C:\Program Files\Python313\Lib\socketserver.py", line 362, in finish_request
    self.RequestHandlerClass(request, client_address, self)
    ~~~~~~~~~~~~~~~~~~~~~~~~^^^^^^^^^^^^^^^^^^^^^^^^^^^^^^^
  File "C:\Program Files\Python313\Lib\socketserver.py", line 766, in __init__
    self.handle()
    ~~~~~~~~~~~^^
  File "C:\Program Files\Python313\Lib\http\server.py", line 436, in handle
    self.handle_one_request()
    ~~~~~~~~~~~~~~~~~~~~~~~^^
  File "C:\Program Files\Python313\Lib\http\server.py", line 424, in handle_one_request
    method()
    ~~~~~~^^
  File "E:\Code\AideanCompany\fleet\console\console.py", line 1586, in do_GET
    self._json(fleet_health())
    ~~~~~~~~~~^^^^^^^^^^^^^^^^
  File "E:\Code\AideanCompany\fleet\console\console.py", line 1439, in _json
    self.wfile.write(b)
    ~~~~~~~~~~~~~~~~^^^
  File "C:\Program Files\Python313\Lib\socketserver.py", line 845, in write
    self._sock.sendall(b)
    ~~~~~~~~~~~~~~~~~~^^^
ConnectionAbortedError: [WinError 10053] ä½ çš„ä¸»æœºä¸­çš„è½¯ä»¶ä¸­æ­¢äº†ä¸€ä¸ªå·²å»ºç«‹çš„è¿žæŽ¥ã€‚
----------------------------------------
----------------------------------------
Exception occurred during processing of request from ('127.0.0.1', 49648)
Traceback (most recent call last):
  File "C:\Program Files\Python313\Lib\socketserver.py", line 697, in process_request_thread
    self.finish_request(request, client_address)
    ~~~~~~~~~~~~~~~~~~~^^^^^^^^^^^^^^^^^^^^^^^^^
  File "C:\Program Files\Python313\Lib\socketserver.py", line 362, in finish_request
    self.RequestHandlerClass(request, client_address, self)
    ~~~~~~~~~~~~~~~~~~~~~~~~^^^^^^^^^^^^^^^^^^^^^^^^^^^^^^^
  File "C:\Program Files\Python313\Lib\socketserver.py", line 766, in __init__
    self.handle()
    ~~~~~~~~~~~^^
  File "C:\Program Files\Python313\Lib\http\server.py", line 436, in handle
    self.handle_one_request()
    ~~~~~~~~~~~~~~~~~~~~~~~^^
  File "C:\Program Files\Python313\Lib\http\server.py", line 424, in handle_one_request
    method()
    ~~~~~~^^
  File "E:\Code\AideanCompany\fleet\console\console.py", line 1586, in do_GET
    self._json(fleet_health())
    ~~~~~~~~~~^^^^^^^^^^^^^^^^
  File "E:\Code\AideanCompany\fleet\console\console.py", line 1439, in _json
    self.wfile.write(b)
    ~~~~~~~~~~~~~~~~^^^
  File "C:\Program Files\Python313\Lib\socketserver.py", line 845, in write
    self._sock.sendall(b)
    ~~~~~~~~~~~~~~~~~~^^^
ConnectionAbortedError: [WinError 10053] ä½ çš„ä¸»æœºä¸­çš„è½¯ä»¶ä¸­æ­¢äº†ä¸€ä¸ªå·²å»ºç«‹çš„è¿žæŽ¥ã€‚
----------------------------------------
----------------------------------------
Exception occurred during processing of request from ('127.0.0.1', 60762)
Traceback (most recent call last):
  File "C:\Program Files\Python313\Lib\socketserver.py", line 697, in process_request_thread
    self.finish_request(request, client_address)
    ~~~~~~~~~~~~~~~~~~~^^^^^^^^^^^^^^^^^^^^^^^^^
  File "C:\Program Files\Python313\Lib\socketserver.py", line 362, in finish_request
    self.RequestHandlerClass(request, client_address, self)
    ~~~~~~~~~~~~~~~~~~~~~~~~^^^^^^^^^^^^^^^^^^^^^^^^^^^^^^^
  File "C:\Program Files\Python313\Lib\socketserver.py", line 766, in __init__
    self.handle()
    ~~~~~~~~~~~^^
  File "C:\Program Files\Python313\Lib\http\server.py", line 436, in handle
    self.handle_one_request()
    ~~~~~~~~~~~~~~~~~~~~~~~^^
  File "C:\Program Files\Python313\Lib\http\server.py", line 424, in handle_one_request
    method()
    ~~~~~~^^
  File "E:\Code\AideanCompany\fleet\console\console.py", line 1586, in do_GET
    self._json(fleet_health())
    ~~~~~~~~~~^^^^^^^^^^^^^^^^
  File "E:\Code\AideanCompany\fleet\console\console.py", line 1439, in _json
    self.wfile.write(b)
    ~~~~~~~~~~~~~~~~^^^
  File "C:\Program Files\Python313\Lib\socketserver.py", line 845, in write
    self._sock.sendall(b)
    ~~~~~~~~~~~~~~~~~~^^^
ConnectionAbortedError: [WinError 10053] ä½ çš„ä¸»æœºä¸­çš„è½¯ä»¶ä¸­æ­¢äº†ä¸€ä¸ªå·²å»ºç«‹çš„è¿žæŽ¥ã€‚
----------------------------------------
----------------------------------------
Exception occurred during processing of request from ('127.0.0.1', 60792)
Traceback (most recent call last):
  File "C:\Program Files\Python313\Lib\socketserver.py", line 697, in process_request_thread
    self.finish_request(request, client_address)
    ~~~~~~~~~~~~~~~~~~~^^^^^^^^^^^^^^^^^^^^^^^^^
  File "C:\Program Files\Python313\Lib\socketserver.py", line 362, in finish_request
    self.RequestHandlerClass(request, client_address, self)
    ~~~~~~~~~~~~~~~~~~~~~~~~^^^^^^^^^^^^^^^^^^^^^^^^^^^^^^^
  File "C:\Program Files\Python313\Lib\socketserver.py", line 766, in __init__
    self.handle()
    ~~~~~~~~~~~^^
  File "C:\Program Files\Python313\Lib\http\server.py", line 436, in handle
    self.handle_one_request()
    ~~~~~~~~~~~~~~~~~~~~~~~^^
  File "C:\Program Files\Python313\Lib\http\server.py", line 424, in handle_one_request
    method()
    ~~~~~~^^
  File "E:\Code\AideanCompany\fleet\console\console.py", line 1586, in do_GET
    self._json(fleet_health())
    ~~~~~~~~~~^^^^^^^^^^^^^^^^
  File "E:\Code\AideanCompany\fleet\console\console.py", line 1439, in _json
    self.wfile.write(b)
    ~~~~~~~~~~~~~~~~^^^
  File "C:\Program Files\Python313\Lib\socketserver.py", line 845, in write
    self._sock.sendall(b)
    ~~~~~~~~~~~~~~~~~~^^^
ConnectionAbortedError: [WinError 10053] ä½ çš„ä¸»æœºä¸­çš„è½¯ä»¶ä¸­æ­¢äº†ä¸€ä¸ªå·²å»ºç«‹çš„è¿žæŽ¥ã€‚
----------------------------------------
----------------------------------------
Exception occurred during processing of request from ('127.0.0.1', 60846)
Traceback (most recent call last):
  File "C:\Program Files\Python313\Lib\socketserver.py", line 697, in process_request_thread
    self.finish_request(request, client_address)
    ~~~~~~~~~~~~~~~~~~~^^^^^^^^^^^^^^^^^^^^^^^^^
  File "C:\Program Files\Python313\Lib\socketserver.py", line 362, in finish_request
    self.RequestHandlerClass(request, client_address, self)
    ~~~~~~~~~~~~~~~~~~~~~~~~^^^^^^^^^^^^^^^^^^^^^^^^^^^^^^^
  File "C:\Program Files\Python313\Lib\socketserver.py", line 766, in __init__
    self.handle()
    ~~~~~~~~~~~^^
  File "C:\Program Files\Python313\Lib\http\server.py", line 436, in handle
    self.handle_one_request()
    ~~~~~~~~~~~~~~~~~~~~~~~^^
  File "C:\Program Files\Python313\Lib\http\server.py", line 424, in handle_one_request
    method()
    ~~~~~~^^
  File "E:\Code\AideanCompany\fleet\console\console.py", line 1586, in do_GET
    self._json(fleet_health())
    ~~~~~~~~~~^^^^^^^^^^^^^^^^
  File "E:\Code\AideanCompany\fleet\console\console.py", line 1439, in _json
    self.wfile.write(b)
    ~~~~~~~~~~~~~~~~^^^
  File "C:\Program Files\Python313\Lib\socketserver.py", line 845, in write
    self._sock.sendall(b)
    ~~~~~~~~~~~~~~~~~~^^^
ConnectionAbortedError: [WinError 10053] ä½ çš„ä¸»æœºä¸­çš„è½¯ä»¶ä¸­æ­¢äº†ä¸€ä¸ªå·²å»ºç«‹çš„è¿žæŽ¥ã€‚
----------------------------------------
----------------------------------------
Exception occurred during processing of request from ('127.0.0.1', 60882)
Traceback (most recent call last):
  File "C:\Program Files\Python313\Lib\socketserver.py", line 697, in process_request_thread
    self.finish_request(request, client_address)
    ~~~~~~~~~~~~~~~~~~~^^^^^^^^^^^^^^^^^^^^^^^^^
  File "C:\Program Files\Python313\Lib\socketserver.py", line 362, in finish_request
    self.RequestHandlerClass(request, client_address, self)
    ~~~~~~~~~~~~~~~~~~~~~~~~^^^^^^^^^^^^^^^^^^^^^^^^^^^^^^^
  File "C:\Program Files\Python313\Lib\socketserver.py", line 766, in __init__
    self.handle()
    ~~~~~~~~~~~^^
  File "C:\Program Files\Python313\Lib\http\server.py", line 436, in handle
    self.handle_one_request()
    ~~~~~~~~~~~~~~~~~~~~~~~^^
  File "C:\Program Files\Python313\Lib\http\server.py", line 424, in handle_one_request
    method()
    ~~~~~~^^
  File "E:\Code\AideanCompany\fleet\console\console.py", line 1586, in do_GET
    self._json(fleet_health())
    ~~~~~~~~~~^^^^^^^^^^^^^^^^
  File "E:\Code\AideanCompany\fleet\console\console.py", line 1439, in _json
    self.wfile.write(b)
    ~~~~~~~~~~~~~~~~^^^
  File "C:\Program Files\Python313\Lib\socketserver.py", line 845, in write
    self._sock.sendall(b)
    ~~~~~~~~~~~~~~~~~~^^^
ConnectionAbortedError: [WinError 10053] ä½ çš„ä¸»æœºä¸­çš„è½¯ä»¶ä¸­æ­¢äº†ä¸€ä¸ªå·²å»ºç«‹çš„è¿žæŽ¥ã€‚
----------------------------------------
----------------------------------------
Exception occurred during processing of request from ('127.0.0.1', 55669)
Traceback (most recent call last):
  File "C:\Program Files\Python313\Lib\socketserver.py", line 697, in process_request_thread
    self.finish_request(request, client_address)
    ~~~~~~~~~~~~~~~~~~~^^^^^^^^^^^^^^^^^^^^^^^^^
  File "C:\Program Files\Python313\Lib\socketserver.py", line 362, in finish_request
    self.RequestHandlerClass(request, client_address, self)
    ~~~~~~~~~~~~~~~~~~~~~~~~^^^^^^^^^^^^^^^^^^^^^^^^^^^^^^^
  File "C:\Program Files\Python313\Lib\socketserver.py", line 766, in __init__
    self.handle()
    ~~~~~~~~~~~^^
  File "C:\Program Files\Python313\Lib\http\server.py", line 436, in handle
    self.handle_one_request()
    ~~~~~~~~~~~~~~~~~~~~~~~^^
  File "C:\Program Files\Python313\Lib\http\server.py", line 424, in handle_one_request
    method()
    ~~~~~~^^
  File "E:\Code\AideanCompany\fleet\console\console.py", line 1700, in do_GET
    self._json(fleet_health())
    ~~~~~~~~~~^^^^^^^^^^^^^^^^
  File "E:\Code\AideanCompany\fleet\console\console.py", line 1553, in _json
    self.wfile.write(b)
    ~~~~~~~~~~~~~~~~^^^
  File "C:\Program Files\Python313\Lib\socketserver.py", line 845, in write
    self._sock.sendall(b)
    ~~~~~~~~~~~~~~~~~~^^^
ConnectionAbortedError: [WinError 10053] ÄãµÄÖ÷»úÖÐµÄÈí¼þÖÐÖ¹ÁËÒ»¸öÒÑ½¨Á¢µÄÁ¬½Ó¡£
----------------------------------------
----------------------------------------
Exception occurred during processing of request from ('127.0.0.1', 55680)
Traceback (most recent call last):
  File "C:\Program Files\Python313\Lib\socketserver.py", line 697, in process_request_thread
    self.finish_request(request, client_address)
    ~~~~~~~~~~~~~~~~~~~^^^^^^^^^^^^^^^^^^^^^^^^^
  File "C:\Program Files\Python313\Lib\socketserver.py", line 362, in finish_request
    self.RequestHandlerClass(request, client_address, self)
    ~~~~~~~~~~~~~~~~~~~~~~~~^^^^^^^^^^^^^^^^^^^^^^^^^^^^^^^
  File "C:\Program Files\Python313\Lib\socketserver.py", line 766, in __init__
    self.handle()
    ~~~~~~~~~~~^^
  File "C:\Program Files\Python313\Lib\http\server.py", line 436, in handle
    self.handle_one_request()
    ~~~~~~~~~~~~~~~~~~~~~~~^^
  File "C:\Program Files\Python313\Lib\http\server.py", line 424, in handle_one_request
    method()
    ~~~~~~^^
  File "E:\Code\AideanCompany\fleet\console\console.py", line 1700, in do_GET
    self._json(fleet_health())
    ~~~~~~~~~~^^^^^^^^^^^^^^^^
  File "E:\Code\AideanCompany\fleet\console\console.py", line 1553, in _json
    self.wfile.write(b)
    ~~~~~~~~~~~~~~~~^^^
  File "C:\Program Files\Python313\Lib\socketserver.py", line 845, in write
    self._sock.sendall(b)
    ~~~~~~~~~~~~~~~~~~^^^
ConnectionAbortedError: [WinError 10053] ÄãµÄÖ÷»úÖÐµÄÈí¼þÖÐÖ¹ÁËÒ»¸öÒÑ½¨Á¢µÄÁ¬½Ó¡£
----------------------------------------
----------------------------------------
Exception occurred during processing of request from ('127.0.0.1', 61186)
Traceback (most recent call last):
  File "C:\Program Files\Python313\Lib\socketserver.py", line 697, in process_request_thread
    self.finish_request(request, client_address)
    ~~~~~~~~~~~~~~~~~~~^^^^^^^^^^^^^^^^^^^^^^^^^
  File "C:\Program Files\Python313\Lib\socketserver.py", line 362, in finish_request
    self.RequestHandlerClass(request, client_address, self)
    ~~~~~~~~~~~~~~~~~~~~~~~~^^^^^^^^^^^^^^^^^^^^^^^^^^^^^^^
  File "C:\Program Files\Python313\Lib\socketserver.py", line 766, in __init__
    self.handle()
    ~~~~~~~~~~~^^
  File "C:\Program Files\Python313\Lib\http\server.py", line 436, in handle
    self.handle_one_request()
    ~~~~~~~~~~~~~~~~~~~~~~~^^
  File "C:\Program Files\Python313\Lib\http\server.py", line 424, in handle_one_request
    method()
    ~~~~~~^^
  File "E:\Code\AideanCompany\fleet\console\console.py", line 1700, in do_GET
    self._json(fleet_health())
    ~~~~~~~~~~^^^^^^^^^^^^^^^^
  File "E:\Code\AideanCompany\fleet\console\console.py", line 1553, in _json
    self.wfile.write(b)
    ~~~~~~~~~~~~~~~~^^^
  File "C:\Program Files\Python313\Lib\socketserver.py", line 845, in write
    self._sock.sendall(b)
    ~~~~~~~~~~~~~~~~~~^^^
ConnectionAbortedError: [WinError 10053] ÄãµÄÖ÷»úÖÐµÄÈí¼þÖÐÖ¹ÁËÒ»¸öÒÑ½¨Á¢µÄÁ¬½Ó¡£
----------------------------------------
----------------------------------------
Exception occurred during processing of request from ('127.0.0.1', 58739)
Traceback (most recent call last):
  File "C:\Program Files\Python313\Lib\socketserver.py", line 697, in process_request_thread
    self.finish_request(request, client_address)
    ~~~~~~~~~~~~~~~~~~~^^^^^^^^^^^^^^^^^^^^^^^^^
  File "C:\Program Files\Python313\Lib\socketserver.py", line 362, in finish_request
    self.RequestHandlerClass(request, client_address, self)
    ~~~~~~~~~~~~~~~~~~~~~~~~^^^^^^^^^^^^^^^^^^^^^^^^^^^^^^^
  File "C:\Program Files\Python313\Lib\socketserver.py", line 766, in __init__
    self.handle()
    ~~~~~~~~~~~^^
  File "C:\Program Files\Python313\Lib\http\server.py", line 436, in handle
    self.handle_one_request()
    ~~~~~~~~~~~~~~~~~~~~~~~^^
  File "C:\Program Files\Python313\Lib\http\server.py", line 424, in handle_one_request
    method()
    ~~~~~~^^
  File "E:\Code\AideanCompany\fleet\console\console.py", line 1700, in do_GET
    self._json(fleet_health())
    ~~~~~~~~~~^^^^^^^^^^^^^^^^
  File "E:\Code\AideanCompany\fleet\console\console.py", line 1553, in _json
    self.wfile.write(b)
    ~~~~~~~~~~~~~~~~^^^
  File "C:\Program Files\Python313\Lib\socketserver.py", line 845, in write
    self._sock.sendall(b)
    ~~~~~~~~~~~~~~~~~~^^^
ConnectionAbortedError: [WinError 10053] ÄãµÄÖ÷»úÖÐµÄÈí¼þÖÐÖ¹ÁËÒ»¸öÒÑ½¨Á¢µÄÁ¬½Ó¡£
----------------------------------------
----------------------------------------
Exception occurred during processing of request from ('127.0.0.1', 58760)
Traceback (most recent call last):
  File "C:\Program Files\Python313\Lib\socketserver.py", line 697, in process_request_thread
    self.finish_request(request, client_address)
    ~~~~~~~~~~~~~~~~~~~^^^^^^^^^^^^^^^^^^^^^^^^^
  File "C:\Program Files\Python313\Lib\socketserver.py", line 362, in finish_request
    self.RequestHandlerClass(request, client_address, self)
    ~~~~~~~~~~~~~~~~~~~~~~~~^^^^^^^^^^^^^^^^^^^^^^^^^^^^^^^
  File "C:\Program Files\Python313\Lib\socketserver.py", line 766, in __init__
    self.handle()
    ~~~~~~~~~~~^^
  File "C:\Program Files\Python313\Lib\http\server.py", line 436, in handle
    self.handle_one_request()
    ~~~~~~~~~~~~~~~~~~~~~~~^^
  File "C:\Program Files\Python313\Lib\http\server.py", line 424, in handle_one_request
    method()
    ~~~~~~^^
  File "E:\Code\AideanCompany\fleet\console\console.py", line 1700, in do_GET
    self._json(fleet_health())
    ~~~~~~~~~~^^^^^^^^^^^^^^^^
  File "E:\Code\AideanCompany\fleet\console\console.py", line 1553, in _json
    self.wfile.write(b)
    ~~~~~~~~~~~~~~~~^^^
  File "C:\Program Files\Python313\Lib\socketserver.py", line 845, in write
    self._sock.sendall(b)
    ~~~~~~~~~~~~~~~~~~^^^
ConnectionAbortedError: [WinError 10053] ÄãµÄÖ÷»úÖÐµÄÈí¼þÖÐÖ¹ÁËÒ»¸öÒÑ½¨Á¢µÄÁ¬½Ó¡£
----------------------------------------
----------------------------------------
Exception occurred during processing of request from ('127.0.0.1', 50190)
Traceback (most recent call last):
  File "C:\Program Files\Python313\Lib\socketserver.py", line 697, in process_request_thread
    self.finish_request(request, client_address)
    ~~~~~~~~~~~~~~~~~~~^^^^^^^^^^^^^^^^^^^^^^^^^
  File "C:\Program Files\Python313\Lib\socketserver.py", line 362, in finish_request
    self.RequestHandlerClass(request, client_address, self)
    ~~~~~~~~~~~~~~~~~~~~~~~~^^^^^^^^^^^^^^^^^^^^^^^^^^^^^^^
  File "C:\Program Files\Python313\Lib\socketserver.py", line 766, in __init__
    self.handle()
    ~~~~~~~~~~~^^
  File "C:\Program Files\Python313\Lib\http\server.py", line 436, in handle
    self.handle_one_request()
    ~~~~~~~~~~~~~~~~~~~~~~~^^
  File "C:\Program Files\Python313\Lib\http\server.py", line 424, in handle_one_request
    method()
    ~~~~~~^^
  File "E:\Code\AideanCompany\fleet\console\console.py", line 1700, in do_GET
    self._json(fleet_health())
    ~~~~~~~~~~^^^^^^^^^^^^^^^^
  File "E:\Code\AideanCompany\fleet\console\console.py", line 1553, in _json
    self.wfile.write(b)
    ~~~~~~~~~~~~~~~~^^^
  File "C:\Program Files\Python313\Lib\socketserver.py", line 845, in write
    self._sock.sendall(b)
    ~~~~~~~~~~~~~~~~~~^^^
ConnectionAbortedError: [WinError 10053] ÄãµÄÖ÷»úÖÐµÄÈí¼þÖÐÖ¹ÁËÒ»¸öÒÑ½¨Á¢µÄÁ¬½Ó¡£
----------------------------------------
----------------------------------------
Exception occurred during processing of request from ('127.0.0.1', 62775)
Traceback (most recent call last):
  File "C:\Program Files\Python313\Lib\socketserver.py", line 697, in process_request_thread
    self.finish_request(request, client_address)
    ~~~~~~~~~~~~~~~~~~~^^^^^^^^^^^^^^^^^^^^^^^^^
  File "C:\Program Files\Python313\Lib\socketserver.py", line 362, in finish_request
    self.RequestHandlerClass(request, client_address, self)
    ~~~~~~~~~~~~~~~~~~~~~~~~^^^^^^^^^^^^^^^^^^^^^^^^^^^^^^^
  File "C:\Program Files\Python313\Lib\socketserver.py", line 766, in __init__
    self.handle()
    ~~~~~~~~~~~^^
  File "C:\Program Files\Python313\Lib\http\server.py", line 436, in handle
    self.handle_one_request()
    ~~~~~~~~~~~~~~~~~~~~~~~^^
  File "C:\Program Files\Python313\Lib\http\server.py", line 424, in handle_one_request
    method()
    ~~~~~~^^
  File "E:\Code\AideanCompany\fleet\console\console.py", line 1700, in do_GET
    self._json(fleet_health())
    ~~~~~~~~~~^^^^^^^^^^^^^^^^
  File "E:\Code\AideanCompany\fleet\console\console.py", line 1553, in _json
    self.wfile.write(b)
    ~~~~~~~~~~~~~~~~^^^
  File "C:\Program Files\Python313\Lib\socketserver.py", line 845, in write
    self._sock.sendall(b)
    ~~~~~~~~~~~~~~~~~~^^^
ConnectionAbortedError: [WinError 10053] ÄãµÄÖ÷»úÖÐµÄÈí¼þÖÐÖ¹ÁËÒ»¸öÒÑ½¨Á¢µÄÁ¬½Ó¡£
----------------------------------------
----------------------------------------
Exception occurred during processing of request from ('127.0.0.1', 56626)
Traceback (most recent call last):
  File "C:\Program Files\Python313\Lib\socketserver.py", line 697, in process_request_thread
    self.finish_request(request, client_address)
    ~~~~~~~~~~~~~~~~~~~^^^^^^^^^^^^^^^^^^^^^^^^^
  File "C:\Program Files\Python313\Lib\socketserver.py", line 362, in finish_request
    self.RequestHandlerClass(request, client_address, self)
    ~~~~~~~~~~~~~~~~~~~~~~~~^^^^^^^^^^^^^^^^^^^^^^^^^^^^^^^
  File "C:\Program Files\Python313\Lib\socketserver.py", line 766, in __init__
    self.handle()
    ~~~~~~~~~~~^^
  File "C:\Program Files\Python313\Lib\http\server.py", line 436, in handle
    self.handle_one_request()
    ~~~~~~~~~~~~~~~~~~~~~~~^^
  File "C:\Program Files\Python313\Lib\http\server.py", line 424, in handle_one_request
    method()
    ~~~~~~^^
  File "E:\Code\AideanCompany\fleet\console\console.py", line 1700, in do_GET
    self._json(fleet_health())
    ~~~~~~~~~~^^^^^^^^^^^^^^^^
  File "E:\Code\AideanCompany\fleet\console\console.py", line 1553, in _json
    self.wfile.write(b)
    ~~~~~~~~~~~~~~~~^^^
  File "C:\Program Files\Python313\Lib\socketserver.py", line 845, in write
    self._sock.sendall(b)
    ~~~~~~~~~~~~~~~~~~^^^
ConnectionAbortedError: [WinError 10053] ÄãµÄÖ÷»úÖÐµÄÈí¼þÖÐÖ¹ÁËÒ»¸öÒÑ½¨Á¢µÄÁ¬½Ó¡£
----------------------------------------
----------------------------------------
Exception occurred during processing of request from ('127.0.0.1', 55015)
Traceback (most recent call last):
  File "C:\Program Files\Python313\Lib\socketserver.py", line 697, in process_request_thread
    self.finish_request(request, client_address)
    ~~~~~~~~~~~~~~~~~~~^^^^^^^^^^^^^^^^^^^^^^^^^
  File "C:\Program Files\Python313\Lib\socketserver.py", line 362, in finish_request
    self.RequestHandlerClass(request, client_address, self)
    ~~~~~~~~~~~~~~~~~~~~~~~~^^^^^^^^^^^^^^^^^^^^^^^^^^^^^^^
  File "C:\Program Files\Python313\Lib\socketserver.py", line 766, in __init__
    self.handle()
    ~~~~~~~~~~~^^
  File "C:\Program Files\Python313\Lib\http\server.py", line 436, in handle
    self.handle_one_request()
    ~~~~~~~~~~~~~~~~~~~~~~~^^
  File "C:\Program Files\Python313\Lib\http\server.py", line 424, in handle_one_request
    method()
    ~~~~~~^^
  File "E:\Code\AideanCompany\fleet\console\console.py", line 1700, in do_GET
    self._json(fleet_health())
    ~~~~~~~~~~^^^^^^^^^^^^^^^^
  File "E:\Code\AideanCompany\fleet\console\console.py", line 1553, in _json
    self.wfile.write(b)
    ~~~~~~~~~~~~~~~~^^^
  File "C:\Program Files\Python313\Lib\socketserver.py", line 845, in write
    self._sock.sendall(b)
    ~~~~~~~~~~~~~~~~~~^^^
ConnectionAbortedError: [WinError 10053] ÄãµÄÖ÷»úÖÐµÄÈí¼þÖÐÖ¹ÁËÒ»¸öÒÑ½¨Á¢µÄÁ¬½Ó¡£
----------------------------------------
----------------------------------------
Exception occurred during processing of request from ('127.0.0.1', 57661)
Traceback (most recent call last):
  File "C:\Program Files\Python313\Lib\socketserver.py", line 697, in process_request_thread
    self.finish_request(request, client_address)
    ~~~~~~~~~~~~~~~~~~~^^^^^^^^^^^^^^^^^^^^^^^^^
  File "C:\Program Files\Python313\Lib\socketserver.py", line 362, in finish_request
    self.RequestHandlerClass(request, client_address, self)
    ~~~~~~~~~~~~~~~~~~~~~~~~^^^^^^^^^^^^^^^^^^^^^^^^^^^^^^^
  File "C:\Program Files\Python313\Lib\socketserver.py", line 766, in __init__
    self.handle()
    ~~~~~~~~~~~^^
  File "C:\Program Files\Python313\Lib\http\server.py", line 436, in handle
    self.handle_one_request()
    ~~~~~~~~~~~~~~~~~~~~~~~^^
  File "C:\Program Files\Python313\Lib\http\server.py", line 424, in handle_one_request
    method()
    ~~~~~~^^
  File "E:\Code\AideanCompany\fleet\console\console.py", line 1700, in do_GET
    self._json(fleet_health())
    ~~~~~~~~~~^^^^^^^^^^^^^^^^
  File "E:\Code\AideanCompany\fleet\console\console.py", line 1553, in _json
    self.wfile.write(b)
    ~~~~~~~~~~~~~~~~^^^
  File "C:\Program Files\Python313\Lib\socketserver.py", line 845, in write
    self._sock.sendall(b)
    ~~~~~~~~~~~~~~~~~~^^^
ConnectionAbortedError: [WinError 10053] ÄãµÄÖ÷»úÖÐµÄÈí¼þÖÐÖ¹ÁËÒ»¸öÒÑ½¨Á¢µÄÁ¬½Ó¡£
----------------------------------------
----------------------------------------
Exception occurred during processing of request from ('127.0.0.1', 59583)
Traceback (most recent call last):
  File "C:\Program Files\Python313\Lib\socketserver.py", line 697, in process_request_thread
    self.finish_request(request, client_address)
    ~~~~~~~~~~~~~~~~~~~^^^^^^^^^^^^^^^^^^^^^^^^^
  File "C:\Program Files\Python313\Lib\socketserver.py", line 362, in finish_request
    self.RequestHandlerClass(request, client_address, self)
    ~~~~~~~~~~~~~~~~~~~~~~~~^^^^^^^^^^^^^^^^^^^^^^^^^^^^^^^
  File "C:\Program Files\Python313\Lib\socketserver.py", line 766, in __init__
    self.handle()
    ~~~~~~~~~~~^^
  File "C:\Program Files\Python313\Lib\http\server.py", line 436, in handle
    self.handle_one_request()
    ~~~~~~~~~~~~~~~~~~~~~~~^^
  File "C:\Program Files\Python313\Lib\http\server.py", line 424, in handle_one_request
    method()
    ~~~~~~^^
  File "E:\Code\AideanCompany\fleet\console\console.py", line 1700, in do_GET
    self._json(fleet_health())
    ~~~~~~~~~~^^^^^^^^^^^^^^^^
  File "E:\Code\AideanCompany\fleet\console\console.py", line 1553, in _json
    self.wfile.write(b)
    ~~~~~~~~~~~~~~~~^^^
  File "C:\Program Files\Python313\Lib\socketserver.py", line 845, in write
    self._sock.sendall(b)
    ~~~~~~~~~~~~~~~~~~^^^
ConnectionAbortedError: [WinError 10053] ÄãµÄÖ÷»úÖÐµÄÈí¼þÖÐÖ¹ÁËÒ»¸öÒÑ½¨Á¢µÄÁ¬½Ó¡£
----------------------------------------
----------------------------------------
Exception occurred during processing of request from ('127.0.0.1', 57174)
Traceback (most recent call last):
  File "C:\Program Files\Python313\Lib\socketserver.py", line 697, in process_request_thread
    self.finish_request(request, client_address)
    ~~~~~~~~~~~~~~~~~~~^^^^^^^^^^^^^^^^^^^^^^^^^
  File "C:\Program Files\Python313\Lib\socketserver.py", line 362, in finish_request
    self.RequestHandlerClass(request, client_address, self)
    ~~~~~~~~~~~~~~~~~~~~~~~~^^^^^^^^^^^^^^^^^^^^^^^^^^^^^^^
  File "C:\Program Files\Python313\Lib\socketserver.py", line 766, in __init__
    self.handle()
    ~~~~~~~~~~~^^
  File "C:\Program Files\Python313\Lib\http\server.py", line 436, in handle
    self.handle_one_request()
    ~~~~~~~~~~~~~~~~~~~~~~~^^
  File "C:\Program Files\Python313\Lib\http\server.py", line 424, in handle_one_request
    method()
    ~~~~~~^^
  File "E:\Code\AideanCompany\fleet\console\console.py", line 1700, in do_GET
    self._json(fleet_health())
    ~~~~~~~~~~^^^^^^^^^^^^^^^^
  File "E:\Code\AideanCompany\fleet\console\console.py", line 1553, in _json
    self.wfile.write(b)
    ~~~~~~~~~~~~~~~~^^^
  File "C:\Program Files\Python313\Lib\socketserver.py", line 845, in write
    self._sock.sendall(b)
    ~~~~~~~~~~~~~~~~~~^^^
ConnectionAbortedError: [WinError 10053] ÄãµÄÖ÷»úÖÐµÄÈí¼þÖÐÖ¹ÁËÒ»¸öÒÑ½¨Á¢µÄÁ¬½Ó¡£
----------------------------------------
----------------------------------------
Exception occurred during processing of request from ('127.0.0.1', 57217)
Traceback (most recent call last):
  File "C:\Program Files\Python313\Lib\socketserver.py", line 697, in process_request_thread
    self.finish_request(request, client_address)
    ~~~~~~~~~~~~~~~~~~~^^^^^^^^^^^^^^^^^^^^^^^^^
  File "C:\Program Files\Python313\Lib\socketserver.py", line 362, in finish_request
    self.RequestHandlerClass(request, client_address, self)
    ~~~~~~~~~~~~~~~~~~~~~~~~^^^^^^^^^^^^^^^^^^^^^^^^^^^^^^^
  File "C:\Program Files\Python313\Lib\socketserver.py", line 766, in __init__
    self.handle()
    ~~~~~~~~~~~^^
  File "C:\Program Files\Python313\Lib\http\server.py", line 436, in handle
    self.handle_one_request()
    ~~~~~~~~~~~~~~~~~~~~~~~^^
  File "C:\Program Files\Python313\Lib\http\server.py", line 424, in handle_one_request
    method()
    ~~~~~~^^
  File "E:\Code\AideanCompany\fleet\console\console.py", line 1700, in do_GET
    self._json(fleet_health())
    ~~~~~~~~~~^^^^^^^^^^^^^^^^
  File "E:\Code\AideanCompany\fleet\console\console.py", line 1553, in _json
    self.wfile.write(b)
    ~~~~~~~~~~~~~~~~^^^
  File "C:\Program Files\Python313\Lib\socketserver.py", line 845, in write
    self._sock.sendall(b)
    ~~~~~~~~~~~~~~~~~~^^^
ConnectionAbortedError: [WinError 10053] ÄãµÄÖ÷»úÖÐµÄÈí¼þÖÐÖ¹ÁËÒ»¸öÒÑ½¨Á¢µÄÁ¬½Ó¡£
----------------------------------------
----------------------------------------
Exception occurred during processing of request from ('127.0.0.1', 50921)
Traceback (most recent call last):
  File "C:\Program Files\Python313\Lib\socketserver.py", line 697, in process_request_thread
    self.finish_request(request, client_address)
    ~~~~~~~~~~~~~~~~~~~^^^^^^^^^^^^^^^^^^^^^^^^^
  File "C:\Program Files\Python313\Lib\socketserver.py", line 362, in finish_request
    self.RequestHandlerClass(request, client_address, self)
    ~~~~~~~~~~~~~~~~~~~~~~~~^^^^^^^^^^^^^^^^^^^^^^^^^^^^^^^
  File "C:\Program Files\Python313\Lib\socketserver.py", line 766, in __init__
    self.handle()
    ~~~~~~~~~~~^^
  File "C:\Program Files\Python313\Lib\http\server.py", line 436, in handle
    self.handle_one_request()
    ~~~~~~~~~~~~~~~~~~~~~~~^^
  File "C:\Program Files\Python313\Lib\http\server.py", line 424, in handle_one_request
    method()
    ~~~~~~^^
  File "E:\Code\AideanCompany\fleet\console\console.py", line 1700, in do_GET
    self._json(fleet_health())
    ~~~~~~~~~~^^^^^^^^^^^^^^^^
  File "E:\Code\AideanCompany\fleet\console\console.py", line 1553, in _json
    self.wfile.write(b)
    ~~~~~~~~~~~~~~~~^^^
  File "C:\Program Files\Python313\Lib\socketserver.py", line 845, in write
    self._sock.sendall(b)
    ~~~~~~~~~~~~~~~~~~^^^
ConnectionAbortedError: [WinError 10053] ÄãµÄÖ÷»úÖÐµÄÈí¼þÖÐÖ¹ÁËÒ»¸öÒÑ½¨Á¢µÄÁ¬½Ó¡£
----------------------------------------
----------------------------------------
Exception occurred during processing of request from ('127.0.0.1', 50943)
Traceback (most recent call last):
  File "C:\Program Files\Python313\Lib\socketserver.py", line 697, in process_request_thread
    self.finish_request(request, client_address)
    ~~~~~~~~~~~~~~~~~~~^^^^^^^^^^^^^^^^^^^^^^^^^
  File "C:\Program Files\Python313\Lib\socketserver.py", line 362, in finish_request
    self.RequestHandlerClass(request, client_address, self)
    ~~~~~~~~~~~~~~~~~~~~~~~~^^^^^^^^^^^^^^^^^^^^^^^^^^^^^^^
  File "C:\Program Files\Python313\Lib\socketserver.py", line 766, in __init__
    self.handle()
    ~~~~~~~~~~~^^
  File "C:\Program Files\Python313\Lib\http\server.py", line 436, in handle
    self.handle_one_request()
    ~~~~~~~~~~~~~~~~~~~~~~~^^
  File "C:\Program Files\Python313\Lib\http\server.py", line 424, in handle_one_request
    method()
    ~~~~~~^^
  File "E:\Code\AideanCompany\fleet\console\console.py", line 1700, in do_GET
    self._json(fleet_health())
    ~~~~~~~~~~^^^^^^^^^^^^^^^^
  File "E:\Code\AideanCompany\fleet\console\console.py", line 1553, in _json
    self.wfile.write(b)
    ~~~~~~~~~~~~~~~~^^^
  File "C:\Program Files\Python313\Lib\socketserver.py", line 845, in write
    self._sock.sendall(b)
    ~~~~~~~~~~~~~~~~~~^^^
ConnectionAbortedError: [WinError 10053] ÄãµÄÖ÷»úÖÐµÄÈí¼þÖÐÖ¹ÁËÒ»¸öÒÑ½¨Á¢µÄÁ¬½Ó¡£
----------------------------------------
----------------------------------------
Exception occurred during processing of request from ('127.0.0.1', 50967)
Traceback (most recent call last):
  File "C:\Program Files\Python313\Lib\socketserver.py", line 697, in process_request_thread
    self.finish_request(request, client_address)
    ~~~~~~~~~~~~~~~~~~~^^^^^^^^^^^^^^^^^^^^^^^^^
  File "C:\Program Files\Python313\Lib\socketserver.py", line 362, in finish_request
    self.RequestHandlerClass(request, client_address, self)
    ~~~~~~~~~~~~~~~~~~~~~~~~^^^^^^^^^^^^^^^^^^^^^^^^^^^^^^^
  File "C:\Program Files\Python313\Lib\socketserver.py", line 766, in __init__
    self.handle()
    ~~~~~~~~~~~^^
  File "C:\Program Files\Python313\Lib\http\server.py", line 436, in handle
    self.handle_one_request()
    ~~~~~~~~~~~~~~~~~~~~~~~^^
  File "C:\Program Files\Python313\Lib\http\server.py", line 424, in handle_one_request
    method()
    ~~~~~~^^
  File "E:\Code\AideanCompany\fleet\console\console.py", line 1700, in do_GET
    self._json(fleet_health())
    ~~~~~~~~~~^^^^^^^^^^^^^^^^
  File "E:\Code\AideanCompany\fleet\console\console.py", line 1553, in _json
    self.wfile.write(b)
    ~~~~~~~~~~~~~~~~^^^
  File "C:\Program Files\Python313\Lib\socketserver.py", line 845, in write
    self._sock.sendall(b)
    ~~~~~~~~~~~~~~~~~~^^^
ConnectionAbortedError: [WinError 10053] ÄãµÄÖ÷»úÖÐµÄÈí¼þÖÐÖ¹ÁËÒ»¸öÒÑ½¨Á¢µÄÁ¬½Ó¡£
----------------------------------------
----------------------------------------
Exception occurred during processing of request from ('127.0.0.1', 61733)
Traceback (most recent call last):
  File "C:\Program Files\Python313\Lib\socketserver.py", line 697, in process_request_thread
    self.finish_request(request, client_address)
    ~~~~~~~~~~~~~~~~~~~^^^^^^^^^^^^^^^^^^^^^^^^^
  File "C:\Program Files\Python313\Lib\socketserver.py", line 362, in finish_request
    self.RequestHandlerClass(request, client_address, self)
    ~~~~~~~~~~~~~~~~~~~~~~~~^^^^^^^^^^^^^^^^^^^^^^^^^^^^^^^
  File "C:\Program Files\Python313\Lib\socketserver.py", line 766, in __init__
    self.handle()
    ~~~~~~~~~~~^^
  File "C:\Program Files\Python313\Lib\http\server.py", line 436, in handle
    self.handle_one_request()
    ~~~~~~~~~~~~~~~~~~~~~~~^^
  File "C:\Program Files\Python313\Lib\http\server.py", line 424, in handle_one_request
    method()
    ~~~~~~^^
  File "E:\Code\AideanCompany\fleet\console\console.py", line 1700, in do_GET
    self._json(fleet_health())
    ~~~~~~~~~~^^^^^^^^^^^^^^^^
  File "E:\Code\AideanCompany\fleet\console\console.py", line 1553, in _json
    self.wfile.write(b)
    ~~~~~~~~~~~~~~~~^^^
  File "C:\Program Files\Python313\Lib\socketserver.py", line 845, in write
    self._sock.sendall(b)
    ~~~~~~~~~~~~~~~~~~^^^
ConnectionAbortedError: [WinError 10053] ÄãµÄÖ÷»úÖÐµÄÈí¼þÖÐÖ¹ÁËÒ»¸öÒÑ½¨Á¢µÄÁ¬½Ó¡£
----------------------------------------
----------------------------------------
Exception occurred during processing of request from ('127.0.0.1', 61784)
Traceback (most recent call last):
  File "C:\Program Files\Python313\Lib\socketserver.py", line 697, in process_request_thread
    self.finish_request(request, client_address)
    ~~~~~~~~~~~~~~~~~~~^^^^^^^^^^^^^^^^^^^^^^^^^
  File "C:\Program Files\Python313\Lib\socketserver.py", line 362, in finish_request
    self.RequestHandlerClass(request, client_address, self)
    ~~~~~~~~~~~~~~~~~~~~~~~~^^^^^^^^^^^^^^^^^^^^^^^^^^^^^^^
  File "C:\Program Files\Python313\Lib\socketserver.py", line 766, in __init__
    self.handle()
    ~~~~~~~~~~~^^
  File "C:\Program Files\Python313\Lib\http\server.py", line 436, in handle
    self.handle_one_request()
    ~~~~~~~~~~~~~~~~~~~~~~~^^
  File "C:\Program Files\Python313\Lib\http\server.py", line 424, in handle_one_request
    method()
    ~~~~~~^^
  File "E:\Code\AideanCompany\fleet\console\console.py", line 1700, in do_GET
    self._json(fleet_health())
    ~~~~~~~~~~^^^^^^^^^^^^^^^^
  File "E:\Code\AideanCompany\fleet\console\console.py", line 1553, in _json
    self.wfile.write(b)
    ~~~~~~~~~~~~~~~~^^^
  File "C:\Program Files\Python313\Lib\socketserver.py", line 845, in write
    self._sock.sendall(b)
    ~~~~~~~~~~~~~~~~~~^^^
ConnectionAbortedError: [WinError 10053] ÄãµÄÖ÷»úÖÐµÄÈí¼þÖÐÖ¹ÁËÒ»¸öÒÑ½¨Á¢µÄÁ¬½Ó¡£
----------------------------------------
----------------------------------------
Exception occurred during processing of request from ('127.0.0.1', 50222)
Traceback (most recent call last):
  File "C:\Program Files\Python313\Lib\socketserver.py", line 697, in process_request_thread
    self.finish_request(request, client_address)
    ~~~~~~~~~~~~~~~~~~~^^^^^^^^^^^^^^^^^^^^^^^^^
  File "C:\Program Files\Python313\Lib\socketserver.py", line 362, in finish_request
    self.RequestHandlerClass(request, client_address, self)
    ~~~~~~~~~~~~~~~~~~~~~~~~^^^^^^^^^^^^^^^^^^^^^^^^^^^^^^^
  File "C:\Program Files\Python313\Lib\socketserver.py", line 766, in __init__
    self.handle()
    ~~~~~~~~~~~^^
  File "C:\Program Files\Python313\Lib\http\server.py", line 436, in handle
    self.handle_one_request()
    ~~~~~~~~~~~~~~~~~~~~~~~^^
  File "C:\Program Files\Python313\Lib\http\server.py", line 424, in handle_one_request
    method()
    ~~~~~~^^
  File "E:\Code\AideanCompany\fleet\console\console.py", line 1700, in do_GET
    self._json(fleet_health())
    ~~~~~~~~~~^^^^^^^^^^^^^^^^
  File "E:\Code\AideanCompany\fleet\console\console.py", line 1553, in _json
    self.wfile.write(b)
    ~~~~~~~~~~~~~~~~^^^
  File "C:\Program Files\Python313\Lib\socketserver.py", line 845, in write
    self._sock.sendall(b)
    ~~~~~~~~~~~~~~~~~~^^^
ConnectionAbortedError: [WinError 10053] ÄãµÄÖ÷»úÖÐµÄÈí¼þÖÐÖ¹ÁËÒ»¸öÒÑ½¨Á¢µÄÁ¬½Ó¡£
----------------------------------------
----------------------------------------
Exception occurred during processing of request from ('127.0.0.1', 60786)
Traceback (most recent call last):
  File "C:\Program Files\Python313\Lib\socketserver.py", line 697, in process_request_thread
    self.finish_request(request, client_address)
    ~~~~~~~~~~~~~~~~~~~^^^^^^^^^^^^^^^^^^^^^^^^^
  File "C:\Program Files\Python313\Lib\socketserver.py", line 362, in finish_request
    self.RequestHandlerClass(request, client_address, self)
    ~~~~~~~~~~~~~~~~~~~~~~~~^^^^^^^^^^^^^^^^^^^^^^^^^^^^^^^
  File "C:\Program Files\Python313\Lib\socketserver.py", line 766, in __init__
    self.handle()
    ~~~~~~~~~~~^^
  File "C:\Program Files\Python313\Lib\http\server.py", line 436, in handle
    self.handle_one_request()
    ~~~~~~~~~~~~~~~~~~~~~~~^^
  File "C:\Program Files\Python313\Lib\http\server.py", line 424, in handle_one_request
    method()
    ~~~~~~^^
  File "E:\Code\AideanCompany\fleet\console\console.py", line 1700, in do_GET
    self._json(fleet_health())
    ~~~~~~~~~~^^^^^^^^^^^^^^^^
  File "E:\Code\AideanCompany\fleet\console\console.py", line 1553, in _json
    self.wfile.write(b)
    ~~~~~~~~~~~~~~~~^^^
  File "C:\Program Files\Python313\Lib\socketserver.py", line 845, in write
    self._sock.sendall(b)
    ~~~~~~~~~~~~~~~~~~^^^
ConnectionAbortedError: [WinError 10053] ÄãµÄÖ÷»úÖÐµÄÈí¼þÖÐÖ¹ÁËÒ»¸öÒÑ½¨Á¢µÄÁ¬½Ó¡£
----------------------------------------
----------------------------------------
Exception occurred during processing of request from ('127.0.0.1', 51674)
Traceback (most recent call last):
  File "C:\Program Files\Python313\Lib\socketserver.py", line 697, in process_request_thread
    self.finish_request(request, client_address)
    ~~~~~~~~~~~~~~~~~~~^^^^^^^^^^^^^^^^^^^^^^^^^
  File "C:\Program Files\Python313\Lib\socketserver.py", line 362, in finish_request
    self.RequestHandlerClass(request, client_address, self)
    ~~~~~~~~~~~~~~~~~~~~~~~~^^^^^^^^^^^^^^^^^^^^^^^^^^^^^^^
  File "C:\Program Files\Python313\Lib\socketserver.py", line 766, in __init__
    self.handle()
    ~~~~~~~~~~~^^
  File "C:\Program Files\Python313\Lib\http\server.py", line 436, in handle
    self.handle_one_request()
    ~~~~~~~~~~~~~~~~~~~~~~~^^
  File "C:\Program Files\Python313\Lib\http\server.py", line 424, in handle_one_request
    method()
    ~~~~~~^^
  File "E:\Code\AideanCompany\fleet\console\console.py", line 1700, in do_GET
    self._json(fleet_health())
    ~~~~~~~~~~^^^^^^^^^^^^^^^^
  File "E:\Code\AideanCompany\fleet\console\console.py", line 1553, in _json
    self.wfile.write(b)
    ~~~~~~~~~~~~~~~~^^^
  File "C:\Program Files\Python313\Lib\socketserver.py", line 845, in write
    self._sock.sendall(b)
    ~~~~~~~~~~~~~~~~~~^^^
ConnectionAbortedError: [WinError 10053] ÄãµÄÖ÷»úÖÐµÄÈí¼þÖÐÖ¹ÁËÒ»¸öÒÑ½¨Á¢µÄÁ¬½Ó¡£
----------------------------------------
----------------------------------------
Exception occurred during processing of request from ('127.0.0.1', 61200)
Traceback (most recent call last):
  File "C:\Program Files\Python313\Lib\socketserver.py", line 697, in process_request_thread
    self.finish_request(request, client_address)
    ~~~~~~~~~~~~~~~~~~~^^^^^^^^^^^^^^^^^^^^^^^^^
  File "C:\Program Files\Python313\Lib\socketserver.py", line 362, in finish_request
    self.RequestHandlerClass(request, client_address, self)
    ~~~~~~~~~~~~~~~~~~~~~~~~^^^^^^^^^^^^^^^^^^^^^^^^^^^^^^^
  File "C:\Program Files\Python313\Lib\socketserver.py", line 766, in __init__
    self.handle()
    ~~~~~~~~~~~^^
  File "C:\Program Files\Python313\Lib\http\server.py", line 436, in handle
    self.handle_one_request()
    ~~~~~~~~~~~~~~~~~~~~~~~^^
  File "C:\Program Files\Python313\Lib\http\server.py", line 424, in handle_one_request
    method()
    ~~~~~~^^
  File "E:\Code\AideanCompany\fleet\console\console.py", line 1700, in do_GET
    self._json(fleet_health())
    ~~~~~~~~~~^^^^^^^^^^^^^^^^
  File "E:\Code\AideanCompany\fleet\console\console.py", line 1553, in _json
    self.wfile.write(b)
    ~~~~~~~~~~~~~~~~^^^
  File "C:\Program Files\Python313\Lib\socketserver.py", line 845, in write
    self._sock.sendall(b)
    ~~~~~~~~~~~~~~~~~~^^^
ConnectionAbortedError: [WinError 10053] ÄãµÄÖ÷»úÖÐµÄÈí¼þÖÐÖ¹ÁËÒ»¸öÒÑ½¨Á¢µÄÁ¬½Ó¡£
----------------------------------------
----------------------------------------
Exception occurred during processing of request from ('127.0.0.1', 61993)
Traceback (most recent call last):
  File "C:\Program Files\Python313\Lib\socketserver.py", line 697, in process_request_thread
    self.finish_request(request, client_address)
    ~~~~~~~~~~~~~~~~~~~^^^^^^^^^^^^^^^^^^^^^^^^^
  File "C:\Program Files\Python313\Lib\socketserver.py", line 362, in finish_request
    self.RequestHandlerClass(request, client_address, self)
    ~~~~~~~~~~~~~~~~~~~~~~~~^^^^^^^^^^^^^^^^^^^^^^^^^^^^^^^
  File "C:\Program Files\Python313\Lib\socketserver.py", line 766, in __init__
    self.handle()
    ~~~~~~~~~~~^^
  File "C:\Program Files\Python313\Lib\http\server.py", line 436, in handle
    self.handle_one_request()
    ~~~~~~~~~~~~~~~~~~~~~~~^^
  File "C:\Program Files\Python313\Lib\http\server.py", line 424, in handle_one_request
    method()
    ~~~~~~^^
  File "E:\Code\AideanCompany\fleet\console\console.py", line 1700, in do_GET
    self._json(fleet_health())
    ~~~~~~~~~~^^^^^^^^^^^^^^^^
  File "E:\Code\AideanCompany\fleet\console\console.py", line 1553, in _json
    self.wfile.write(b)
    ~~~~~~~~~~~~~~~~^^^
  File "C:\Program Files\Python313\Lib\socketserver.py", line 845, in write
    self._sock.sendall(b)
    ~~~~~~~~~~~~~~~~~~^^^
ConnectionAbortedError: [WinError 10053] ÄãµÄÖ÷»úÖÐµÄÈí¼þÖÐÖ¹ÁËÒ»¸öÒÑ½¨Á¢µÄÁ¬½Ó¡£
----------------------------------------
----------------------------------------
Exception occurred during processing of request from ('127.0.0.1', 62018)
Traceback (most recent call last):
  File "C:\Program Files\Python313\Lib\socketserver.py", line 697, in process_request_thread
    self.finish_request(request, client_address)
    ~~~~~~~~~~~~~~~~~~~^^^^^^^^^^^^^^^^^^^^^^^^^
  File "C:\Program Files\Python313\Lib\socketserver.py", line 362, in finish_request
    self.RequestHandlerClass(request, client_address, self)
    ~~~~~~~~~~~~~~~~~~~~~~~~^^^^^^^^^^^^^^^^^^^^^^^^^^^^^^^
  File "C:\Program Files\Python313\Lib\socketserver.py", line 766, in __init__
    self.handle()
    ~~~~~~~~~~~^^
  File "C:\Program Files\Python313\Lib\http\server.py", line 436, in handle
    self.handle_one_request()
    ~~~~~~~~~~~~~~~~~~~~~~~^^
  File "C:\Program Files\Python313\Lib\http\server.py", line 424, in handle_one_request
    method()
    ~~~~~~^^
  File "E:\Code\AideanCompany\fleet\console\console.py", line 1700, in do_GET
    self._json(fleet_health())
    ~~~~~~~~~~^^^^^^^^^^^^^^^^
  File "E:\Code\AideanCompany\fleet\console\console.py", line 1553, in _json
    self.wfile.write(b)
    ~~~~~~~~~~~~~~~~^^^
  File "C:\Program Files\Python313\Lib\socketserver.py", line 845, in write
    self._sock.sendall(b)
    ~~~~~~~~~~~~~~~~~~^^^
ConnectionAbortedError: [WinError 10053] ÄãµÄÖ÷»úÖÐµÄÈí¼þÖÐÖ¹ÁËÒ»¸öÒÑ½¨Á¢µÄÁ¬½Ó¡£
----------------------------------------
----------------------------------------
Exception occurred during processing of request from ('127.0.0.1', 53886)
Traceback (most recent call last):
  File "C:\Program Files\Python313\Lib\socketserver.py", line 697, in process_request_thread
    self.finish_request(request, client_address)
    ~~~~~~~~~~~~~~~~~~~^^^^^^^^^^^^^^^^^^^^^^^^^
  File "C:\Program Files\Python313\Lib\socketserver.py", line 362, in finish_request
    self.RequestHandlerClass(request, client_address, self)
    ~~~~~~~~~~~~~~~~~~~~~~~~^^^^^^^^^^^^^^^^^^^^^^^^^^^^^^^
  File "C:\Program Files\Python313\Lib\socketserver.py", line 766, in __init__
    self.handle()
    ~~~~~~~~~~~^^
  File "C:\Program Files\Python313\Lib\http\server.py", line 436, in handle
    self.handle_one_request()
    ~~~~~~~~~~~~~~~~~~~~~~~^^
  File "C:\Program Files\Python313\Lib\http\server.py", line 424, in handle_one_request
    method()
    ~~~~~~^^
  File "E:\Code\AideanCompany\fleet\console\console.py", line 1700, in do_GET
    self._json(fleet_health())
    ~~~~~~~~~~^^^^^^^^^^^^^^^^
  File "E:\Code\AideanCompany\fleet\console\console.py", line 1553, in _json
    self.wfile.write(b)
    ~~~~~~~~~~~~~~~~^^^
  File "C:\Program Files\Python313\Lib\socketserver.py", line 845, in write
    self._sock.sendall(b)
    ~~~~~~~~~~~~~~~~~~^^^
ConnectionAbortedError: [WinError 10053] ÄãµÄÖ÷»úÖÐµÄÈí¼þÖÐÖ¹ÁËÒ»¸öÒÑ½¨Á¢µÄÁ¬½Ó¡£
----------------------------------------
----------------------------------------
Exception occurred during processing of request from ('127.0.0.1', 56299)
Traceback (most recent call last):
  File "C:\Program Files\Python313\Lib\socketserver.py", line 697, in process_request_thread
    self.finish_request(request, client_address)
    ~~~~~~~~~~~~~~~~~~~^^^^^^^^^^^^^^^^^^^^^^^^^
  File "C:\Program Files\Python313\Lib\socketserver.py", line 362, in finish_request
    self.RequestHandlerClass(request, client_address, self)
    ~~~~~~~~~~~~~~~~~~~~~~~~^^^^^^^^^^^^^^^^^^^^^^^^^^^^^^^
  File "C:\Program Files\Python313\Lib\socketserver.py", line 766, in __init__
    self.handle()
    ~~~~~~~~~~~^^
  File "C:\Program Files\Python313\Lib\http\server.py", line 436, in handle
    self.handle_one_request()
    ~~~~~~~~~~~~~~~~~~~~~~~^^
  File "C:\Program Files\Python313\Lib\http\server.py", line 424, in handle_one_request
    method()
    ~~~~~~^^
  File "E:\Code\AideanCompany\fleet\console\console.py", line 1700, in do_GET
    self._json(fleet_health())
    ~~~~~~~~~~^^^^^^^^^^^^^^^^
  File "E:\Code\AideanCompany\fleet\console\console.py", line 1553, in _json
    self.wfile.write(b)
    ~~~~~~~~~~~~~~~~^^^
  File "C:\Program Files\Python313\Lib\socketserver.py", line 845, in write
    self._sock.sendall(b)
    ~~~~~~~~~~~~~~~~~~^^^
ConnectionAbortedError: [WinError 10053] ÄãµÄÖ÷»úÖÐµÄÈí¼þÖÐÖ¹ÁËÒ»¸öÒÑ½¨Á¢µÄÁ¬½Ó¡£
----------------------------------------
----------------------------------------
Exception occurred during processing of request from ('127.0.0.1', 56336)
Traceback (most recent call last):
  File "C:\Program Files\Python313\Lib\socketserver.py", line 697, in process_request_thread
    self.finish_request(request, client_address)
    ~~~~~~~~~~~~~~~~~~~^^^^^^^^^^^^^^^^^^^^^^^^^
  File "C:\Program Files\Python313\Lib\socketserver.py", line 362, in finish_request
    self.RequestHandlerClass(request, client_address, self)
    ~~~~~~~~~~~~~~~~~~~~~~~~^^^^^^^^^^^^^^^^^^^^^^^^^^^^^^^
  File "C:\Program Files\Python313\Lib\socketserver.py", line 766, in __init__
    self.handle()
    ~~~~~~~~~~~^^
  File "C:\Program Files\Python313\Lib\http\server.py", line 436, in handle
    self.handle_one_request()
    ~~~~~~~~~~~~~~~~~~~~~~~^^
  File "C:\Program Files\Python313\Lib\http\server.py", line 424, in handle_one_request
    method()
    ~~~~~~^^
  File "E:\Code\AideanCompany\fleet\console\console.py", line 1700, in do_GET
    self._json(fleet_health())
    ~~~~~~~~~~^^^^^^^^^^^^^^^^
  File "E:\Code\AideanCompany\fleet\console\console.py", line 1553, in _json
    self.wfile.write(b)
    ~~~~~~~~~~~~~~~~^^^
  File "C:\Program Files\Python313\Lib\socketserver.py", line 845, in write
    self._sock.sendall(b)
    ~~~~~~~~~~~~~~~~~~^^^
ConnectionAbortedError: [WinError 10053] ÄãµÄÖ÷»úÖÐµÄÈí¼þÖÐÖ¹ÁËÒ»¸öÒÑ½¨Á¢µÄÁ¬½Ó¡£
----------------------------------------
----------------------------------------
Exception occurred during processing of request from ('127.0.0.1', 56380)
Traceback (most recent call last):
  File "C:\Program Files\Python313\Lib\socketserver.py", line 697, in process_request_thread
    self.finish_request(request, client_address)
    ~~~~~~~~~~~~~~~~~~~^^^^^^^^^^^^^^^^^^^^^^^^^
  File "C:\Program Files\Python313\Lib\socketserver.py", line 362, in finish_request
    self.RequestHandlerClass(request, client_address, self)
    ~~~~~~~~~~~~~~~~~~~~~~~~^^^^^^^^^^^^^^^^^^^^^^^^^^^^^^^
  File "C:\Program Files\Python313\Lib\socketserver.py", line 766, in __init__
    self.handle()
    ~~~~~~~~~~~^^
  File "C:\Program Files\Python313\Lib\http\server.py", line 436, in handle
    self.handle_one_request()
    ~~~~~~~~~~~~~~~~~~~~~~~^^
  File "C:\Program Files\Python313\Lib\http\server.py", line 424, in handle_one_request
    method()
    ~~~~~~^^
  File "E:\Code\AideanCompany\fleet\console\console.py", line 1700, in do_GET
    self._json(fleet_health())
    ~~~~~~~~~~^^^^^^^^^^^^^^^^
  File "E:\Code\AideanCompany\fleet\console\console.py", line 1553, in _json
    self.wfile.write(b)
    ~~~~~~~~~~~~~~~~^^^
  File "C:\Program Files\Python313\Lib\socketserver.py", line 845, in write
    self._sock.sendall(b)
    ~~~~~~~~~~~~~~~~~~^^^
ConnectionAbortedError: [WinError 10053] ÄãµÄÖ÷»úÖÐµÄÈí¼þÖÐÖ¹ÁËÒ»¸öÒÑ½¨Á¢µÄÁ¬½Ó¡£
----------------------------------------
----------------------------------------
Exception occurred during processing of request from ('127.0.0.1', 56411)
Traceback (most recent call last):
  File "C:\Program Files\Python313\Lib\socketserver.py", line 697, in process_request_thread
    self.finish_request(request, client_address)
    ~~~~~~~~~~~~~~~~~~~^^^^^^^^^^^^^^^^^^^^^^^^^
  File "C:\Program Files\Python313\Lib\socketserver.py", line 362, in finish_request
    self.RequestHandlerClass(request, client_address, self)
    ~~~~~~~~~~~~~~~~~~~~~~~~^^^^^^^^^^^^^^^^^^^^^^^^^^^^^^^
  File "C:\Program Files\Python313\Lib\socketserver.py", line 766, in __init__
    self.handle()
    ~~~~~~~~~~~^^
  File "C:\Program Files\Python313\Lib\http\server.py", line 436, in handle
    self.handle_one_request()
    ~~~~~~~~~~~~~~~~~~~~~~~^^
  File "C:\Program Files\Python313\Lib\http\server.py", line 424, in handle_one_request
    method()
    ~~~~~~^^
  File "E:\Code\AideanCompany\fleet\console\console.py", line 1700, in do_GET
    self._json(fleet_health())
    ~~~~~~~~~~^^^^^^^^^^^^^^^^
  File "E:\Code\AideanCompany\fleet\console\console.py", line 1553, in _json
    self.wfile.write(b)
    ~~~~~~~~~~~~~~~~^^^
  File "C:\Program Files\Python313\Lib\socketserver.py", line 845, in write
    self._sock.sendall(b)
    ~~~~~~~~~~~~~~~~~~^^^
ConnectionAbortedError: [WinError 10053] ÄãµÄÖ÷»úÖÐµÄÈí¼þÖÐÖ¹ÁËÒ»¸öÒÑ½¨Á¢µÄÁ¬½Ó¡£
----------------------------------------
----------------------------------------
Exception occurred during processing of request from ('127.0.0.1', 61134)
Traceback (most recent call last):
  File "C:\Program Files\Python313\Lib\socketserver.py", line 697, in process_request_thread
    self.finish_request(request, client_address)
    ~~~~~~~~~~~~~~~~~~~^^^^^^^^^^^^^^^^^^^^^^^^^
  File "C:\Program Files\Python313\Lib\socketserver.py", line 362, in finish_request
    self.RequestHandlerClass(request, client_address, self)
    ~~~~~~~~~~~~~~~~~~~~~~~~^^^^^^^^^^^^^^^^^^^^^^^^^^^^^^^
  File "C:\Program Files\Python313\Lib\socketserver.py", line 766, in __init__
    self.handle()
    ~~~~~~~~~~~^^
  File "C:\Program Files\Python313\Lib\http\server.py", line 436, in handle
    self.handle_one_request()
    ~~~~~~~~~~~~~~~~~~~~~~~^^
  File "C:\Program Files\Python313\Lib\http\server.py", line 424, in handle_one_request
    method()
    ~~~~~~^^
  File "E:\Code\AideanCompany\fleet\console\console.py", line 1700, in do_GET
    self._json(fleet_health())
    ~~~~~~~~~~^^^^^^^^^^^^^^^^
  File "E:\Code\AideanCompany\fleet\console\console.py", line 1553, in _json
    self.wfile.write(b)
    ~~~~~~~~~~~~~~~~^^^
  File "C:\Program Files\Python313\Lib\socketserver.py", line 845, in write
    self._sock.sendall(b)
    ~~~~~~~~~~~~~~~~~~^^^
ConnectionAbortedError: [WinError 10053] ÄãµÄÖ÷»úÖÐµÄÈí¼þÖÐÖ¹ÁËÒ»¸öÒÑ½¨Á¢µÄÁ¬½Ó¡£
----------------------------------------
----------------------------------------
Exception occurred during processing of request from ('127.0.0.1', 65241)
Traceback (most recent call last):
  File "C:\Program Files\Python313\Lib\socketserver.py", line 697, in process_request_thread
    self.finish_request(request, client_address)
    ~~~~~~~~~~~~~~~~~~~^^^^^^^^^^^^^^^^^^^^^^^^^
  File "C:\Program Files\Python313\Lib\socketserver.py", line 362, in finish_request
    self.RequestHandlerClass(request, client_address, self)
    ~~~~~~~~~~~~~~~~~~~~~~~~^^^^^^^^^^^^^^^^^^^^^^^^^^^^^^^
  File "C:\Program Files\Python313\Lib\socketserver.py", line 766, in __init__
    self.handle()
    ~~~~~~~~~~~^^
  File "C:\Program Files\Python313\Lib\http\server.py", line 436, in handle
    self.handle_one_request()
    ~~~~~~~~~~~~~~~~~~~~~~~^^
  File "C:\Program Files\Python313\Lib\http\server.py", line 424, in handle_one_request
    method()
    ~~~~~~^^
  File "E:\Code\AideanCompany\fleet\console\console.py", line 1700, in do_GET
    self._json(fleet_health())
    ~~~~~~~~~~^^^^^^^^^^^^^^^^
  File "E:\Code\AideanCompany\fleet\console\console.py", line 1553, in _json
    self.wfile.write(b)
    ~~~~~~~~~~~~~~~~^^^
  File "C:\Program Files\Python313\Lib\socketserver.py", line 845, in write
    self._sock.sendall(b)
    ~~~~~~~~~~~~~~~~~~^^^
ConnectionAbortedError: [WinError 10053] ÄãµÄÖ÷»úÖÐµÄÈí¼þÖÐÖ¹ÁËÒ»¸öÒÑ½¨Á¢µÄÁ¬½Ó¡£
----------------------------------------
----------------------------------------
Exception occurred during processing of request from ('127.0.0.1', 57455)
Traceback (most recent call last):
  File "C:\Program Files\Python313\Lib\socketserver.py", line 697, in process_request_thread
    self.finish_request(request, client_address)
    ~~~~~~~~~~~~~~~~~~~^^^^^^^^^^^^^^^^^^^^^^^^^
  File "C:\Program Files\Python313\Lib\socketserver.py", line 362, in finish_request
    self.RequestHandlerClass(request, client_address, self)
    ~~~~~~~~~~~~~~~~~~~~~~~~^^^^^^^^^^^^^^^^^^^^^^^^^^^^^^^
  File "C:\Program Files\Python313\Lib\socketserver.py", line 766, in __init__
    self.handle()
    ~~~~~~~~~~~^^
  File "C:\Program Files\Python313\Lib\http\server.py", line 436, in handle
    self.handle_one_request()
    ~~~~~~~~~~~~~~~~~~~~~~~^^
  File "C:\Program Files\Python313\Lib\http\server.py", line 424, in handle_one_request
    method()
    ~~~~~~^^
  File "E:\Code\AideanCompany\fleet\console\console.py", line 1700, in do_GET
    self._json(fleet_health())
    ~~~~~~~~~~^^^^^^^^^^^^^^^^
  File "E:\Code\AideanCompany\fleet\console\console.py", line 1553, in _json
    self.wfile.write(b)
    ~~~~~~~~~~~~~~~~^^^
  File "C:\Program Files\Python313\Lib\socketserver.py", line 845, in write
    self._sock.sendall(b)
    ~~~~~~~~~~~~~~~~~~^^^
ConnectionAbortedError: [WinError 10053] ÄãµÄÖ÷»úÖÐµÄÈí¼þÖÐÖ¹ÁËÒ»¸öÒÑ½¨Á¢µÄÁ¬½Ó¡£
----------------------------------------
----------------------------------------
Exception occurred during processing of request from ('127.0.0.1', 56385)
Traceback (most recent call last):
  File "C:\Program Files\Python313\Lib\socketserver.py", line 697, in process_request_thread
    self.finish_request(request, client_address)
    ~~~~~~~~~~~~~~~~~~~^^^^^^^^^^^^^^^^^^^^^^^^^
  File "C:\Program Files\Python313\Lib\socketserver.py", line 362, in finish_request
    self.RequestHandlerClass(request, client_address, self)
    ~~~~~~~~~~~~~~~~~~~~~~~~^^^^^^^^^^^^^^^^^^^^^^^^^^^^^^^
  File "C:\Program Files\Python313\Lib\socketserver.py", line 766, in __init__
    self.handle()
    ~~~~~~~~~~~^^
  File "C:\Program Files\Python313\Lib\http\server.py", line 436, in handle
    self.handle_one_request()
    ~~~~~~~~~~~~~~~~~~~~~~~^^
  File "C:\Program Files\Python313\Lib\http\server.py", line 424, in handle_one_request
    method()
    ~~~~~~^^
  File "E:\Code\AideanCompany\fleet\console\console.py", line 1700, in do_GET
    self._json(fleet_health())
    ~~~~~~~~~~^^^^^^^^^^^^^^^^
  File "E:\Code\AideanCompany\fleet\console\console.py", line 1553, in _json
    self.wfile.write(b)
    ~~~~~~~~~~~~~~~~^^^
  File "C:\Program Files\Python313\Lib\socketserver.py", line 845, in write
    self._sock.sendall(b)
    ~~~~~~~~~~~~~~~~~~^^^
ConnectionAbortedError: [WinError 10053] ÄãµÄÖ÷»úÖÐµÄÈí¼þÖÐÖ¹ÁËÒ»¸öÒÑ½¨Á¢µÄÁ¬½Ó¡£
----------------------------------------
----------------------------------------
Exception occurred during processing of request from ('127.0.0.1', 55449)
Traceback (most recent call last):
  File "C:\Program Files\Python313\Lib\socketserver.py", line 697, in process_request_thread
    self.finish_request(request, client_address)
    ~~~~~~~~~~~~~~~~~~~^^^^^^^^^^^^^^^^^^^^^^^^^
  File "C:\Program Files\Python313\Lib\socketserver.py", line 362, in finish_request
    self.RequestHandlerClass(request, client_address, self)
    ~~~~~~~~~~~~~~~~~~~~~~~~^^^^^^^^^^^^^^^^^^^^^^^^^^^^^^^
  File "C:\Program Files\Python313\Lib\socketserver.py", line 766, in __init__
    self.handle()
    ~~~~~~~~~~~^^
  File "C:\Program Files\Python313\Lib\http\server.py", line 436, in handle
    self.handle_one_request()
    ~~~~~~~~~~~~~~~~~~~~~~~^^
  File "C:\Program Files\Python313\Lib\http\server.py", line 424, in handle_one_request
    method()
    ~~~~~~^^
  File "E:\Code\AideanCompany\fleet\console\console.py", line 1700, in do_GET
    self._json(fleet_health())
    ~~~~~~~~~~^^^^^^^^^^^^^^^^
  File "E:\Code\AideanCompany\fleet\console\console.py", line 1553, in _json
    self.wfile.write(b)
    ~~~~~~~~~~~~~~~~^^^
  File "C:\Program Files\Python313\Lib\socketserver.py", line 845, in write
    self._sock.sendall(b)
    ~~~~~~~~~~~~~~~~~~^^^
ConnectionAbortedError: [WinError 10053] ÄãµÄÖ÷»úÖÐµÄÈí¼þÖÐÖ¹ÁËÒ»¸öÒÑ½¨Á¢µÄÁ¬½Ó¡£
----------------------------------------
----------------------------------------
Exception occurred during processing of request from ('127.0.0.1', 57502)
Traceback (most recent call last):
  File "C:\Program Files\Python313\Lib\socketserver.py", line 697, in process_request_thread
    self.finish_request(request, client_address)
    ~~~~~~~~~~~~~~~~~~~^^^^^^^^^^^^^^^^^^^^^^^^^
  File "C:\Program Files\Python313\Lib\socketserver.py", line 362, in finish_request
    self.RequestHandlerClass(request, client_address, self)
    ~~~~~~~~~~~~~~~~~~~~~~~~^^^^^^^^^^^^^^^^^^^^^^^^^^^^^^^
  File "C:\Program Files\Python313\Lib\socketserver.py", line 766, in __init__
    self.handle()
    ~~~~~~~~~~~^^
  File "C:\Program Files\Python313\Lib\http\server.py", line 436, in handle
    self.handle_one_request()
    ~~~~~~~~~~~~~~~~~~~~~~~^^
  File "C:\Program Files\Python313\Lib\http\server.py", line 424, in handle_one_request
    method()
    ~~~~~~^^
  File "E:\Code\AideanCompany\fleet\console\console.py", line 1700, in do_GET
    self._json(fleet_health())
    ~~~~~~~~~~^^^^^^^^^^^^^^^^
  File "E:\Code\AideanCompany\fleet\console\console.py", line 1553, in _json
    self.wfile.write(b)
    ~~~~~~~~~~~~~~~~^^^
  File "C:\Program Files\Python313\Lib\socketserver.py", line 845, in write
    self._sock.sendall(b)
    ~~~~~~~~~~~~~~~~~~^^^
ConnectionAbortedError: [WinError 10053] ÄãµÄÖ÷»úÖÐµÄÈí¼þÖÐÖ¹ÁËÒ»¸öÒÑ½¨Á¢µÄÁ¬½Ó¡£
----------------------------------------
----------------------------------------
Exception occurred during processing of request from ('127.0.0.1', 57514)
Traceback (most recent call last):
  File "C:\Program Files\Python313\Lib\socketserver.py", line 697, in process_request_thread
    self.finish_request(request, client_address)
    ~~~~~~~~~~~~~~~~~~~^^^^^^^^^^^^^^^^^^^^^^^^^
  File "C:\Program Files\Python313\Lib\socketserver.py", line 362, in finish_request
    self.RequestHandlerClass(request, client_address, self)
    ~~~~~~~~~~~~~~~~~~~~~~~~^^^^^^^^^^^^^^^^^^^^^^^^^^^^^^^
  File "C:\Program Files\Python313\Lib\socketserver.py", line 766, in __init__
    self.handle()
    ~~~~~~~~~~~^^
  File "C:\Program Files\Python313\Lib\http\server.py", line 436, in handle
    self.handle_one_request()
    ~~~~~~~~~~~~~~~~~~~~~~~^^
  File "C:\Program Files\Python313\Lib\http\server.py", line 424, in handle_one_request
    method()
    ~~~~~~^^
  File "E:\Code\AideanCompany\fleet\console\console.py", line 1700, in do_GET
    self._json(fleet_health())
    ~~~~~~~~~~^^^^^^^^^^^^^^^^
  File "E:\Code\AideanCompany\fleet\console\console.py", line 1553, in _json
    self.wfile.write(b)
    ~~~~~~~~~~~~~~~~^^^
  File "C:\Program Files\Python313\Lib\socketserver.py", line 845, in write
    self._sock.sendall(b)
    ~~~~~~~~~~~~~~~~~~^^^
ConnectionAbortedError: [WinError 10053] ÄãµÄÖ÷»úÖÐµÄÈí¼þÖÐÖ¹ÁËÒ»¸öÒÑ½¨Á¢µÄÁ¬½Ó¡£
----------------------------------------
----------------------------------------
Exception occurred during processing of request from ('127.0.0.1', 53207)
Traceback (most recent call last):
  File "C:\Program Files\Python313\Lib\socketserver.py", line 697, in process_request_thread
    self.finish_request(request, client_address)
    ~~~~~~~~~~~~~~~~~~~^^^^^^^^^^^^^^^^^^^^^^^^^
  File "C:\Program Files\Python313\Lib\socketserver.py", line 362, in finish_request
    self.RequestHandlerClass(request, client_address, self)
    ~~~~~~~~~~~~~~~~~~~~~~~~^^^^^^^^^^^^^^^^^^^^^^^^^^^^^^^
  File "C:\Program Files\Python313\Lib\socketserver.py", line 766, in __init__
    self.handle()
    ~~~~~~~~~~~^^
  File "C:\Program Files\Python313\Lib\http\server.py", line 436, in handle
    self.handle_one_request()
    ~~~~~~~~~~~~~~~~~~~~~~~^^
  File "C:\Program Files\Python313\Lib\http\server.py", line 424, in handle_one_request
    method()
    ~~~~~~^^
  File "E:\Code\AideanCompany\fleet\console\console.py", line 1700, in do_GET
    self._json(fleet_health())
    ~~~~~~~~~~^^^^^^^^^^^^^^^^
  File "E:\Code\AideanCompany\fleet\console\console.py", line 1553, in _json
    self.wfile.write(b)
    ~~~~~~~~~~~~~~~~^^^
  File "C:\Program Files\Python313\Lib\socketserver.py", line 845, in write
    self._sock.sendall(b)
    ~~~~~~~~~~~~~~~~~~^^^
ConnectionAbortedError: [WinError 10053] ÄãµÄÖ÷»úÖÐµÄÈí¼þÖÐÖ¹ÁËÒ»¸öÒÑ½¨Á¢µÄÁ¬½Ó¡£
----------------------------------------
----------------------------------------
Exception occurred during processing of request from ('127.0.0.1', 60455)
Traceback (most recent call last):
  File "C:\Program Files\Python313\Lib\socketserver.py", line 697, in process_request_thread
    self.finish_request(request, client_address)
    ~~~~~~~~~~~~~~~~~~~^^^^^^^^^^^^^^^^^^^^^^^^^
  File "C:\Program Files\Python313\Lib\socketserver.py", line 362, in finish_request
    self.RequestHandlerClass(request, client_address, self)
    ~~~~~~~~~~~~~~~~~~~~~~~~^^^^^^^^^^^^^^^^^^^^^^^^^^^^^^^
  File "C:\Program Files\Python313\Lib\socketserver.py", line 766, in __init__
    self.handle()
    ~~~~~~~~~~~^^
  File "C:\Program Files\Python313\Lib\http\server.py", line 436, in handle
    self.handle_one_request()
    ~~~~~~~~~~~~~~~~~~~~~~~^^
  File "C:\Program Files\Python313\Lib\http\server.py", line 424, in handle_one_request
    method()
    ~~~~~~^^
  File "E:\Code\AideanCompany\fleet\console\console.py", line 1700, in do_GET
    self._json(fleet_health())
    ~~~~~~~~~~^^^^^^^^^^^^^^^^
  File "E:\Code\AideanCompany\fleet\console\console.py", line 1553, in _json
    self.wfile.write(b)
    ~~~~~~~~~~~~~~~~^^^
  File "C:\Program Files\Python313\Lib\socketserver.py", line 845, in write
    self._sock.sendall(b)
    ~~~~~~~~~~~~~~~~~~^^^
ConnectionAbortedError: [WinError 10053] ÄãµÄÖ÷»úÖÐµÄÈí¼þÖÐÖ¹ÁËÒ»¸öÒÑ½¨Á¢µÄÁ¬½Ó¡£
----------------------------------------
----------------------------------------
Exception occurred during processing of request from ('127.0.0.1', 53691)
Traceback (most recent call last):
  File "C:\Program Files\Python313\Lib\socketserver.py", line 697, in process_request_thread
    self.finish_request(request, client_address)
    ~~~~~~~~~~~~~~~~~~~^^^^^^^^^^^^^^^^^^^^^^^^^
  File "C:\Program Files\Python313\Lib\socketserver.py", line 362, in finish_request
    self.RequestHandlerClass(request, client_address, self)
    ~~~~~~~~~~~~~~~~~~~~~~~~^^^^^^^^^^^^^^^^^^^^^^^^^^^^^^^
  File "C:\Program Files\Python313\Lib\socketserver.py", line 766, in __init__
    self.handle()
    ~~~~~~~~~~~^^
  File "C:\Program Files\Python313\Lib\http\server.py", line 436, in handle
    self.handle_one_request()
    ~~~~~~~~~~~~~~~~~~~~~~~^^
  File "C:\Program Files\Python313\Lib\http\server.py", line 424, in handle_one_request
    method()
    ~~~~~~^^
  File "E:\Code\AideanCompany\fleet\console\console.py", line 1700, in do_GET
    self._json(fleet_health())
    ~~~~~~~~~~^^^^^^^^^^^^^^^^
  File "E:\Code\AideanCompany\fleet\console\console.py", line 1553, in _json
    self.wfile.write(b)
    ~~~~~~~~~~~~~~~~^^^
  File "C:\Program Files\Python313\Lib\socketserver.py", line 845, in write
    self._sock.sendall(b)
    ~~~~~~~~~~~~~~~~~~^^^
ConnectionAbortedError: [WinError 10053] ÄãµÄÖ÷»úÖÐµÄÈí¼þÖÐÖ¹ÁËÒ»¸öÒÑ½¨Á¢µÄÁ¬½Ó¡£
----------------------------------------
----------------------------------------
Exception occurred during processing of request from ('127.0.0.1', 61827)
Traceback (most recent call last):
  File "C:\Program Files\Python313\Lib\socketserver.py", line 697, in process_request_thread
    self.finish_request(request, client_address)
    ~~~~~~~~~~~~~~~~~~~^^^^^^^^^^^^^^^^^^^^^^^^^
  File "C:\Program Files\Python313\Lib\socketserver.py", line 362, in finish_request
    self.RequestHandlerClass(request, client_address, self)
    ~~~~~~~~~~~~~~~~~~~~~~~~^^^^^^^^^^^^^^^^^^^^^^^^^^^^^^^
  File "C:\Program Files\Python313\Lib\socketserver.py", line 766, in __init__
    self.handle()
    ~~~~~~~~~~~^^
  File "C:\Program Files\Python313\Lib\http\server.py", line 436, in handle
    self.handle_one_request()
    ~~~~~~~~~~~~~~~~~~~~~~~^^
  File "C:\Program Files\Python313\Lib\http\server.py", line 424, in handle_one_request
    method()
    ~~~~~~^^
  File "E:\Code\AideanCompany\fleet\console\console.py", line 1700, in do_GET
    self._json(fleet_health())
    ~~~~~~~~~~^^^^^^^^^^^^^^^^
  File "E:\Code\AideanCompany\fleet\console\console.py", line 1553, in _json
    self.wfile.write(b)
    ~~~~~~~~~~~~~~~~^^^
  File "C:\Program Files\Python313\Lib\socketserver.py", line 845, in write
    self._sock.sendall(b)
    ~~~~~~~~~~~~~~~~~~^^^
ConnectionAbortedError: [WinError 10053] ÄãµÄÖ÷»úÖÐµÄÈí¼þÖÐÖ¹ÁËÒ»¸öÒÑ½¨Á¢µÄÁ¬½Ó¡£
----------------------------------------
----------------------------------------
Exception occurred during processing of request from ('127.0.0.1', 61850)
Traceback (most recent call last):
  File "C:\Program Files\Python313\Lib\socketserver.py", line 697, in process_request_thread
    self.finish_request(request, client_address)
    ~~~~~~~~~~~~~~~~~~~^^^^^^^^^^^^^^^^^^^^^^^^^
  File "C:\Program Files\Python313\Lib\socketserver.py", line 362, in finish_request
    self.RequestHandlerClass(request, client_address, self)
    ~~~~~~~~~~~~~~~~~~~~~~~~^^^^^^^^^^^^^^^^^^^^^^^^^^^^^^^
  File "C:\Program Files\Python313\Lib\socketserver.py", line 766, in __init__
    self.handle()
    ~~~~~~~~~~~^^
  File "C:\Program Files\Python313\Lib\http\server.py", line 436, in handle
    self.handle_one_request()
    ~~~~~~~~~~~~~~~~~~~~~~~^^
  File "C:\Program Files\Python313\Lib\http\server.py", line 424, in handle_one_request
    method()
    ~~~~~~^^
  File "E:\Code\AideanCompany\fleet\console\console.py", line 1700, in do_GET
    self._json(fleet_health())
    ~~~~~~~~~~^^^^^^^^^^^^^^^^
  File "E:\Code\AideanCompany\fleet\console\console.py", line 1553, in _json
    self.wfile.write(b)
    ~~~~~~~~~~~~~~~~^^^
  File "C:\Program Files\Python313\Lib\socketserver.py", line 845, in write
    self._sock.sendall(b)
    ~~~~~~~~~~~~~~~~~~^^^
ConnectionAbortedError: [WinError 10053] ÄãµÄÖ÷»úÖÐµÄÈí¼þÖÐÖ¹ÁËÒ»¸öÒÑ½¨Á¢µÄÁ¬½Ó¡£
----------------------------------------
----------------------------------------
Exception occurred during processing of request from ('127.0.0.1', 55754)
Traceback (most recent call last):
  File "C:\Program Files\Python313\Lib\socketserver.py", line 697, in process_request_thread
    self.finish_request(request, client_address)
    ~~~~~~~~~~~~~~~~~~~^^^^^^^^^^^^^^^^^^^^^^^^^
  File "C:\Program Files\Python313\Lib\socketserver.py", line 362, in finish_request
    self.RequestHandlerClass(request, client_address, self)
    ~~~~~~~~~~~~~~~~~~~~~~~~^^^^^^^^^^^^^^^^^^^^^^^^^^^^^^^
  File "C:\Program Files\Python313\Lib\socketserver.py", line 766, in __init__
    self.handle()
    ~~~~~~~~~~~^^
  File "C:\Program Files\Python313\Lib\http\server.py", line 436, in handle
    self.handle_one_request()
    ~~~~~~~~~~~~~~~~~~~~~~~^^
  File "C:\Program Files\Python313\Lib\http\server.py", line 424, in handle_one_request
    method()
    ~~~~~~^^
  File "E:\Code\AideanCompany\fleet\console\console.py", line 1700, in do_GET
    self._json(fleet_health())
    ~~~~~~~~~~^^^^^^^^^^^^^^^^
  File "E:\Code\AideanCompany\fleet\console\console.py", line 1553, in _json
    self.wfile.write(b)
    ~~~~~~~~~~~~~~~~^^^
  File "C:\Program Files\Python313\Lib\socketserver.py", line 845, in write
    self._sock.sendall(b)
    ~~~~~~~~~~~~~~~~~~^^^
ConnectionAbortedError: [WinError 10053] ÄãµÄÖ÷»úÖÐµÄÈí¼þÖÐÖ¹ÁËÒ»¸öÒÑ½¨Á¢µÄÁ¬½Ó¡£
----------------------------------------
----------------------------------------
Exception occurred during processing of request from ('127.0.0.1', 52653)
Traceback (most recent call last):
  File "C:\Program Files\Python313\Lib\socketserver.py", line 697, in process_request_thread
    self.finish_request(request, client_address)
    ~~~~~~~~~~~~~~~~~~~^^^^^^^^^^^^^^^^^^^^^^^^^
  File "C:\Program Files\Python313\Lib\socketserver.py", line 362, in finish_request
    self.RequestHandlerClass(request, client_address, self)
    ~~~~~~~~~~~~~~~~~~~~~~~~^^^^^^^^^^^^^^^^^^^^^^^^^^^^^^^
  File "C:\Program Files\Python313\Lib\socketserver.py", line 766, in __init__
    self.handle()
    ~~~~~~~~~~~^^
  File "C:\Program Files\Python313\Lib\http\server.py", line 436, in handle
    self.handle_one_request()
    ~~~~~~~~~~~~~~~~~~~~~~~^^
  File "C:\Program Files\Python313\Lib\http\server.py", line 424, in handle_one_request
    method()
    ~~~~~~^^
  File "E:\Code\AideanCompany\fleet\console\console.py", line 1700, in do_GET
    self._json(fleet_health())
    ~~~~~~~~~~^^^^^^^^^^^^^^^^
  File "E:\Code\AideanCompany\fleet\console\console.py", line 1553, in _json
    self.wfile.write(b)
    ~~~~~~~~~~~~~~~~^^^
  File "C:\Program Files\Python313\Lib\socketserver.py", line 845, in write
    self._sock.sendall(b)
    ~~~~~~~~~~~~~~~~~~^^^
ConnectionAbortedError: [WinError 10053] ÄãµÄÖ÷»úÖÐµÄÈí¼þÖÐÖ¹ÁËÒ»¸öÒÑ½¨Á¢µÄÁ¬½Ó¡£
----------------------------------------
----------------------------------------
Exception occurred during processing of request from ('127.0.0.1', 51988)
Traceback (most recent call last):
  File "C:\Program Files\Python313\Lib\socketserver.py", line 697, in process_request_thread
    self.finish_request(request, client_address)
    ~~~~~~~~~~~~~~~~~~~^^^^^^^^^^^^^^^^^^^^^^^^^
  File "C:\Program Files\Python313\Lib\socketserver.py", line 362, in finish_request
    self.RequestHandlerClass(request, client_address, self)
    ~~~~~~~~~~~~~~~~~~~~~~~~^^^^^^^^^^^^^^^^^^^^^^^^^^^^^^^
  File "C:\Program Files\Python313\Lib\socketserver.py", line 766, in __init__
    self.handle()
    ~~~~~~~~~~~^^
  File "C:\Program Files\Python313\Lib\http\server.py", line 436, in handle
    self.handle_one_request()
    ~~~~~~~~~~~~~~~~~~~~~~~^^
  File "C:\Program Files\Python313\Lib\http\server.py", line 424, in handle_one_request
    method()
    ~~~~~~^^
  File "E:\Code\AideanCompany\fleet\console\console.py", line 1700, in do_GET
    self._json(fleet_health())
    ~~~~~~~~~~^^^^^^^^^^^^^^^^
  File "E:\Code\AideanCompany\fleet\console\console.py", line 1553, in _json
    self.wfile.write(b)
    ~~~~~~~~~~~~~~~~^^^
  File "C:\Program Files\Python313\Lib\socketserver.py", line 845, in write
    self._sock.sendall(b)
    ~~~~~~~~~~~~~~~~~~^^^
ConnectionAbortedError: [WinError 10053] ÄãµÄÖ÷»úÖÐµÄÈí¼þÖÐÖ¹ÁËÒ»¸öÒÑ½¨Á¢µÄÁ¬½Ó¡£
----------------------------------------
----------------------------------------
Exception occurred during processing of request from ('127.0.0.1', 57966)
Traceback (most recent call last):
  File "C:\Program Files\Python313\Lib\socketserver.py", line 697, in process_request_thread
    self.finish_request(request, client_address)
    ~~~~~~~~~~~~~~~~~~~^^^^^^^^^^^^^^^^^^^^^^^^^
  File "C:\Program Files\Python313\Lib\socketserver.py", line 362, in finish_request
    self.RequestHandlerClass(request, client_address, self)
    ~~~~~~~~~~~~~~~~~~~~~~~~^^^^^^^^^^^^^^^^^^^^^^^^^^^^^^^
  File "C:\Program Files\Python313\Lib\socketserver.py", line 766, in __init__
    self.handle()
    ~~~~~~~~~~~^^
  File "C:\Program Files\Python313\Lib\http\server.py", line 436, in handle
    self.handle_one_request()
    ~~~~~~~~~~~~~~~~~~~~~~~^^
  File "C:\Program Files\Python313\Lib\http\server.py", line 424, in handle_one_request
    method()
    ~~~~~~^^
  File "E:\Code\AideanCompany\fleet\console\console.py", line 1700, in do_GET
    self._json(fleet_health())
    ~~~~~~~~~~^^^^^^^^^^^^^^^^
  File "E:\Code\AideanCompany\fleet\console\console.py", line 1553, in _json
    self.wfile.write(b)
    ~~~~~~~~~~~~~~~~^^^
  File "C:\Program Files\Python313\Lib\socketserver.py", line 845, in write
    self._sock.sendall(b)
    ~~~~~~~~~~~~~~~~~~^^^
ConnectionAbortedError: [WinError 10053] ÄãµÄÖ÷»úÖÐµÄÈí¼þÖÐÖ¹ÁËÒ»¸öÒÑ½¨Á¢µÄÁ¬½Ó¡£
----------------------------------------
----------------------------------------
Exception occurred during processing of request from ('127.0.0.1', 57993)
Traceback (most recent call last):
  File "C:\Program Files\Python313\Lib\socketserver.py", line 697, in process_request_thread
    self.finish_request(request, client_address)
    ~~~~~~~~~~~~~~~~~~~^^^^^^^^^^^^^^^^^^^^^^^^^
  File "C:\Program Files\Python313\Lib\socketserver.py", line 362, in finish_request
    self.RequestHandlerClass(request, client_address, self)
    ~~~~~~~~~~~~~~~~~~~~~~~~^^^^^^^^^^^^^^^^^^^^^^^^^^^^^^^
  File "C:\Program Files\Python313\Lib\socketserver.py", line 766, in __init__
    self.handle()
    ~~~~~~~~~~~^^
  File "C:\Program Files\Python313\Lib\http\server.py", line 436, in handle
    self.handle_one_request()
    ~~~~~~~~~~~~~~~~~~~~~~~^^
  File "C:\Program Files\Python313\Lib\http\server.py", line 424, in handle_one_request
    method()
    ~~~~~~^^
  File "E:\Code\AideanCompany\fleet\console\console.py", line 1700, in do_GET
    self._json(fleet_health())
    ~~~~~~~~~~^^^^^^^^^^^^^^^^
  File "E:\Code\AideanCompany\fleet\console\console.py", line 1553, in _json
    self.wfile.write(b)
    ~~~~~~~~~~~~~~~~^^^
  File "C:\Program Files\Python313\Lib\socketserver.py", line 845, in write
    self._sock.sendall(b)
    ~~~~~~~~~~~~~~~~~~^^^
ConnectionAbortedError: [WinError 10053] ÄãµÄÖ÷»úÖÐµÄÈí¼þÖÐÖ¹ÁËÒ»¸öÒÑ½¨Á¢µÄÁ¬½Ó¡£
----------------------------------------
----------------------------------------
Exception occurred during processing of request from ('127.0.0.1', 55757)
Traceback (most recent call last):
  File "C:\Program Files\Python313\Lib\socketserver.py", line 697, in process_request_thread
    self.finish_request(request, client_address)
    ~~~~~~~~~~~~~~~~~~~^^^^^^^^^^^^^^^^^^^^^^^^^
  File "C:\Program Files\Python313\Lib\socketserver.py", line 362, in finish_request
    self.RequestHandlerClass(request, client_address, self)
    ~~~~~~~~~~~~~~~~~~~~~~~~^^^^^^^^^^^^^^^^^^^^^^^^^^^^^^^
  File "C:\Program Files\Python313\Lib\socketserver.py", line 766, in __init__
    self.handle()
    ~~~~~~~~~~~^^
  File "C:\Program Files\Python313\Lib\http\server.py", line 436, in handle
    self.handle_one_request()
    ~~~~~~~~~~~~~~~~~~~~~~~^^
  File "C:\Program Files\Python313\Lib\http\server.py", line 424, in handle_one_request
    method()
    ~~~~~~^^
  File "E:\Code\AideanCompany\fleet\console\console.py", line 1700, in do_GET
    self._json(fleet_health())
    ~~~~~~~~~~^^^^^^^^^^^^^^^^
  File "E:\Code\AideanCompany\fleet\console\console.py", line 1553, in _json
    self.wfile.write(b)
    ~~~~~~~~~~~~~~~~^^^
  File "C:\Program Files\Python313\Lib\socketserver.py", line 845, in write
    self._sock.sendall(b)
    ~~~~~~~~~~~~~~~~~~^^^
ConnectionAbortedError: [WinError 10053] ÄãµÄÖ÷»úÖÐµÄÈí¼þÖÐÖ¹ÁËÒ»¸öÒÑ½¨Á¢µÄÁ¬½Ó¡£
----------------------------------------
----------------------------------------
Exception occurred during processing of request from ('127.0.0.1', 54457)
Traceback (most recent call last):
  File "C:\Program Files\Python313\Lib\socketserver.py", line 697, in process_request_thread
    self.finish_request(request, client_address)
    ~~~~~~~~~~~~~~~~~~~^^^^^^^^^^^^^^^^^^^^^^^^^
  File "C:\Program Files\Python313\Lib\socketserver.py", line 362, in finish_request
    self.RequestHandlerClass(request, client_address, self)
    ~~~~~~~~~~~~~~~~~~~~~~~~^^^^^^^^^^^^^^^^^^^^^^^^^^^^^^^
  File "C:\Program Files\Python313\Lib\socketserver.py", line 766, in __init__
    self.handle()
    ~~~~~~~~~~~^^
  File "C:\Program Files\Python313\Lib\http\server.py", line 436, in handle
    self.handle_one_request()
    ~~~~~~~~~~~~~~~~~~~~~~~^^
  File "C:\Program Files\Python313\Lib\http\server.py", line 424, in handle_one_request
    method()
    ~~~~~~^^
  File "E:\Code\AideanCompany\fleet\console\console.py", line 1700, in do_GET
    self._json(fleet_health())
    ~~~~~~~~~~^^^^^^^^^^^^^^^^
  File "E:\Code\AideanCompany\fleet\console\console.py", line 1553, in _json
    self.wfile.write(b)
    ~~~~~~~~~~~~~~~~^^^
  File "C:\Program Files\Python313\Lib\socketserver.py", line 845, in write
    self._sock.sendall(b)
    ~~~~~~~~~~~~~~~~~~^^^
ConnectionAbortedError: [WinError 10053] ÄãµÄÖ÷»úÖÐµÄÈí¼þÖÐÖ¹ÁËÒ»¸öÒÑ½¨Á¢µÄÁ¬½Ó¡£
----------------------------------------
----------------------------------------
Exception occurred during processing of request from ('127.0.0.1', 51567)
Traceback (most recent call last):
  File "C:\Program Files\Python313\Lib\socketserver.py", line 697, in process_request_thread
    self.finish_request(request, client_address)
    ~~~~~~~~~~~~~~~~~~~^^^^^^^^^^^^^^^^^^^^^^^^^
  File "C:\Program Files\Python313\Lib\socketserver.py", line 362, in finish_request
    self.RequestHandlerClass(request, client_address, self)
    ~~~~~~~~~~~~~~~~~~~~~~~~^^^^^^^^^^^^^^^^^^^^^^^^^^^^^^^
  File "C:\Program Files\Python313\Lib\socketserver.py", line 766, in __init__
    self.handle()
    ~~~~~~~~~~~^^
  File "C:\Program Files\Python313\Lib\http\server.py", line 436, in handle
    self.handle_one_request()
    ~~~~~~~~~~~~~~~~~~~~~~~^^
  File "C:\Program Files\Python313\Lib\http\server.py", line 424, in handle_one_request
    method()
    ~~~~~~^^
  File "E:\Code\AideanCompany\fleet\console\console.py", line 1700, in do_GET
    self._json(fleet_health())
    ~~~~~~~~~~^^^^^^^^^^^^^^^^
  File "E:\Code\AideanCompany\fleet\console\console.py", line 1553, in _json
    self.wfile.write(b)
    ~~~~~~~~~~~~~~~~^^^
  File "C:\Program Files\Python313\Lib\socketserver.py", line 845, in write
    self._sock.sendall(b)
    ~~~~~~~~~~~~~~~~~~^^^
ConnectionAbortedError: [WinError 10053] ÄãµÄÖ÷»úÖÐµÄÈí¼þÖÐÖ¹ÁËÒ»¸öÒÑ½¨Á¢µÄÁ¬½Ó¡£
----------------------------------------
----------------------------------------
Exception occurred during processing of request from ('127.0.0.1', 61942)
Traceback (most recent call last):
  File "C:\Program Files\Python313\Lib\socketserver.py", line 697, in process_request_thread
    self.finish_request(request, client_address)
    ~~~~~~~~~~~~~~~~~~~^^^^^^^^^^^^^^^^^^^^^^^^^
  File "C:\Program Files\Python313\Lib\socketserver.py", line 362, in finish_request
    self.RequestHandlerClass(request, client_address, self)
    ~~~~~~~~~~~~~~~~~~~~~~~~^^^^^^^^^^^^^^^^^^^^^^^^^^^^^^^
  File "C:\Program Files\Python313\Lib\socketserver.py", line 766, in __init__
    self.handle()
    ~~~~~~~~~~~^^
  File "C:\Program Files\Python313\Lib\http\server.py", line 436, in handle
    self.handle_one_request()
    ~~~~~~~~~~~~~~~~~~~~~~~^^
  File "C:\Program Files\Python313\Lib\http\server.py", line 424, in handle_one_request
    method()
    ~~~~~~^^
  File "E:\Code\AideanCompany\fleet\console\console.py", line 1700, in do_GET
    self._json(fleet_health())
    ~~~~~~~~~~^^^^^^^^^^^^^^^^
  File "E:\Code\AideanCompany\fleet\console\console.py", line 1553, in _json
    self.wfile.write(b)
    ~~~~~~~~~~~~~~~~^^^
  File "C:\Program Files\Python313\Lib\socketserver.py", line 845, in write
    self._sock.sendall(b)
    ~~~~~~~~~~~~~~~~~~^^^
ConnectionAbortedError: [WinError 10053] ÄãµÄÖ÷»úÖÐµÄÈí¼þÖÐÖ¹ÁËÒ»¸öÒÑ½¨Á¢µÄÁ¬½Ó¡£
----------------------------------------
----------------------------------------
Exception occurred during processing of request from ('127.0.0.1', 61973)
Traceback (most recent call last):
  File "C:\Program Files\Python313\Lib\socketserver.py", line 697, in process_request_thread
    self.finish_request(request, client_address)
    ~~~~~~~~~~~~~~~~~~~^^^^^^^^^^^^^^^^^^^^^^^^^
  File "C:\Program Files\Python313\Lib\socketserver.py", line 362, in finish_request
    self.RequestHandlerClass(request, client_address, self)
    ~~~~~~~~~~~~~~~~~~~~~~~~^^^^^^^^^^^^^^^^^^^^^^^^^^^^^^^
  File "C:\Program Files\Python313\Lib\socketserver.py", line 766, in __init__
    self.handle()
    ~~~~~~~~~~~^^
  File "C:\Program Files\Python313\Lib\http\server.py", line 436, in handle
    self.handle_one_request()
    ~~~~~~~~~~~~~~~~~~~~~~~^^
  File "C:\Program Files\Python313\Lib\http\server.py", line 424, in handle_one_request
    method()
    ~~~~~~^^
  File "E:\Code\AideanCompany\fleet\console\console.py", line 1700, in do_GET
    self._json(fleet_health())
    ~~~~~~~~~~^^^^^^^^^^^^^^^^
  File "E:\Code\AideanCompany\fleet\console\console.py", line 1553, in _json
    self.wfile.write(b)
    ~~~~~~~~~~~~~~~~^^^
  File "C:\Program Files\Python313\Lib\socketserver.py", line 845, in write
    self._sock.sendall(b)
    ~~~~~~~~~~~~~~~~~~^^^
ConnectionAbortedError: [WinError 10053] ÄãµÄÖ÷»úÖÐµÄÈí¼þÖÐÖ¹ÁËÒ»¸öÒÑ½¨Á¢µÄÁ¬½Ó¡£
----------------------------------------
----------------------------------------
Exception occurred during processing of request from ('127.0.0.1', 56243)
Traceback (most recent call last):
  File "C:\Program Files\Python313\Lib\socketserver.py", line 697, in process_request_thread
    self.finish_request(request, client_address)
    ~~~~~~~~~~~~~~~~~~~^^^^^^^^^^^^^^^^^^^^^^^^^
  File "C:\Program Files\Python313\Lib\socketserver.py", line 362, in finish_request
    self.RequestHandlerClass(request, client_address, self)
    ~~~~~~~~~~~~~~~~~~~~~~~~^^^^^^^^^^^^^^^^^^^^^^^^^^^^^^^
  File "C:\Program Files\Python313\Lib\socketserver.py", line 766, in __init__
    self.handle()
    ~~~~~~~~~~~^^
  File "C:\Program Files\Python313\Lib\http\server.py", line 436, in handle
    self.handle_one_request()
    ~~~~~~~~~~~~~~~~~~~~~~~^^
  File "C:\Program Files\Python313\Lib\http\server.py", line 424, in handle_one_request
    method()
    ~~~~~~^^
  File "E:\Code\AideanCompany\fleet\console\console.py", line 1700, in do_GET
    self._json(fleet_health())
    ~~~~~~~~~~^^^^^^^^^^^^^^^^
  File "E:\Code\AideanCompany\fleet\console\console.py", line 1553, in _json
    self.wfile.write(b)
    ~~~~~~~~~~~~~~~~^^^
  File "C:\Program Files\Python313\Lib\socketserver.py", line 845, in write
    self._sock.sendall(b)
    ~~~~~~~~~~~~~~~~~~^^^
ConnectionAbortedError: [WinError 10053] ÄãµÄÖ÷»úÖÐµÄÈí¼þÖÐÖ¹ÁËÒ»¸öÒÑ½¨Á¢µÄÁ¬½Ó¡£
----------------------------------------
----------------------------------------
Exception occurred during processing of request from ('127.0.0.1', 53756)
Traceback (most recent call last):
  File "C:\Program Files\Python313\Lib\socketserver.py", line 697, in process_request_thread
    self.finish_request(request, client_address)
    ~~~~~~~~~~~~~~~~~~~^^^^^^^^^^^^^^^^^^^^^^^^^
  File "C:\Program Files\Python313\Lib\socketserver.py", line 362, in finish_request
    self.RequestHandlerClass(request, client_address, self)
    ~~~~~~~~~~~~~~~~~~~~~~~~^^^^^^^^^^^^^^^^^^^^^^^^^^^^^^^
  File "C:\Program Files\Python313\Lib\socketserver.py", line 766, in __init__
    self.handle()
    ~~~~~~~~~~~^^
  File "C:\Program Files\Python313\Lib\http\server.py", line 436, in handle
    self.handle_one_request()
    ~~~~~~~~~~~~~~~~~~~~~~~^^
  File "C:\Program Files\Python313\Lib\http\server.py", line 424, in handle_one_request
    method()
    ~~~~~~^^
  File "E:\Code\AideanCompany\fleet\console\console.py", line 1700, in do_GET
    self._json(fleet_health())
    ~~~~~~~~~~^^^^^^^^^^^^^^^^
  File "E:\Code\AideanCompany\fleet\console\console.py", line 1553, in _json
    self.wfile.write(b)
    ~~~~~~~~~~~~~~~~^^^
  File "C:\Program Files\Python313\Lib\socketserver.py", line 845, in write
    self._sock.sendall(b)
    ~~~~~~~~~~~~~~~~~~^^^
ConnectionAbortedError: [WinError 10053] ÄãµÄÖ÷»úÖÐµÄÈí¼þÖÐÖ¹ÁËÒ»¸öÒÑ½¨Á¢µÄÁ¬½Ó¡£
----------------------------------------
----------------------------------------
Exception occurred during processing of request from ('127.0.0.1', 60786)
Traceback (most recent call last):
  File "C:\Program Files\Python313\Lib\socketserver.py", line 697, in process_request_thread
    self.finish_request(request, client_address)
    ~~~~~~~~~~~~~~~~~~~^^^^^^^^^^^^^^^^^^^^^^^^^
  File "C:\Program Files\Python313\Lib\socketserver.py", line 362, in finish_request
    self.RequestHandlerClass(request, client_address, self)
    ~~~~~~~~~~~~~~~~~~~~~~~~^^^^^^^^^^^^^^^^^^^^^^^^^^^^^^^
  File "C:\Program Files\Python313\Lib\socketserver.py", line 766, in __init__
    self.handle()
    ~~~~~~~~~~~^^
  File "C:\Program Files\Python313\Lib\http\server.py", line 436, in handle
    self.handle_one_request()
    ~~~~~~~~~~~~~~~~~~~~~~~^^
  File "C:\Program Files\Python313\Lib\http\server.py", line 424, in handle_one_request
    method()
    ~~~~~~^^
  File "E:\Code\AideanCompany\fleet\console\console.py", line 1700, in do_GET
    self._json(fleet_health())
    ~~~~~~~~~~^^^^^^^^^^^^^^^^
  File "E:\Code\AideanCompany\fleet\console\console.py", line 1553, in _json
    self.wfile.write(b)
    ~~~~~~~~~~~~~~~~^^^
  File "C:\Program Files\Python313\Lib\socketserver.py", line 845, in write
    self._sock.sendall(b)
    ~~~~~~~~~~~~~~~~~~^^^
ConnectionAbortedError: [WinError 10053] ÄãµÄÖ÷»úÖÐµÄÈí¼þÖÐÖ¹ÁËÒ»¸öÒÑ½¨Á¢µÄÁ¬½Ó¡£
----------------------------------------
----------------------------------------
Exception occurred during processing of request from ('127.0.0.1', 50080)
Traceback (most recent call last):
  File "C:\Program Files\Python313\Lib\socketserver.py", line 697, in process_request_thread
    self.finish_request(request, client_address)
    ~~~~~~~~~~~~~~~~~~~^^^^^^^^^^^^^^^^^^^^^^^^^
  File "C:\Program Files\Python313\Lib\socketserver.py", line 362, in finish_request
    self.RequestHandlerClass(request, client_address, self)
    ~~~~~~~~~~~~~~~~~~~~~~~~^^^^^^^^^^^^^^^^^^^^^^^^^^^^^^^
  File "C:\Program Files\Python313\Lib\socketserver.py", line 766, in __init__
    self.handle()
    ~~~~~~~~~~~^^
  File "C:\Program Files\Python313\Lib\http\server.py", line 436, in handle
    self.handle_one_request()
    ~~~~~~~~~~~~~~~~~~~~~~~^^
  File "C:\Program Files\Python313\Lib\http\server.py", line 424, in handle_one_request
    method()
    ~~~~~~^^
  File "E:\Code\AideanCompany\fleet\console\console.py", line 1700, in do_GET
    self._json(fleet_health())
    ~~~~~~~~~~^^^^^^^^^^^^^^^^
  File "E:\Code\AideanCompany\fleet\console\console.py", line 1553, in _json
    self.wfile.write(b)
    ~~~~~~~~~~~~~~~~^^^
  File "C:\Program Files\Python313\Lib\socketserver.py", line 845, in write
    self._sock.sendall(b)
    ~~~~~~~~~~~~~~~~~~^^^
ConnectionAbortedError: [WinError 10053] ÄãµÄÖ÷»úÖÐµÄÈí¼þÖÐÖ¹ÁËÒ»¸öÒÑ½¨Á¢µÄÁ¬½Ó¡£
----------------------------------------
----------------------------------------
Exception occurred during processing of request from ('127.0.0.1', 50105)
Traceback (most recent call last):
  File "C:\Program Files\Python313\Lib\socketserver.py", line 697, in process_request_thread
    self.finish_request(request, client_address)
    ~~~~~~~~~~~~~~~~~~~^^^^^^^^^^^^^^^^^^^^^^^^^
  File "C:\Program Files\Python313\Lib\socketserver.py", line 362, in finish_request
    self.RequestHandlerClass(request, client_address, self)
    ~~~~~~~~~~~~~~~~~~~~~~~~^^^^^^^^^^^^^^^^^^^^^^^^^^^^^^^
  File "C:\Program Files\Python313\Lib\socketserver.py", line 766, in __init__
    self.handle()
    ~~~~~~~~~~~^^
  File "C:\Program Files\Python313\Lib\http\server.py", line 436, in handle
    self.handle_one_request()
    ~~~~~~~~~~~~~~~~~~~~~~~^^
  File "C:\Program Files\Python313\Lib\http\server.py", line 424, in handle_one_request
    method()
    ~~~~~~^^
  File "E:\Code\AideanCompany\fleet\console\console.py", line 1700, in do_GET
    self._json(fleet_health())
    ~~~~~~~~~~^^^^^^^^^^^^^^^^
  File "E:\Code\AideanCompany\fleet\console\console.py", line 1553, in _json
    self.wfile.write(b)
    ~~~~~~~~~~~~~~~~^^^
  File "C:\Program Files\Python313\Lib\socketserver.py", line 845, in write
    self._sock.sendall(b)
    ~~~~~~~~~~~~~~~~~~^^^
ConnectionAbortedError: [WinError 10053] ÄãµÄÖ÷»úÖÐµÄÈí¼þÖÐÖ¹ÁËÒ»¸öÒÑ½¨Á¢µÄÁ¬½Ó¡£
----------------------------------------
----------------------------------------
Exception occurred during processing of request from ('127.0.0.1', 50134)
Traceback (most recent call last):
  File "C:\Program Files\Python313\Lib\socketserver.py", line 697, in process_request_thread
    self.finish_request(request, client_address)
    ~~~~~~~~~~~~~~~~~~~^^^^^^^^^^^^^^^^^^^^^^^^^
  File "C:\Program Files\Python313\Lib\socketserver.py", line 362, in finish_request
    self.RequestHandlerClass(request, client_address, self)
    ~~~~~~~~~~~~~~~~~~~~~~~~^^^^^^^^^^^^^^^^^^^^^^^^^^^^^^^
  File "C:\Program Files\Python313\Lib\socketserver.py", line 766, in __init__
    self.handle()
    ~~~~~~~~~~~^^
  File "C:\Program Files\Python313\Lib\http\server.py", line 436, in handle
    self.handle_one_request()
    ~~~~~~~~~~~~~~~~~~~~~~~^^
  File "C:\Program Files\Python313\Lib\http\server.py", line 424, in handle_one_request
    method()
    ~~~~~~^^
  File "E:\Code\AideanCompany\fleet\console\console.py", line 1700, in do_GET
    self._json(fleet_health())
    ~~~~~~~~~~^^^^^^^^^^^^^^^^
  File "E:\Code\AideanCompany\fleet\console\console.py", line 1553, in _json
    self.wfile.write(b)
    ~~~~~~~~~~~~~~~~^^^
  File "C:\Program Files\Python313\Lib\socketserver.py", line 845, in write
    self._sock.sendall(b)
    ~~~~~~~~~~~~~~~~~~^^^
ConnectionAbortedError: [WinError 10053] ÄãµÄÖ÷»úÖÐµÄÈí¼þÖÐÖ¹ÁËÒ»¸öÒÑ½¨Á¢µÄÁ¬½Ó¡£
----------------------------------------
----------------------------------------
Exception occurred during processing of request from ('127.0.0.1', 51845)
Traceback (most recent call last):
  File "C:\Program Files\Python313\Lib\socketserver.py", line 697, in process_request_thread
    self.finish_request(request, client_address)
    ~~~~~~~~~~~~~~~~~~~^^^^^^^^^^^^^^^^^^^^^^^^^
  File "C:\Program Files\Python313\Lib\socketserver.py", line 362, in finish_request
    self.RequestHandlerClass(request, client_address, self)
    ~~~~~~~~~~~~~~~~~~~~~~~~^^^^^^^^^^^^^^^^^^^^^^^^^^^^^^^
  File "C:\Program Files\Python313\Lib\socketserver.py", line 766, in __init__
    self.handle()
    ~~~~~~~~~~~^^
  File "C:\Program Files\Python313\Lib\http\server.py", line 436, in handle
    self.handle_one_request()
    ~~~~~~~~~~~~~~~~~~~~~~~^^
  File "C:\Program Files\Python313\Lib\http\server.py", line 424, in handle_one_request
    method()
    ~~~~~~^^
  File "E:\Code\AideanCompany\fleet\console\console.py", line 1700, in do_GET
    self._json(fleet_health())
    ~~~~~~~~~~^^^^^^^^^^^^^^^^
  File "E:\Code\AideanCompany\fleet\console\console.py", line 1553, in _json
    self.wfile.write(b)
    ~~~~~~~~~~~~~~~~^^^
  File "C:\Program Files\Python313\Lib\socketserver.py", line 845, in write
    self._sock.sendall(b)
    ~~~~~~~~~~~~~~~~~~^^^
ConnectionAbortedError: [WinError 10053] ÄãµÄÖ÷»úÖÐµÄÈí¼þÖÐÖ¹ÁËÒ»¸öÒÑ½¨Á¢µÄÁ¬½Ó¡£
----------------------------------------
----------------------------------------
Exception occurred during processing of request from ('127.0.0.1', 54464)
Traceback (most recent call last):
  File "C:\Program Files\Python313\Lib\socketserver.py", line 697, in process_request_thread
    self.finish_request(request, client_address)
    ~~~~~~~~~~~~~~~~~~~^^^^^^^^^^^^^^^^^^^^^^^^^
  File "C:\Program Files\Python313\Lib\socketserver.py", line 362, in finish_request
    self.RequestHandlerClass(request, client_address, self)
    ~~~~~~~~~~~~~~~~~~~~~~~~^^^^^^^^^^^^^^^^^^^^^^^^^^^^^^^
  File "C:\Program Files\Python313\Lib\socketserver.py", line 766, in __init__
    self.handle()
    ~~~~~~~~~~~^^
  File "C:\Program Files\Python313\Lib\http\server.py", line 436, in handle
    self.handle_one_request()
    ~~~~~~~~~~~~~~~~~~~~~~~^^
  File "C:\Program Files\Python313\Lib\http\server.py", line 424, in handle_one_request
    method()
    ~~~~~~^^
  File "E:\Code\AideanCompany\fleet\console\console.py", line 1700, in do_GET
    self._json(fleet_health())
    ~~~~~~~~~~^^^^^^^^^^^^^^^^
  File "E:\Code\AideanCompany\fleet\console\console.py", line 1553, in _json
    self.wfile.write(b)
    ~~~~~~~~~~~~~~~~^^^
  File "C:\Program Files\Python313\Lib\socketserver.py", line 845, in write
    self._sock.sendall(b)
    ~~~~~~~~~~~~~~~~~~^^^
ConnectionAbortedError: [WinError 10053] ÄãµÄÖ÷»úÖÐµÄÈí¼þÖÐÖ¹ÁËÒ»¸öÒÑ½¨Á¢µÄÁ¬½Ó¡£
----------------------------------------
----------------------------------------
Exception occurred during processing of request from ('127.0.0.1', 53114)
Traceback (most recent call last):
  File "C:\Program Files\Python313\Lib\socketserver.py", line 697, in process_request_thread
    self.finish_request(request, client_address)
    ~~~~~~~~~~~~~~~~~~~^^^^^^^^^^^^^^^^^^^^^^^^^
  File "C:\Program Files\Python313\Lib\socketserver.py", line 362, in finish_request
    self.RequestHandlerClass(request, client_address, self)
    ~~~~~~~~~~~~~~~~~~~~~~~~^^^^^^^^^^^^^^^^^^^^^^^^^^^^^^^
  File "C:\Program Files\Python313\Lib\socketserver.py", line 766, in __init__
    self.handle()
    ~~~~~~~~~~~^^
  File "C:\Program Files\Python313\Lib\http\server.py", line 436, in handle
    self.handle_one_request()
    ~~~~~~~~~~~~~~~~~~~~~~~^^
  File "C:\Program Files\Python313\Lib\http\server.py", line 424, in handle_one_request
    method()
    ~~~~~~^^
  File "E:\Code\AideanCompany\fleet\console\console.py", line 1700, in do_GET
    self._json(fleet_health())
    ~~~~~~~~~~^^^^^^^^^^^^^^^^
  File "E:\Code\AideanCompany\fleet\console\console.py", line 1553, in _json
    self.wfile.write(b)
    ~~~~~~~~~~~~~~~~^^^
  File "C:\Program Files\Python313\Lib\socketserver.py", line 845, in write
    self._sock.sendall(b)
    ~~~~~~~~~~~~~~~~~~^^^
ConnectionAbortedError: [WinError 10053] ÄãµÄÖ÷»úÖÐµÄÈí¼þÖÐÖ¹ÁËÒ»¸öÒÑ½¨Á¢µÄÁ¬½Ó¡£
----------------------------------------
----------------------------------------
Exception occurred during processing of request from ('127.0.0.1', 53139)
Traceback (most recent call last):
  File "C:\Program Files\Python313\Lib\socketserver.py", line 697, in process_request_thread
    self.finish_request(request, client_address)
    ~~~~~~~~~~~~~~~~~~~^^^^^^^^^^^^^^^^^^^^^^^^^
  File "C:\Program Files\Python313\Lib\socketserver.py", line 362, in finish_request
    self.RequestHandlerClass(request, client_address, self)
    ~~~~~~~~~~~~~~~~~~~~~~~~^^^^^^^^^^^^^^^^^^^^^^^^^^^^^^^
  File "C:\Program Files\Python313\Lib\socketserver.py", line 766, in __init__
    self.handle()
    ~~~~~~~~~~~^^
  File "C:\Program Files\Python313\Lib\http\server.py", line 436, in handle
    self.handle_one_request()
    ~~~~~~~~~~~~~~~~~~~~~~~^^
  File "C:\Program Files\Python313\Lib\http\server.py", line 424, in handle_one_request
    method()
    ~~~~~~^^
  File "E:\Code\AideanCompany\fleet\console\console.py", line 1700, in do_GET
    self._json(fleet_health())
    ~~~~~~~~~~^^^^^^^^^^^^^^^^
  File "E:\Code\AideanCompany\fleet\console\console.py", line 1553, in _json
    self.wfile.write(b)
    ~~~~~~~~~~~~~~~~^^^
  File "C:\Program Files\Python313\Lib\socketserver.py", line 845, in write
    self._sock.sendall(b)
    ~~~~~~~~~~~~~~~~~~^^^
ConnectionAbortedError: [WinError 10053] ÄãµÄÖ÷»úÖÐµÄÈí¼þÖÐÖ¹ÁËÒ»¸öÒÑ½¨Á¢µÄÁ¬½Ó¡£
----------------------------------------
----------------------------------------
Exception occurred during processing of request from ('127.0.0.1', 53168)
Traceback (most recent call last):
  File "C:\Program Files\Python313\Lib\socketserver.py", line 697, in process_request_thread
    self.finish_request(request, client_address)
    ~~~~~~~~~~~~~~~~~~~^^^^^^^^^^^^^^^^^^^^^^^^^
  File "C:\Program Files\Python313\Lib\socketserver.py", line 362, in finish_request
    self.RequestHandlerClass(request, client_address, self)
    ~~~~~~~~~~~~~~~~~~~~~~~~^^^^^^^^^^^^^^^^^^^^^^^^^^^^^^^
  File "C:\Program Files\Python313\Lib\socketserver.py", line 766, in __init__
    self.handle()
    ~~~~~~~~~~~^^
  File "C:\Program Files\Python313\Lib\http\server.py", line 436, in handle
    self.handle_one_request()
    ~~~~~~~~~~~~~~~~~~~~~~~^^
  File "C:\Program Files\Python313\Lib\http\server.py", line 424, in handle_one_request
    method()
    ~~~~~~^^
  File "E:\Code\AideanCompany\fleet\console\console.py", line 1700, in do_GET
    self._json(fleet_health())
    ~~~~~~~~~~^^^^^^^^^^^^^^^^
  File "E:\Code\AideanCompany\fleet\console\console.py", line 1553, in _json
    self.wfile.write(b)
    ~~~~~~~~~~~~~~~~^^^
  File "C:\Program Files\Python313\Lib\socketserver.py", line 845, in write
    self._sock.sendall(b)
    ~~~~~~~~~~~~~~~~~~^^^
ConnectionAbortedError: [WinError 10053] ÄãµÄÖ÷»úÖÐµÄÈí¼þÖÐÖ¹ÁËÒ»¸öÒÑ½¨Á¢µÄÁ¬½Ó¡£
----------------------------------------
----------------------------------------
Exception occurred during processing of request from ('127.0.0.1', 58049)
Traceback (most recent call last):
  File "C:\Program Files\Python313\Lib\socketserver.py", line 697, in process_request_thread
    self.finish_request(request, client_address)
    ~~~~~~~~~~~~~~~~~~~^^^^^^^^^^^^^^^^^^^^^^^^^
  File "C:\Program Files\Python313\Lib\socketserver.py", line 362, in finish_request
    self.RequestHandlerClass(request, client_address, self)
    ~~~~~~~~~~~~~~~~~~~~~~~~^^^^^^^^^^^^^^^^^^^^^^^^^^^^^^^
  File "C:\Program Files\Python313\Lib\socketserver.py", line 766, in __init__
    self.handle()
    ~~~~~~~~~~~^^
  File "C:\Program Files\Python313\Lib\http\server.py", line 436, in handle
    self.handle_one_request()
    ~~~~~~~~~~~~~~~~~~~~~~~^^
  File "C:\Program Files\Python313\Lib\http\server.py", line 424, in handle_one_request
    method()
    ~~~~~~^^
  File "E:\Code\AideanCompany\fleet\console\console.py", line 1700, in do_GET
    self._json(fleet_health())
    ~~~~~~~~~~^^^^^^^^^^^^^^^^
  File "E:\Code\AideanCompany\fleet\console\console.py", line 1553, in _json
    self.wfile.write(b)
    ~~~~~~~~~~~~~~~~^^^
  File "C:\Program Files\Python313\Lib\socketserver.py", line 845, in write
    self._sock.sendall(b)
    ~~~~~~~~~~~~~~~~~~^^^
ConnectionAbortedError: [WinError 10053] ÄãµÄÖ÷»úÖÐµÄÈí¼þÖÐÖ¹ÁËÒ»¸öÒÑ½¨Á¢µÄÁ¬½Ó¡£
----------------------------------------
----------------------------------------
Exception occurred during processing of request from ('127.0.0.1', 58077)
Traceback (most recent call last):
  File "C:\Program Files\Python313\Lib\socketserver.py", line 697, in process_request_thread
    self.finish_request(request, client_address)
    ~~~~~~~~~~~~~~~~~~~^^^^^^^^^^^^^^^^^^^^^^^^^
  File "C:\Program Files\Python313\Lib\socketserver.py", line 362, in finish_request
    self.RequestHandlerClass(request, client_address, self)
    ~~~~~~~~~~~~~~~~~~~~~~~~^^^^^^^^^^^^^^^^^^^^^^^^^^^^^^^
  File "C:\Program Files\Python313\Lib\socketserver.py", line 766, in __init__
    self.handle()
    ~~~~~~~~~~~^^
  File "C:\Program Files\Python313\Lib\http\server.py", line 436, in handle
    self.handle_one_request()
    ~~~~~~~~~~~~~~~~~~~~~~~^^
  File "C:\Program Files\Python313\Lib\http\server.py", line 424, in handle_one_request
    method()
    ~~~~~~^^
  File "E:\Code\AideanCompany\fleet\console\console.py", line 1700, in do_GET
    self._json(fleet_health())
    ~~~~~~~~~~^^^^^^^^^^^^^^^^
  File "E:\Code\AideanCompany\fleet\console\console.py", line 1553, in _json
    self.wfile.write(b)
    ~~~~~~~~~~~~~~~~^^^
  File "C:\Program Files\Python313\Lib\socketserver.py", line 845, in write
    self._sock.sendall(b)
    ~~~~~~~~~~~~~~~~~~^^^
ConnectionAbortedError: [WinError 10053] ÄãµÄÖ÷»úÖÐµÄÈí¼þÖÐÖ¹ÁËÒ»¸öÒÑ½¨Á¢µÄÁ¬½Ó¡£
----------------------------------------
----------------------------------------
Exception occurred during processing of request from ('127.0.0.1', 51157)
Traceback (most recent call last):
  File "C:\Program Files\Python313\Lib\socketserver.py", line 697, in process_request_thread
    self.finish_request(request, client_address)
    ~~~~~~~~~~~~~~~~~~~^^^^^^^^^^^^^^^^^^^^^^^^^
  File "C:\Program Files\Python313\Lib\socketserver.py", line 362, in finish_request
    self.RequestHandlerClass(request, client_address, self)
    ~~~~~~~~~~~~~~~~~~~~~~~~^^^^^^^^^^^^^^^^^^^^^^^^^^^^^^^
  File "C:\Program Files\Python313\Lib\socketserver.py", line 766, in __init__
    self.handle()
    ~~~~~~~~~~~^^
  File "C:\Program Files\Python313\Lib\http\server.py", line 436, in handle
    self.handle_one_request()
    ~~~~~~~~~~~~~~~~~~~~~~~^^
  File "C:\Program Files\Python313\Lib\http\server.py", line 424, in handle_one_request
    method()
    ~~~~~~^^
  File "E:\Code\AideanCompany\fleet\console\console.py", line 1700, in do_GET
    self._json(fleet_health())
    ~~~~~~~~~~^^^^^^^^^^^^^^^^
  File "E:\Code\AideanCompany\fleet\console\console.py", line 1553, in _json
    self.wfile.write(b)
    ~~~~~~~~~~~~~~~~^^^
  File "C:\Program Files\Python313\Lib\socketserver.py", line 845, in write
    self._sock.sendall(b)
    ~~~~~~~~~~~~~~~~~~^^^
ConnectionAbortedError: [WinError 10053] ÄãµÄÖ÷»úÖÐµÄÈí¼þÖÐÖ¹ÁËÒ»¸öÒÑ½¨Á¢µÄÁ¬½Ó¡£
----------------------------------------
----------------------------------------
Exception occurred during processing of request from ('127.0.0.1', 54586)
Traceback (most recent call last):
  File "C:\Program Files\Python313\Lib\socketserver.py", line 697, in process_request_thread
    self.finish_request(request, client_address)
    ~~~~~~~~~~~~~~~~~~~^^^^^^^^^^^^^^^^^^^^^^^^^
  File "C:\Program Files\Python313\Lib\socketserver.py", line 362, in finish_request
    self.RequestHandlerClass(request, client_address, self)
    ~~~~~~~~~~~~~~~~~~~~~~~~^^^^^^^^^^^^^^^^^^^^^^^^^^^^^^^
  File "C:\Program Files\Python313\Lib\socketserver.py", line 766, in __init__
    self.handle()
    ~~~~~~~~~~~^^
  File "C:\Program Files\Python313\Lib\http\server.py", line 436, in handle
    self.handle_one_request()
    ~~~~~~~~~~~~~~~~~~~~~~~^^
  File "C:\Program Files\Python313\Lib\http\server.py", line 424, in handle_one_request
    method()
    ~~~~~~^^
  File "E:\Code\AideanCompany\fleet\console\console.py", line 1700, in do_GET
    self._json(fleet_health())
    ~~~~~~~~~~^^^^^^^^^^^^^^^^
  File "E:\Code\AideanCompany\fleet\console\console.py", line 1553, in _json
    self.wfile.write(b)
    ~~~~~~~~~~~~~~~~^^^
  File "C:\Program Files\Python313\Lib\socketserver.py", line 845, in write
    self._sock.sendall(b)
    ~~~~~~~~~~~~~~~~~~^^^
ConnectionAbortedError: [WinError 10053] ÄãµÄÖ÷»úÖÐµÄÈí¼þÖÐÖ¹ÁËÒ»¸öÒÑ½¨Á¢µÄÁ¬½Ó¡£
----------------------------------------
----------------------------------------
Exception occurred during processing of request from ('127.0.0.1', 55376)
Traceback (most recent call last):
  File "C:\Program Files\Python313\Lib\socketserver.py", line 697, in process_request_thread
    self.finish_request(request, client_address)
    ~~~~~~~~~~~~~~~~~~~^^^^^^^^^^^^^^^^^^^^^^^^^
  File "C:\Program Files\Python313\Lib\socketserver.py", line 362, in finish_request
    self.RequestHandlerClass(request, client_address, self)
    ~~~~~~~~~~~~~~~~~~~~~~~~^^^^^^^^^^^^^^^^^^^^^^^^^^^^^^^
  File "C:\Program Files\Python313\Lib\socketserver.py", line 766, in __init__
    self.handle()
    ~~~~~~~~~~~^^
  File "C:\Program Files\Python313\Lib\http\server.py", line 436, in handle
    self.handle_one_request()
    ~~~~~~~~~~~~~~~~~~~~~~~^^
  File "C:\Program Files\Python313\Lib\http\server.py", line 424, in handle_one_request
    method()
    ~~~~~~^^
  File "E:\Code\AideanCompany\fleet\console\console.py", line 1700, in do_GET
    self.send_header("Cache-Control", "no-cache")
        ^^^^^^^^^^^^^^^^^^^^^^^^^^
  File "E:\Code\AideanCompany\fleet\console\console.py", line 1553, in _json
    ("openrouter", "openrouter"), ("agnes", "agnes"),
    ^^^^^^^^^^
  File "C:\Program Files\Python313\Lib\socketserver.py", line 845, in write
    self._sock.sendall(b)
    ~~~~~~~~~~~~~~~~~~^^^
ConnectionAbortedError: [WinError 10053] ÄãµÄÖ÷»úÖÐµÄÈí¼þÖÐÖ¹ÁËÒ»¸öÒÑ½¨Á¢µÄÁ¬½Ó¡£
----------------------------------------
----------------------------------------
Exception occurred during processing of request from ('127.0.0.1', 62561)
Traceback (most recent call last):
  File "C:\Program Files\Python313\Lib\socketserver.py", line 697, in process_request_thread
    self.finish_request(request, client_address)
    ~~~~~~~~~~~~~~~~~~~^^^^^^^^^^^^^^^^^^^^^^^^^
  File "C:\Program Files\Python313\Lib\socketserver.py", line 362, in finish_request
    self.RequestHandlerClass(request, client_address, self)
    ~~~~~~~~~~~~~~~~~~~~~~~~^^^^^^^^^^^^^^^^^^^^^^^^^^^^^^^
  File "C:\Program Files\Python313\Lib\socketserver.py", line 766, in __init__
    self.handle()
    ~~~~~~~~~~~^^
  File "C:\Program Files\Python313\Lib\http\server.py", line 436, in handle
    self.handle_one_request()
    ~~~~~~~~~~~~~~~~~~~~~~~^^
  File "C:\Program Files\Python313\Lib\http\server.py", line 424, in handle_one_request
    method()
    ~~~~~~^^
  File "E:\Code\AideanCompany\fleet\console\console.py", line 1810, in do_GET
    self._json(fleet_health())
    ~~~~~~~~~~^^^^^^^^^^^^^^^^
  File "E:\Code\AideanCompany\fleet\console\console.py", line 1652, in _json
    self.wfile.write(b)
    ~~~~~~~~~~~~~~~~^^^
  File "C:\Program Files\Python313\Lib\socketserver.py", line 845, in write
    self._sock.sendall(b)
    ~~~~~~~~~~~~~~~~~~^^^
ConnectionAbortedError: [WinError 10053] ÄãµÄÖ÷»úÖÐµÄÈí¼þÖÐÖ¹ÁËÒ»¸öÒÑ½¨Á¢µÄÁ¬½Ó¡£
----------------------------------------
----------------------------------------
Exception occurred during processing of request from ('127.0.0.1', 55055)
Traceback (most recent call last):
  File "C:\Program Files\Python313\Lib\socketserver.py", line 697, in process_request_thread
    self.finish_request(request, client_address)
    ~~~~~~~~~~~~~~~~~~~^^^^^^^^^^^^^^^^^^^^^^^^^
  File "C:\Program Files\Python313\Lib\socketserver.py", line 362, in finish_request
    self.RequestHandlerClass(request, client_address, self)
    ~~~~~~~~~~~~~~~~~~~~~~~~^^^^^^^^^^^^^^^^^^^^^^^^^^^^^^^
  File "C:\Program Files\Python313\Lib\socketserver.py", line 766, in __init__
    self.handle()
    ~~~~~~~~~~~^^
  File "C:\Program Files\Python313\Lib\http\server.py", line 436, in handle
    self.handle_one_request()
    ~~~~~~~~~~~~~~~~~~~~~~~^^
  File "C:\Program Files\Python313\Lib\http\server.py", line 424, in handle_one_request
    method()
    ~~~~~~^^
  File "E:\Code\AideanCompany\fleet\console\console.py", line 1810, in do_GET
    self._json(fleet_health())
    ~~~~~~~~~~^^^^^^^^^^^^^^^^
  File "E:\Code\AideanCompany\fleet\console\console.py", line 1652, in _json
    self.wfile.write(b)
    ~~~~~~~~~~~~~~~~^^^
  File "C:\Program Files\Python313\Lib\socketserver.py", line 845, in write
    self._sock.sendall(b)
    ~~~~~~~~~~~~~~~~~~^^^
ConnectionAbortedError: [WinError 10053] ÄãµÄÖ÷»úÖÐµÄÈí¼þÖÐÖ¹ÁËÒ»¸öÒÑ½¨Á¢µÄÁ¬½Ó¡£
----------------------------------------
----------------------------------------
Exception occurred during processing of request from ('127.0.0.1', 58741)
Traceback (most recent call last):
  File "C:\Program Files\Python313\Lib\socketserver.py", line 697, in process_request_thread
    self.finish_request(request, client_address)
    ~~~~~~~~~~~~~~~~~~~^^^^^^^^^^^^^^^^^^^^^^^^^
  File "C:\Program Files\Python313\Lib\socketserver.py", line 362, in finish_request
    self.RequestHandlerClass(request, client_address, self)
    ~~~~~~~~~~~~~~~~~~~~~~~~^^^^^^^^^^^^^^^^^^^^^^^^^^^^^^^
  File "C:\Program Files\Python313\Lib\socketserver.py", line 766, in __init__
    self.handle()
    ~~~~~~~~~~~^^
  File "C:\Program Files\Python313\Lib\http\server.py", line 436, in handle
    self.handle_one_request()
    ~~~~~~~~~~~~~~~~~~~~~~~^^
  File "C:\Program Files\Python313\Lib\http\server.py", line 424, in handle_one_request
    method()
    ~~~~~~^^
  File "E:\Code\AideanCompany\fleet\console\console.py", line 1810, in do_GET
    self._json(fleet_health())
    ~~~~~~~~~~^^^^^^^^^^^^^^^^
  File "E:\Code\AideanCompany\fleet\console\console.py", line 1652, in _json
    self.wfile.write(b)
    ~~~~~~~~~~~~~~~~^^^
  File "C:\Program Files\Python313\Lib\socketserver.py", line 845, in write
    self._sock.sendall(b)
    ~~~~~~~~~~~~~~~~~~^^^
ConnectionAbortedError: [WinError 10053] ÄãµÄÖ÷»úÖÐµÄÈí¼þÖÐÖ¹ÁËÒ»¸öÒÑ½¨Á¢µÄÁ¬½Ó¡£
----------------------------------------
----------------------------------------
Exception occurred during processing of request from ('127.0.0.1', 55288)
Traceback (most recent call last):
  File "C:\Program Files\Python313\Lib\socketserver.py", line 697, in process_request_thread
    self.finish_request(request, client_address)
    ~~~~~~~~~~~~~~~~~~~^^^^^^^^^^^^^^^^^^^^^^^^^
  File "C:\Program Files\Python313\Lib\socketserver.py", line 362, in finish_request
    self.RequestHandlerClass(request, client_address, self)
    ~~~~~~~~~~~~~~~~~~~~~~~~^^^^^^^^^^^^^^^^^^^^^^^^^^^^^^^
  File "C:\Program Files\Python313\Lib\socketserver.py", line 766, in __init__
    self.handle()
    ~~~~~~~~~~~^^
  File "C:\Program Files\Python313\Lib\http\server.py", line 436, in handle
    self.handle_one_request()
    ~~~~~~~~~~~~~~~~~~~~~~~^^
  File "C:\Program Files\Python313\Lib\http\server.py", line 424, in handle_one_request
    method()
    ~~~~~~^^
  File "E:\Code\AideanCompany\fleet\console\console.py", line 1810, in do_GET
    self._json(fleet_health())
    ~~~~~~~~~~^^^^^^^^^^^^^^^^
  File "E:\Code\AideanCompany\fleet\console\console.py", line 1652, in _json
    self.wfile.write(b)
    ~~~~~~~~~~~~~~~~^^^
  File "C:\Program Files\Python313\Lib\socketserver.py", line 845, in write
    self._sock.sendall(b)
    ~~~~~~~~~~~~~~~~~~^^^
ConnectionAbortedError: [WinError 10053] ÄãµÄÖ÷»úÖÐµÄÈí¼þÖÐÖ¹ÁËÒ»¸öÒÑ½¨Á¢µÄÁ¬½Ó¡£
----------------------------------------
----------------------------------------
Exception occurred during processing of request from ('127.0.0.1', 51996)
Traceback (most recent call last):
  File "C:\Program Files\Python313\Lib\socketserver.py", line 697, in process_request_thread
    self.finish_request(request, client_address)
    ~~~~~~~~~~~~~~~~~~~^^^^^^^^^^^^^^^^^^^^^^^^^
  File "C:\Program Files\Python313\Lib\socketserver.py", line 362, in finish_request
    self.RequestHandlerClass(request, client_address, self)
    ~~~~~~~~~~~~~~~~~~~~~~~~^^^^^^^^^^^^^^^^^^^^^^^^^^^^^^^
  File "C:\Program Files\Python313\Lib\socketserver.py", line 766, in __init__
    self.handle()
    ~~~~~~~~~~~^^
  File "C:\Program Files\Python313\Lib\http\server.py", line 436, in handle
    self.handle_one_request()
    ~~~~~~~~~~~~~~~~~~~~~~~^^
  File "C:\Program Files\Python313\Lib\http\server.py", line 424, in handle_one_request
    method()
    ~~~~~~^^
  File "E:\Code\AideanCompany\fleet\console\console.py", line 1810, in do_GET
    self._json(fleet_health())
    ~~~~~~~~~~^^^^^^^^^^^^^^^^
  File "E:\Code\AideanCompany\fleet\console\console.py", line 1652, in _json
    self.wfile.write(b)
    ~~~~~~~~~~~~~~~~^^^
  File "C:\Program Files\Python313\Lib\socketserver.py", line 845, in write
    self._sock.sendall(b)
    ~~~~~~~~~~~~~~~~~~^^^
ConnectionAbortedError: [WinError 10053] ÄãµÄÖ÷»úÖÐµÄÈí¼þÖÐÖ¹ÁËÒ»¸öÒÑ½¨Á¢µÄÁ¬½Ó¡£
----------------------------------------
----------------------------------------
Exception occurred during processing of request from ('127.0.0.1', 63836)
Traceback (most recent call last):
  File "C:\Program Files\Python313\Lib\socketserver.py", line 697, in process_request_thread
    self.finish_request(request, client_address)
    ~~~~~~~~~~~~~~~~~~~^^^^^^^^^^^^^^^^^^^^^^^^^
  File "C:\Program Files\Python313\Lib\socketserver.py", line 362, in finish_request
    self.RequestHandlerClass(request, client_address, self)
    ~~~~~~~~~~~~~~~~~~~~~~~~^^^^^^^^^^^^^^^^^^^^^^^^^^^^^^^
  File "C:\Program Files\Python313\Lib\socketserver.py", line 766, in __init__
    self.handle()
    ~~~~~~~~~~~^^
  File "C:\Program Files\Python313\Lib\http\server.py", line 436, in handle
    self.handle_one_request()
    ~~~~~~~~~~~~~~~~~~~~~~~^^
  File "C:\Program Files\Python313\Lib\http\server.py", line 424, in handle_one_request
    method()
    ~~~~~~^^
  File "E:\Code\AideanCompany\fleet\console\console.py", line 1810, in do_GET
    self._json(fleet_health())
    ~~~~~~~~~~^^^^^^^^^^^^^^^^
  File "E:\Code\AideanCompany\fleet\console\console.py", line 1652, in _json
    self.wfile.write(b)
    ~~~~~~~~~~~~~~~~^^^
  File "C:\Program Files\Python313\Lib\socketserver.py", line 845, in write
    self._sock.sendall(b)
    ~~~~~~~~~~~~~~~~~~^^^
ConnectionAbortedError: [WinError 10053] ÄãµÄÖ÷»úÖÐµÄÈí¼þÖÐÖ¹ÁËÒ»¸öÒÑ½¨Á¢µÄÁ¬½Ó¡£
----------------------------------------
----------------------------------------
Exception occurred during processing of request from ('127.0.0.1', 57317)
Traceback (most recent call last):
  File "C:\Program Files\Python313\Lib\socketserver.py", line 697, in process_request_thread
    self.finish_request(request, client_address)
    ~~~~~~~~~~~~~~~~~~~^^^^^^^^^^^^^^^^^^^^^^^^^
  File "C:\Program Files\Python313\Lib\socketserver.py", line 362, in finish_request
    self.RequestHandlerClass(request, client_address, self)
    ~~~~~~~~~~~~~~~~~~~~~~~~^^^^^^^^^^^^^^^^^^^^^^^^^^^^^^^
  File "C:\Program Files\Python313\Lib\socketserver.py", line 766, in __init__
    self.handle()
    ~~~~~~~~~~~^^
  File "C:\Program Files\Python313\Lib\http\server.py", line 436, in handle
    self.handle_one_request()
    ~~~~~~~~~~~~~~~~~~~~~~~^^
  File "C:\Program Files\Python313\Lib\http\server.py", line 424, in handle_one_request
    method()
    ~~~~~~^^
  File "E:\Code\AideanCompany\fleet\console\console.py", line 1810, in do_GET
    self._json(fleet_health())
    ~~~~~~~~~~^^^^^^^^^^^^^^^^
  File "E:\Code\AideanCompany\fleet\console\console.py", line 1652, in _json
    self.wfile.write(b)
    ~~~~~~~~~~~~~~~~^^^
  File "C:\Program Files\Python313\Lib\socketserver.py", line 845, in write
    self._sock.sendall(b)
    ~~~~~~~~~~~~~~~~~~^^^
ConnectionAbortedError: [WinError 10053] ÄãµÄÖ÷»úÖÐµÄÈí¼þÖÐÖ¹ÁËÒ»¸öÒÑ½¨Á¢µÄÁ¬½Ó¡£
----------------------------------------
----------------------------------------
Exception occurred during processing of request from ('127.0.0.1', 60336)
Traceback (most recent call last):
  File "C:\Program Files\Python313\Lib\socketserver.py", line 697, in process_request_thread
    self.finish_request(request, client_address)
    ~~~~~~~~~~~~~~~~~~~^^^^^^^^^^^^^^^^^^^^^^^^^
  File "C:\Program Files\Python313\Lib\socketserver.py", line 362, in finish_request
    self.RequestHandlerClass(request, client_address, self)
    ~~~~~~~~~~~~~~~~~~~~~~~~^^^^^^^^^^^^^^^^^^^^^^^^^^^^^^^
  File "C:\Program Files\Python313\Lib\socketserver.py", line 766, in __init__
    self.handle()
    ~~~~~~~~~~~^^
  File "C:\Program Files\Python313\Lib\http\server.py", line 436, in handle
    self.handle_one_request()
    ~~~~~~~~~~~~~~~~~~~~~~~^^
  File "C:\Program Files\Python313\Lib\http\server.py", line 424, in handle_one_request
    method()
    ~~~~~~^^
  File "E:\Code\AideanCompany\fleet\console\console.py", line 1810, in do_GET
    self._json(fleet_health())
    ~~~~~~~~~~^^^^^^^^^^^^^^^^
  File "E:\Code\AideanCompany\fleet\console\console.py", line 1652, in _json
    self.wfile.write(b)
    ~~~~~~~~~~~~~~~~^^^
  File "C:\Program Files\Python313\Lib\socketserver.py", line 845, in write
    self._sock.sendall(b)
    ~~~~~~~~~~~~~~~~~~^^^
ConnectionAbortedError: [WinError 10053] ÄãµÄÖ÷»úÖÐµÄÈí¼þÖÐÖ¹ÁËÒ»¸öÒÑ½¨Á¢µÄÁ¬½Ó¡£
----------------------------------------
----------------------------------------
Exception occurred during processing of request from ('127.0.0.1', 57309)
Traceback (most recent call last):
  File "C:\Program Files\Python313\Lib\socketserver.py", line 697, in process_request_thread
    self.finish_request(request, client_address)
    ~~~~~~~~~~~~~~~~~~~^^^^^^^^^^^^^^^^^^^^^^^^^
  File "C:\Program Files\Python313\Lib\socketserver.py", line 362, in finish_request
    self.RequestHandlerClass(request, client_address, self)
    ~~~~~~~~~~~~~~~~~~~~~~~~^^^^^^^^^^^^^^^^^^^^^^^^^^^^^^^
  File "C:\Program Files\Python313\Lib\socketserver.py", line 766, in __init__
    self.handle()
    ~~~~~~~~~~~^^
  File "C:\Program Files\Python313\Lib\http\server.py", line 436, in handle
    self.handle_one_request()
    ~~~~~~~~~~~~~~~~~~~~~~~^^
  File "C:\Program Files\Python313\Lib\http\server.py", line 424, in handle_one_request
    method()
    ~~~~~~^^
  File "E:\Code\AideanCompany\fleet\console\console.py", line 1810, in do_GET
    self._json(fleet_health())
    ~~~~~~~~~~^^^^^^^^^^^^^^^^
  File "E:\Code\AideanCompany\fleet\console\console.py", line 1652, in _json
    self.wfile.write(b)
    ~~~~~~~~~~~~~~~~^^^
  File "C:\Program Files\Python313\Lib\socketserver.py", line 845, in write
    self._sock.sendall(b)
    ~~~~~~~~~~~~~~~~~~^^^
ConnectionAbortedError: [WinError 10053] ÄãµÄÖ÷»úÖÐµÄÈí¼þÖÐÖ¹ÁËÒ»¸öÒÑ½¨Á¢µÄÁ¬½Ó¡£
----------------------------------------
----------------------------------------
Exception occurred during processing of request from ('127.0.0.1', 64241)
Traceback (most recent call last):
  File "C:\Program Files\Python313\Lib\socketserver.py", line 697, in process_request_thread
    self.finish_request(request, client_address)
    ~~~~~~~~~~~~~~~~~~~^^^^^^^^^^^^^^^^^^^^^^^^^
  File "C:\Program Files\Python313\Lib\socketserver.py", line 362, in finish_request
    self.RequestHandlerClass(request, client_address, self)
    ~~~~~~~~~~~~~~~~~~~~~~~~^^^^^^^^^^^^^^^^^^^^^^^^^^^^^^^
  File "C:\Program Files\Python313\Lib\socketserver.py", line 766, in __init__
    self.handle()
    ~~~~~~~~~~~^^
  File "C:\Program Files\Python313\Lib\http\server.py", line 436, in handle
    self.handle_one_request()
    ~~~~~~~~~~~~~~~~~~~~~~~^^
  File "C:\Program Files\Python313\Lib\http\server.py", line 424, in handle_one_request
    method()
    ~~~~~~^^
  File "E:\Code\AideanCompany\fleet\console\console.py", line 1810, in do_GET
    self._json(fleet_health())
    ~~~~~~~~~~^^^^^^^^^^^^^^^^
  File "E:\Code\AideanCompany\fleet\console\console.py", line 1652, in _json
    self.wfile.write(b)
    ~~~~~~~~~~~~~~~~^^^
  File "C:\Program Files\Python313\Lib\socketserver.py", line 845, in write
    self._sock.sendall(b)
    ~~~~~~~~~~~~~~~~~~^^^
ConnectionAbortedError: [WinError 10053] ÄãµÄÖ÷»úÖÐµÄÈí¼þÖÐÖ¹ÁËÒ»¸öÒÑ½¨Á¢µÄÁ¬½Ó¡£
----------------------------------------
----------------------------------------
Exception occurred during processing of request from ('127.0.0.1', 56932)
Traceback (most recent call last):
  File "C:\Program Files\Python313\Lib\socketserver.py", line 697, in process_request_thread
    self.finish_request(request, client_address)
    ~~~~~~~~~~~~~~~~~~~^^^^^^^^^^^^^^^^^^^^^^^^^
  File "C:\Program Files\Python313\Lib\socketserver.py", line 362, in finish_request
    self.RequestHandlerClass(request, client_address, self)
    ~~~~~~~~~~~~~~~~~~~~~~~~^^^^^^^^^^^^^^^^^^^^^^^^^^^^^^^
  File "C:\Program Files\Python313\Lib\socketserver.py", line 766, in __init__
    self.handle()
    ~~~~~~~~~~~^^
  File "C:\Program Files\Python313\Lib\http\server.py", line 436, in handle
    self.handle_one_request()
    ~~~~~~~~~~~~~~~~~~~~~~~^^
  File "C:\Program Files\Python313\Lib\http\server.py", line 424, in handle_one_request
    method()
    ~~~~~~^^
  File "E:\Code\AideanCompany\fleet\console\console.py", line 1810, in do_GET
    self._json(fleet_health())
    ~~~~~~~~~~^^^^^^^^^^^^^^^^
  File "E:\Code\AideanCompany\fleet\console\console.py", line 1652, in _json
    self.wfile.write(b)
    ~~~~~~~~~~~~~~~~^^^
  File "C:\Program Files\Python313\Lib\socketserver.py", line 845, in write
    self._sock.sendall(b)
    ~~~~~~~~~~~~~~~~~~^^^
ConnectionAbortedError: [WinError 10053] ÄãµÄÖ÷»úÖÐµÄÈí¼þÖÐÖ¹ÁËÒ»¸öÒÑ½¨Á¢µÄÁ¬½Ó¡£
----------------------------------------
----------------------------------------
Exception occurred during processing of request from ('127.0.0.1', 59115)
Traceback (most recent call last):
  File "C:\Program Files\Python313\Lib\socketserver.py", line 697, in process_request_thread
    self.finish_request(request, client_address)
    ~~~~~~~~~~~~~~~~~~~^^^^^^^^^^^^^^^^^^^^^^^^^
  File "C:\Program Files\Python313\Lib\socketserver.py", line 362, in finish_request
    self.RequestHandlerClass(request, client_address, self)
    ~~~~~~~~~~~~~~~~~~~~~~~~^^^^^^^^^^^^^^^^^^^^^^^^^^^^^^^
  File "C:\Program Files\Python313\Lib\socketserver.py", line 766, in __init__
    self.handle()
    ~~~~~~~~~~~^^
  File "C:\Program Files\Python313\Lib\http\server.py", line 436, in handle
    self.handle_one_request()
    ~~~~~~~~~~~~~~~~~~~~~~~^^
  File "C:\Program Files\Python313\Lib\http\server.py", line 424, in handle_one_request
    method()
    ~~~~~~^^
  File "E:\Code\AideanCompany\fleet\console\console.py", line 1810, in do_GET
    self._json(fleet_health())
    ~~~~~~~~~~^^^^^^^^^^^^^^^^
  File "E:\Code\AideanCompany\fleet\console\console.py", line 1652, in _json
    self.wfile.write(b)
    ~~~~~~~~~~~~~~~~^^^
  File "C:\Program Files\Python313\Lib\socketserver.py", line 845, in write
    self._sock.sendall(b)
    ~~~~~~~~~~~~~~~~~~^^^
ConnectionAbortedError: [WinError 10053] ÄãµÄÖ÷»úÖÐµÄÈí¼þÖÐÖ¹ÁËÒ»¸öÒÑ½¨Á¢µÄÁ¬½Ó¡£
----------------------------------------
----------------------------------------
Exception occurred during processing of request from ('127.0.0.1', 65183)
Traceback (most recent call last):
  File "C:\Program Files\Python313\Lib\socketserver.py", line 697, in process_request_thread
    self.finish_request(request, client_address)
    ~~~~~~~~~~~~~~~~~~~^^^^^^^^^^^^^^^^^^^^^^^^^
  File "C:\Program Files\Python313\Lib\socketserver.py", line 362, in finish_request
    self.RequestHandlerClass(request, client_address, self)
    ~~~~~~~~~~~~~~~~~~~~~~~~^^^^^^^^^^^^^^^^^^^^^^^^^^^^^^^
  File "C:\Program Files\Python313\Lib\socketserver.py", line 766, in __init__
    self.handle()
    ~~~~~~~~~~~^^
  File "C:\Program Files\Python313\Lib\http\server.py", line 436, in handle
    self.handle_one_request()
    ~~~~~~~~~~~~~~~~~~~~~~~^^
  File "C:\Program Files\Python313\Lib\http\server.py", line 424, in handle_one_request
    method()
    ~~~~~~^^
  File "E:\Code\AideanCompany\fleet\console\console.py", line 1810, in do_GET
    self._json(fleet_health())
    ~~~~~~~~~~^^^^^^^^^^^^^^^^
  File "E:\Code\AideanCompany\fleet\console\console.py", line 1652, in _json
    self.wfile.write(b)
    ~~~~~~~~~~~~~~~~^^^
  File "C:\Program Files\Python313\Lib\socketserver.py", line 845, in write
    self._sock.sendall(b)
    ~~~~~~~~~~~~~~~~~~^^^
ConnectionAbortedError: [WinError 10053] ÄãµÄÖ÷»úÖÐµÄÈí¼þÖÐÖ¹ÁËÒ»¸öÒÑ½¨Á¢µÄÁ¬½Ó¡£
----------------------------------------
----------------------------------------
Exception occurred during processing of request from ('127.0.0.1', 51247)
Traceback (most recent call last):
  File "C:\Program Files\Python313\Lib\socketserver.py", line 697, in process_request_thread
    self.finish_request(request, client_address)
    ~~~~~~~~~~~~~~~~~~~^^^^^^^^^^^^^^^^^^^^^^^^^
  File "C:\Program Files\Python313\Lib\socketserver.py", line 362, in finish_request
    self.RequestHandlerClass(request, client_address, self)
    ~~~~~~~~~~~~~~~~~~~~~~~~^^^^^^^^^^^^^^^^^^^^^^^^^^^^^^^
  File "C:\Program Files\Python313\Lib\socketserver.py", line 766, in __init__
    self.handle()
    ~~~~~~~~~~~^^
  File "C:\Program Files\Python313\Lib\http\server.py", line 436, in handle
    self.handle_one_request()
    ~~~~~~~~~~~~~~~~~~~~~~~^^
  File "C:\Program Files\Python313\Lib\http\server.py", line 424, in handle_one_request
    method()
    ~~~~~~^^
  File "E:\Code\AideanCompany\fleet\console\console.py", line 1810, in do_GET
    self._json(fleet_health())
    ~~~~~~~~~~^^^^^^^^^^^^^^^^
  File "E:\Code\AideanCompany\fleet\console\console.py", line 1652, in _json
    self.wfile.write(b)
    ~~~~~~~~~~~~~~~~^^^
  File "C:\Program Files\Python313\Lib\socketserver.py", line 845, in write
    self._sock.sendall(b)
    ~~~~~~~~~~~~~~~~~~^^^
ConnectionAbortedError: [WinError 10053] ÄãµÄÖ÷»úÖÐµÄÈí¼þÖÐÖ¹ÁËÒ»¸öÒÑ½¨Á¢µÄÁ¬½Ó¡£
----------------------------------------
----------------------------------------
Exception occurred during processing of request from ('127.0.0.1', 51265)
Traceback (most recent call last):
  File "C:\Program Files\Python313\Lib\socketserver.py", line 697, in process_request_thread
    self.finish_request(request, client_address)
    ~~~~~~~~~~~~~~~~~~~^^^^^^^^^^^^^^^^^^^^^^^^^
  File "C:\Program Files\Python313\Lib\socketserver.py", line 362, in finish_request
    self.RequestHandlerClass(request, client_address, self)
    ~~~~~~~~~~~~~~~~~~~~~~~~^^^^^^^^^^^^^^^^^^^^^^^^^^^^^^^
  File "C:\Program Files\Python313\Lib\socketserver.py", line 766, in __init__
    self.handle()
    ~~~~~~~~~~~^^
  File "C:\Program Files\Python313\Lib\http\server.py", line 436, in handle
    self.handle_one_request()
    ~~~~~~~~~~~~~~~~~~~~~~~^^
  File "C:\Program Files\Python313\Lib\http\server.py", line 424, in handle_one_request
    method()
    ~~~~~~^^
  File "E:\Code\AideanCompany\fleet\console\console.py", line 1810, in do_GET
    self._json(fleet_health())
    ~~~~~~~~~~^^^^^^^^^^^^^^^^
  File "E:\Code\AideanCompany\fleet\console\console.py", line 1652, in _json
    self.wfile.write(b)
    ~~~~~~~~~~~~~~~~^^^
  File "C:\Program Files\Python313\Lib\socketserver.py", line 845, in write
    self._sock.sendall(b)
    ~~~~~~~~~~~~~~~~~~^^^
ConnectionAbortedError: [WinError 10053] ÄãµÄÖ÷»úÖÐµÄÈí¼þÖÐÖ¹ÁËÒ»¸öÒÑ½¨Á¢µÄÁ¬½Ó¡£
----------------------------------------
----------------------------------------
Exception occurred during processing of request from ('127.0.0.1', 52656)
Traceback (most recent call last):
  File "C:\Program Files\Python313\Lib\socketserver.py", line 697, in process_request_thread
    self.finish_request(request, client_address)
    ~~~~~~~~~~~~~~~~~~~^^^^^^^^^^^^^^^^^^^^^^^^^
  File "C:\Program Files\Python313\Lib\socketserver.py", line 362, in finish_request
    self.RequestHandlerClass(request, client_address, self)
    ~~~~~~~~~~~~~~~~~~~~~~~~^^^^^^^^^^^^^^^^^^^^^^^^^^^^^^^
  File "C:\Program Files\Python313\Lib\socketserver.py", line 766, in __init__
    self.handle()
    ~~~~~~~~~~~^^
  File "C:\Program Files\Python313\Lib\http\server.py", line 436, in handle
    self.handle_one_request()
    ~~~~~~~~~~~~~~~~~~~~~~~^^
  File "C:\Program Files\Python313\Lib\http\server.py", line 424, in handle_one_request
    method()
    ~~~~~~^^
  File "E:\Code\AideanCompany\fleet\console\console.py", line 1810, in do_GET
    self._json(fleet_health())
    ~~~~~~~~~~^^^^^^^^^^^^^^^^
  File "E:\Code\AideanCompany\fleet\console\console.py", line 1652, in _json
    self.wfile.write(b)
    ~~~~~~~~~~~~~~~~^^^
  File "C:\Program Files\Python313\Lib\socketserver.py", line 845, in write
    self._sock.sendall(b)
    ~~~~~~~~~~~~~~~~~~^^^
ConnectionAbortedError: [WinError 10053] ÄãµÄÖ÷»úÖÐµÄÈí¼þÖÐÖ¹ÁËÒ»¸öÒÑ½¨Á¢µÄÁ¬½Ó¡£
----------------------------------------
----------------------------------------
Exception occurred during processing of request from ('127.0.0.1', 57771)
Traceback (most recent call last):
  File "C:\Program Files\Python313\Lib\socketserver.py", line 697, in process_request_thread
    self.finish_request(request, client_address)
    ~~~~~~~~~~~~~~~~~~~^^^^^^^^^^^^^^^^^^^^^^^^^
  File "C:\Program Files\Python313\Lib\socketserver.py", line 362, in finish_request
    self.RequestHandlerClass(request, client_address, self)
    ~~~~~~~~~~~~~~~~~~~~~~~~^^^^^^^^^^^^^^^^^^^^^^^^^^^^^^^
  File "C:\Program Files\Python313\Lib\socketserver.py", line 766, in __init__
    self.handle()
    ~~~~~~~~~~~^^
  File "C:\Program Files\Python313\Lib\http\server.py", line 436, in handle
    self.handle_one_request()
    ~~~~~~~~~~~~~~~~~~~~~~~^^
  File "C:\Program Files\Python313\Lib\http\server.py", line 424, in handle_one_request
    method()
    ~~~~~~^^
  File "E:\Code\AideanCompany\fleet\console\console.py", line 1810, in do_GET
    self._json(fleet_health())
    ~~~~~~~~~~^^^^^^^^^^^^^^^^
  File "E:\Code\AideanCompany\fleet\console\console.py", line 1652, in _json
    self.wfile.write(b)
    ~~~~~~~~~~~~~~~~^^^
  File "C:\Program Files\Python313\Lib\socketserver.py", line 845, in write
    self._sock.sendall(b)
    ~~~~~~~~~~~~~~~~~~^^^
ConnectionAbortedError: [WinError 10053] ÄãµÄÖ÷»úÖÐµÄÈí¼þÖÐÖ¹ÁËÒ»¸öÒÑ½¨Á¢µÄÁ¬½Ó¡£
----------------------------------------
----------------------------------------
Exception occurred during processing of request from ('127.0.0.1', 64044)
Traceback (most recent call last):
  File "C:\Program Files\Python313\Lib\socketserver.py", line 697, in process_request_thread
    self.finish_request(request, client_address)
    ~~~~~~~~~~~~~~~~~~~^^^^^^^^^^^^^^^^^^^^^^^^^
  File "C:\Program Files\Python313\Lib\socketserver.py", line 362, in finish_request
    self.RequestHandlerClass(request, client_address, self)
    ~~~~~~~~~~~~~~~~~~~~~~~~^^^^^^^^^^^^^^^^^^^^^^^^^^^^^^^
  File "C:\Program Files\Python313\Lib\socketserver.py", line 766, in __init__
    self.handle()
    ~~~~~~~~~~~^^
  File "C:\Program Files\Python313\Lib\http\server.py", line 436, in handle
    self.handle_one_request()
    ~~~~~~~~~~~~~~~~~~~~~~~^^
  File "C:\Program Files\Python313\Lib\http\server.py", line 424, in handle_one_request
    method()
    ~~~~~~^^
  File "E:\Code\AideanCompany\fleet\console\console.py", line 1810, in do_GET
    self._json(fleet_health())
    ~~~~~~~~~~^^^^^^^^^^^^^^^^
  File "E:\Code\AideanCompany\fleet\console\console.py", line 1652, in _json
    self.wfile.write(b)
    ~~~~~~~~~~~~~~~~^^^
  File "C:\Program Files\Python313\Lib\socketserver.py", line 845, in write
    self._sock.sendall(b)
    ~~~~~~~~~~~~~~~~~~^^^
ConnectionAbortedError: [WinError 10053] ÄãµÄÖ÷»úÖÐµÄÈí¼þÖÐÖ¹ÁËÒ»¸öÒÑ½¨Á¢µÄÁ¬½Ó¡£
----------------------------------------
----------------------------------------
Exception occurred during processing of request from ('127.0.0.1', 52252)
Traceback (most recent call last):
  File "C:\Program Files\Python313\Lib\socketserver.py", line 697, in process_request_thread
    self.finish_request(request, client_address)
    ~~~~~~~~~~~~~~~~~~~^^^^^^^^^^^^^^^^^^^^^^^^^
  File "C:\Program Files\Python313\Lib\socketserver.py", line 362, in finish_request
    self.RequestHandlerClass(request, client_address, self)
    ~~~~~~~~~~~~~~~~~~~~~~~~^^^^^^^^^^^^^^^^^^^^^^^^^^^^^^^
  File "C:\Program Files\Python313\Lib\socketserver.py", line 766, in __init__
    self.handle()
    ~~~~~~~~~~~^^
  File "C:\Program Files\Python313\Lib\http\server.py", line 436, in handle
    self.handle_one_request()
    ~~~~~~~~~~~~~~~~~~~~~~~^^
  File "C:\Program Files\Python313\Lib\http\server.py", line 424, in handle_one_request
    method()
    ~~~~~~^^
  File "E:\Code\AideanCompany\fleet\console\console.py", line 1810, in do_GET
    self._json(fleet_health())
    ~~~~~~~~~~^^^^^^^^^^^^^^^^
  File "E:\Code\AideanCompany\fleet\console\console.py", line 1652, in _json
    self.wfile.write(b)
    ~~~~~~~~~~~~~~~~^^^
  File "C:\Program Files\Python313\Lib\socketserver.py", line 845, in write
    self._sock.sendall(b)
    ~~~~~~~~~~~~~~~~~~^^^
ConnectionAbortedError: [WinError 10053] ÄãµÄÖ÷»úÖÐµÄÈí¼þÖÐÖ¹ÁËÒ»¸öÒÑ½¨Á¢µÄÁ¬½Ó¡£
----------------------------------------
----------------------------------------
Exception occurred during processing of request from ('127.0.0.1', 57060)
Traceback (most recent call last):
  File "C:\Program Files\Python313\Lib\socketserver.py", line 697, in process_request_thread
    self.finish_request(request, client_address)
    ~~~~~~~~~~~~~~~~~~~^^^^^^^^^^^^^^^^^^^^^^^^^
  File "C:\Program Files\Python313\Lib\socketserver.py", line 362, in finish_request
    self.RequestHandlerClass(request, client_address, self)
    ~~~~~~~~~~~~~~~~~~~~~~~~^^^^^^^^^^^^^^^^^^^^^^^^^^^^^^^
  File "C:\Program Files\Python313\Lib\socketserver.py", line 766, in __init__
    self.handle()
    ~~~~~~~~~~~^^
  File "C:\Program Files\Python313\Lib\http\server.py", line 436, in handle
    self.handle_one_request()
    ~~~~~~~~~~~~~~~~~~~~~~~^^
  File "C:\Program Files\Python313\Lib\http\server.py", line 424, in handle_one_request
    method()
    ~~~~~~^^
  File "E:\Code\AideanCompany\fleet\console\console.py", line 1810, in do_GET
    self._json(fleet_health())
    ~~~~~~~~~~^^^^^^^^^^^^^^^^
  File "E:\Code\AideanCompany\fleet\console\console.py", line 1652, in _json
    self.wfile.write(b)
    ~~~~~~~~~~~~~~~~^^^
  File "C:\Program Files\Python313\Lib\socketserver.py", line 845, in write
    self._sock.sendall(b)
    ~~~~~~~~~~~~~~~~~~^^^
ConnectionAbortedError: [WinError 10053] ÄãµÄÖ÷»úÖÐµÄÈí¼þÖÐÖ¹ÁËÒ»¸öÒÑ½¨Á¢µÄÁ¬½Ó¡£
----------------------------------------
----------------------------------------
Exception occurred during processing of request from ('127.0.0.1', 61892)
Traceback (most recent call last):
  File "C:\Program Files\Python313\Lib\socketserver.py", line 697, in process_request_thread
    self.finish_request(request, client_address)
    ~~~~~~~~~~~~~~~~~~~^^^^^^^^^^^^^^^^^^^^^^^^^
  File "C:\Program Files\Python313\Lib\socketserver.py", line 362, in finish_request
    self.RequestHandlerClass(request, client_address, self)
    ~~~~~~~~~~~~~~~~~~~~~~~~^^^^^^^^^^^^^^^^^^^^^^^^^^^^^^^
  File "C:\Program Files\Python313\Lib\socketserver.py", line 766, in __init__
    self.handle()
    ~~~~~~~~~~~^^
  File "C:\Program Files\Python313\Lib\http\server.py", line 436, in handle
    self.handle_one_request()
    ~~~~~~~~~~~~~~~~~~~~~~~^^
  File "C:\Program Files\Python313\Lib\http\server.py", line 424, in handle_one_request
    method()
    ~~~~~~^^
  File "E:\Code\AideanCompany\fleet\console\console.py", line 1810, in do_GET
    self._json(fleet_health())
    ~~~~~~~~~~^^^^^^^^^^^^^^^^
  File "E:\Code\AideanCompany\fleet\console\console.py", line 1652, in _json
    self.wfile.write(b)
    ~~~~~~~~~~~~~~~~^^^
  File "C:\Program Files\Python313\Lib\socketserver.py", line 845, in write
    self._sock.sendall(b)
    ~~~~~~~~~~~~~~~~~~^^^
ConnectionAbortedError: [WinError 10053] ÄãµÄÖ÷»úÖÐµÄÈí¼þÖÐÖ¹ÁËÒ»¸öÒÑ½¨Á¢µÄÁ¬½Ó¡£
----------------------------------------
----------------------------------------
Exception occurred during processing of request from ('127.0.0.1', 56044)
Traceback (most recent call last):
  File "C:\Program Files\Python313\Lib\socketserver.py", line 697, in process_request_thread
    self.finish_request(request, client_address)
    ~~~~~~~~~~~~~~~~~~~^^^^^^^^^^^^^^^^^^^^^^^^^
  File "C:\Program Files\Python313\Lib\socketserver.py", line 362, in finish_request
    self.RequestHandlerClass(request, client_address, self)
    ~~~~~~~~~~~~~~~~~~~~~~~~^^^^^^^^^^^^^^^^^^^^^^^^^^^^^^^
  File "C:\Program Files\Python313\Lib\socketserver.py", line 766, in __init__
    self.handle()
    ~~~~~~~~~~~^^
  File "C:\Program Files\Python313\Lib\http\server.py", line 436, in handle
    self.handle_one_request()
    ~~~~~~~~~~~~~~~~~~~~~~~^^
  File "C:\Program Files\Python313\Lib\http\server.py", line 424, in handle_one_request
    method()
    ~~~~~~^^
  File "E:\Code\AideanCompany\fleet\console\console.py", line 1810, in do_GET
    self._json(fleet_health())
    ~~~~~~~~~~^^^^^^^^^^^^^^^^
  File "E:\Code\AideanCompany\fleet\console\console.py", line 1652, in _json
    self.wfile.write(b)
    ~~~~~~~~~~~~~~~~^^^
  File "C:\Program Files\Python313\Lib\socketserver.py", line 845, in write
    self._sock.sendall(b)
    ~~~~~~~~~~~~~~~~~~^^^
ConnectionAbortedError: [WinError 10053] ÄãµÄÖ÷»úÖÐµÄÈí¼þÖÐÖ¹ÁËÒ»¸öÒÑ½¨Á¢µÄÁ¬½Ó¡£
----------------------------------------
----------------------------------------
Exception occurred during processing of request from ('127.0.0.1', 57093)
Traceback (most recent call last):
  File "C:\Program Files\Python313\Lib\socketserver.py", line 697, in process_request_thread
    self.finish_request(request, client_address)
    ~~~~~~~~~~~~~~~~~~~^^^^^^^^^^^^^^^^^^^^^^^^^
  File "C:\Program Files\Python313\Lib\socketserver.py", line 362, in finish_request
    self.RequestHandlerClass(request, client_address, self)
    ~~~~~~~~~~~~~~~~~~~~~~~~^^^^^^^^^^^^^^^^^^^^^^^^^^^^^^^
  File "C:\Program Files\Python313\Lib\socketserver.py", line 766, in __init__
    self.handle()
    ~~~~~~~~~~~^^
  File "C:\Program Files\Python313\Lib\http\server.py", line 436, in handle
    self.handle_one_request()
    ~~~~~~~~~~~~~~~~~~~~~~~^^
  File "C:\Program Files\Python313\Lib\http\server.py", line 424, in handle_one_request
    method()
    ~~~~~~^^
  File "E:\Code\AideanCompany\fleet\console\console.py", line 1810, in do_GET
    self._json(fleet_health())
    ~~~~~~~~~~^^^^^^^^^^^^^^^^
  File "E:\Code\AideanCompany\fleet\console\console.py", line 1652, in _json
    self.wfile.write(b)
    ~~~~~~~~~~~~~~~~^^^
  File "C:\Program Files\Python313\Lib\socketserver.py", line 845, in write
    self._sock.sendall(b)
    ~~~~~~~~~~~~~~~~~~^^^
ConnectionAbortedError: [WinError 10053] ÄãµÄÖ÷»úÖÐµÄÈí¼þÖÐÖ¹ÁËÒ»¸öÒÑ½¨Á¢µÄÁ¬½Ó¡£
----------------------------------------
----------------------------------------
Exception occurred during processing of request from ('127.0.0.1', 63447)
Traceback (most recent call last):
  File "C:\Program Files\Python313\Lib\socketserver.py", line 697, in process_request_thread
    self.finish_request(request, client_address)
    ~~~~~~~~~~~~~~~~~~~^^^^^^^^^^^^^^^^^^^^^^^^^
  File "C:\Program Files\Python313\Lib\socketserver.py", line 362, in finish_request
    self.RequestHandlerClass(request, client_address, self)
    ~~~~~~~~~~~~~~~~~~~~~~~~^^^^^^^^^^^^^^^^^^^^^^^^^^^^^^^
  File "C:\Program Files\Python313\Lib\socketserver.py", line 766, in __init__
    self.handle()
    ~~~~~~~~~~~^^
  File "C:\Program Files\Python313\Lib\http\server.py", line 436, in handle
    self.handle_one_request()
    ~~~~~~~~~~~~~~~~~~~~~~~^^
  File "C:\Program Files\Python313\Lib\http\server.py", line 424, in handle_one_request
    method()
    ~~~~~~^^
  File "E:\Code\AideanCompany\fleet\console\console.py", line 1810, in do_GET
    self._json(fleet_health())
    ~~~~~~~~~~^^^^^^^^^^^^^^^^
  File "E:\Code\AideanCompany\fleet\console\console.py", line 1652, in _json
    self.wfile.write(b)
    ~~~~~~~~~~~~~~~~^^^
  File "C:\Program Files\Python313\Lib\socketserver.py", line 845, in write
    self._sock.sendall(b)
    ~~~~~~~~~~~~~~~~~~^^^
ConnectionAbortedError: [WinError 10053] ÄãµÄÖ÷»úÖÐµÄÈí¼þÖÐÖ¹ÁËÒ»¸öÒÑ½¨Á¢µÄÁ¬½Ó¡£
----------------------------------------
----------------------------------------
Exception occurred during processing of request from ('127.0.0.1', 60831)
Traceback (most recent call last):
  File "C:\Program Files\Python313\Lib\socketserver.py", line 697, in process_request_thread
    self.finish_request(request, client_address)
    ~~~~~~~~~~~~~~~~~~~^^^^^^^^^^^^^^^^^^^^^^^^^
  File "C:\Program Files\Python313\Lib\socketserver.py", line 362, in finish_request
    self.RequestHandlerClass(request, client_address, self)
    ~~~~~~~~~~~~~~~~~~~~~~~~^^^^^^^^^^^^^^^^^^^^^^^^^^^^^^^
  File "C:\Program Files\Python313\Lib\socketserver.py", line 766, in __init__
    self.handle()
    ~~~~~~~~~~~^^
  File "C:\Program Files\Python313\Lib\http\server.py", line 436, in handle
    self.handle_one_request()
    ~~~~~~~~~~~~~~~~~~~~~~~^^
  File "C:\Program Files\Python313\Lib\http\server.py", line 424, in handle_one_request
    method()
    ~~~~~~^^
  File "E:\Code\AideanCompany\fleet\console\console.py", line 1810, in do_GET
    self._json(fleet_health())
    ~~~~~~~~~~^^^^^^^^^^^^^^^^
  File "E:\Code\AideanCompany\fleet\console\console.py", line 1652, in _json
    self.wfile.write(b)
    ~~~~~~~~~~~~~~~~^^^
  File "C:\Program Files\Python313\Lib\socketserver.py", line 845, in write
    self._sock.sendall(b)
    ~~~~~~~~~~~~~~~~~~^^^
ConnectionAbortedError: [WinError 10053] ÄãµÄÖ÷»úÖÐµÄÈí¼þÖÐÖ¹ÁËÒ»¸öÒÑ½¨Á¢µÄÁ¬½Ó¡£
----------------------------------------
----------------------------------------
Exception occurred during processing of request from ('127.0.0.1', 60857)
Traceback (most recent call last):
  File "C:\Program Files\Python313\Lib\socketserver.py", line 697, in process_request_thread
    self.finish_request(request, client_address)
    ~~~~~~~~~~~~~~~~~~~^^^^^^^^^^^^^^^^^^^^^^^^^
  File "C:\Program Files\Python313\Lib\socketserver.py", line 362, in finish_request
    self.RequestHandlerClass(request, client_address, self)
    ~~~~~~~~~~~~~~~~~~~~~~~~^^^^^^^^^^^^^^^^^^^^^^^^^^^^^^^
  File "C:\Program Files\Python313\Lib\socketserver.py", line 766, in __init__
    self.handle()
    ~~~~~~~~~~~^^
  File "C:\Program Files\Python313\Lib\http\server.py", line 436, in handle
    self.handle_one_request()
    ~~~~~~~~~~~~~~~~~~~~~~~^^
  File "C:\Program Files\Python313\Lib\http\server.py", line 424, in handle_one_request
    method()
    ~~~~~~^^
  File "E:\Code\AideanCompany\fleet\console\console.py", line 1810, in do_GET
    self._json(fleet_health())
    ~~~~~~~~~~^^^^^^^^^^^^^^^^
  File "E:\Code\AideanCompany\fleet\console\console.py", line 1652, in _json
    self.wfile.write(b)
    ~~~~~~~~~~~~~~~~^^^
  File "C:\Program Files\Python313\Lib\socketserver.py", line 845, in write
    self._sock.sendall(b)
    ~~~~~~~~~~~~~~~~~~^^^
ConnectionAbortedError: [WinError 10053] ÄãµÄÖ÷»úÖÐµÄÈí¼þÖÐÖ¹ÁËÒ»¸öÒÑ½¨Á¢µÄÁ¬½Ó¡£
----------------------------------------
----------------------------------------
Exception occurred during processing of request from ('127.0.0.1', 58313)
Traceback (most recent call last):
  File "C:\Program Files\Python313\Lib\socketserver.py", line 697, in process_request_thread
    self.finish_request(request, client_address)
    ~~~~~~~~~~~~~~~~~~~^^^^^^^^^^^^^^^^^^^^^^^^^
  File "C:\Program Files\Python313\Lib\socketserver.py", line 362, in finish_request
    self.RequestHandlerClass(request, client_address, self)
    ~~~~~~~~~~~~~~~~~~~~~~~~^^^^^^^^^^^^^^^^^^^^^^^^^^^^^^^
  File "C:\Program Files\Python313\Lib\socketserver.py", line 766, in __init__
    self.handle()
    ~~~~~~~~~~~^^
  File "C:\Program Files\Python313\Lib\http\server.py", line 436, in handle
    self.handle_one_request()
    ~~~~~~~~~~~~~~~~~~~~~~~^^
  File "C:\Program Files\Python313\Lib\http\server.py", line 424, in handle_one_request
    method()
    ~~~~~~^^
  File "E:\Code\AideanCompany\fleet\console\console.py", line 1810, in do_GET
    self._json(fleet_health())
    ~~~~~~~~~~^^^^^^^^^^^^^^^^
  File "E:\Code\AideanCompany\fleet\console\console.py", line 1652, in _json
    self.wfile.write(b)
    ~~~~~~~~~~~~~~~~^^^
  File "C:\Program Files\Python313\Lib\socketserver.py", line 845, in write
    self._sock.sendall(b)
    ~~~~~~~~~~~~~~~~~~^^^
ConnectionAbortedError: [WinError 10053] ÄãµÄÖ÷»úÖÐµÄÈí¼þÖÐÖ¹ÁËÒ»¸öÒÑ½¨Á¢µÄÁ¬½Ó¡£
----------------------------------------
----------------------------------------
Exception occurred during processing of request from ('127.0.0.1', 55024)
Traceback (most recent call last):
  File "C:\Program Files\Python313\Lib\socketserver.py", line 697, in process_request_thread
    self.finish_request(request, client_address)
    ~~~~~~~~~~~~~~~~~~~^^^^^^^^^^^^^^^^^^^^^^^^^
  File "C:\Program Files\Python313\Lib\socketserver.py", line 362, in finish_request
    self.RequestHandlerClass(request, client_address, self)
    ~~~~~~~~~~~~~~~~~~~~~~~~^^^^^^^^^^^^^^^^^^^^^^^^^^^^^^^
  File "C:\Program Files\Python313\Lib\socketserver.py", line 766, in __init__
    self.handle()
    ~~~~~~~~~~~^^
  File "C:\Program Files\Python313\Lib\http\server.py", line 436, in handle
    self.handle_one_request()
    ~~~~~~~~~~~~~~~~~~~~~~~^^
  File "C:\Program Files\Python313\Lib\http\server.py", line 424, in handle_one_request
    method()
    ~~~~~~^^
  File "E:\Code\AideanCompany\fleet\console\console.py", line 1810, in do_GET
    self._json(fleet_health())
    ~~~~~~~~~~^^^^^^^^^^^^^^^^
  File "E:\Code\AideanCompany\fleet\console\console.py", line 1652, in _json
    self.wfile.write(b)
    ~~~~~~~~~~~~~~~~^^^
  File "C:\Program Files\Python313\Lib\socketserver.py", line 845, in write
    self._sock.sendall(b)
    ~~~~~~~~~~~~~~~~~~^^^
ConnectionAbortedError: [WinError 10053] ÄãµÄÖ÷»úÖÐµÄÈí¼þÖÐÖ¹ÁËÒ»¸öÒÑ½¨Á¢µÄÁ¬½Ó¡£
----------------------------------------
----------------------------------------
Exception occurred during processing of request from ('127.0.0.1', 64817)
Traceback (most recent call last):
  File "C:\Program Files\Python313\Lib\socketserver.py", line 697, in process_request_thread
    self.finish_request(request, client_address)
    ~~~~~~~~~~~~~~~~~~~^^^^^^^^^^^^^^^^^^^^^^^^^
  File "C:\Program Files\Python313\Lib\socketserver.py", line 362, in finish_request
    self.RequestHandlerClass(request, client_address, self)
    ~~~~~~~~~~~~~~~~~~~~~~~~^^^^^^^^^^^^^^^^^^^^^^^^^^^^^^^
  File "C:\Program Files\Python313\Lib\socketserver.py", line 766, in __init__
    self.handle()
    ~~~~~~~~~~~^^
  File "C:\Program Files\Python313\Lib\http\server.py", line 436, in handle
    self.handle_one_request()
    ~~~~~~~~~~~~~~~~~~~~~~~^^
  File "C:\Program Files\Python313\Lib\http\server.py", line 424, in handle_one_request
    method()
    ~~~~~~^^
  File "E:\Code\AideanCompany\fleet\console\console.py", line 1810, in do_GET
    self._json(fleet_health())
    ~~~~~~~~~~^^^^^^^^^^^^^^^^
  File "E:\Code\AideanCompany\fleet\console\console.py", line 1652, in _json
    self.wfile.write(b)
    ~~~~~~~~~~~~~~~~^^^
  File "C:\Program Files\Python313\Lib\socketserver.py", line 845, in write
    self._sock.sendall(b)
    ~~~~~~~~~~~~~~~~~~^^^
ConnectionAbortedError: [WinError 10053] ÄãµÄÖ÷»úÖÐµÄÈí¼þÖÐÖ¹ÁËÒ»¸öÒÑ½¨Á¢µÄÁ¬½Ó¡£
----------------------------------------
----------------------------------------
Exception occurred during processing of request from ('127.0.0.1', 61187)
Traceback (most recent call last):
  File "C:\Program Files\Python313\Lib\socketserver.py", line 697, in process_request_thread
    self.finish_request(request, client_address)
    ~~~~~~~~~~~~~~~~~~~^^^^^^^^^^^^^^^^^^^^^^^^^
  File "C:\Program Files\Python313\Lib\socketserver.py", line 362, in finish_request
    self.RequestHandlerClass(request, client_address, self)
    ~~~~~~~~~~~~~~~~~~~~~~~~^^^^^^^^^^^^^^^^^^^^^^^^^^^^^^^
  File "C:\Program Files\Python313\Lib\socketserver.py", line 766, in __init__
    self.handle()
    ~~~~~~~~~~~^^
  File "C:\Program Files\Python313\Lib\http\server.py", line 436, in handle
    self.handle_one_request()
    ~~~~~~~~~~~~~~~~~~~~~~~^^
  File "C:\Program Files\Python313\Lib\http\server.py", line 424, in handle_one_request
    method()
    ~~~~~~^^
  File "E:\Code\AideanCompany\fleet\console\console.py", line 1810, in do_GET
    self._json(fleet_health())
    ~~~~~~~~~~^^^^^^^^^^^^^^^^
  File "E:\Code\AideanCompany\fleet\console\console.py", line 1652, in _json
    self.wfile.write(b)
    ~~~~~~~~~~~~~~~~^^^
  File "C:\Program Files\Python313\Lib\socketserver.py", line 845, in write
    self._sock.sendall(b)
    ~~~~~~~~~~~~~~~~~~^^^
ConnectionAbortedError: [WinError 10053] ÄãµÄÖ÷»úÖÐµÄÈí¼þÖÐÖ¹ÁËÒ»¸öÒÑ½¨Á¢µÄÁ¬½Ó¡£
----------------------------------------
----------------------------------------
Exception occurred during processing of request from ('127.0.0.1', 62835)
Traceback (most recent call last):
  File "C:\Program Files\Python313\Lib\socketserver.py", line 697, in process_request_thread
    self.finish_request(request, client_address)
    ~~~~~~~~~~~~~~~~~~~^^^^^^^^^^^^^^^^^^^^^^^^^
  File "C:\Program Files\Python313\Lib\socketserver.py", line 362, in finish_request
    self.RequestHandlerClass(request, client_address, self)
    ~~~~~~~~~~~~~~~~~~~~~~~~^^^^^^^^^^^^^^^^^^^^^^^^^^^^^^^
  File "C:\Program Files\Python313\Lib\socketserver.py", line 766, in __init__
    self.handle()
    ~~~~~~~~~~~^^
  File "C:\Program Files\Python313\Lib\http\server.py", line 436, in handle
    self.handle_one_request()
    ~~~~~~~~~~~~~~~~~~~~~~~^^
  File "C:\Program Files\Python313\Lib\http\server.py", line 424, in handle_one_request
    method()
    ~~~~~~^^
  File "E:\Code\AideanCompany\fleet\console\console.py", line 1810, in do_GET
    self._json(fleet_health())
    ~~~~~~~~~~^^^^^^^^^^^^^^^^
  File "E:\Code\AideanCompany\fleet\console\console.py", line 1652, in _json
    self.wfile.write(b)
    ~~~~~~~~~~~~~~~~^^^
  File "C:\Program Files\Python313\Lib\socketserver.py", line 845, in write
    self._sock.sendall(b)
    ~~~~~~~~~~~~~~~~~~^^^
ConnectionAbortedError: [WinError 10053] ÄãµÄÖ÷»úÖÐµÄÈí¼þÖÐÖ¹ÁËÒ»¸öÒÑ½¨Á¢µÄÁ¬½Ó¡£
----------------------------------------
----------------------------------------
Exception occurred during processing of request from ('127.0.0.1', 64793)
Traceback (most recent call last):
  File "C:\Program Files\Python313\Lib\socketserver.py", line 697, in process_request_thread
    self.finish_request(request, client_address)
    ~~~~~~~~~~~~~~~~~~~^^^^^^^^^^^^^^^^^^^^^^^^^
  File "C:\Program Files\Python313\Lib\socketserver.py", line 362, in finish_request
    self.RequestHandlerClass(request, client_address, self)
    ~~~~~~~~~~~~~~~~~~~~~~~~^^^^^^^^^^^^^^^^^^^^^^^^^^^^^^^
  File "C:\Program Files\Python313\Lib\socketserver.py", line 766, in __init__
    self.handle()
    ~~~~~~~~~~~^^
  File "C:\Program Files\Python313\Lib\http\server.py", line 436, in handle
    self.handle_one_request()
    ~~~~~~~~~~~~~~~~~~~~~~~^^
  File "C:\Program Files\Python313\Lib\http\server.py", line 424, in handle_one_request
    method()
    ~~~~~~^^
  File "E:\Code\AideanCompany\fleet\console\console.py", line 1810, in do_GET
    self._json(fleet_health())
    ~~~~~~~~~~^^^^^^^^^^^^^^^^
  File "E:\Code\AideanCompany\fleet\console\console.py", line 1652, in _json
    self.wfile.write(b)
    ~~~~~~~~~~~~~~~~^^^
  File "C:\Program Files\Python313\Lib\socketserver.py", line 845, in write
    self._sock.sendall(b)
    ~~~~~~~~~~~~~~~~~~^^^
ConnectionAbortedError: [WinError 10053] ÄãµÄÖ÷»úÖÐµÄÈí¼þÖÐÖ¹ÁËÒ»¸öÒÑ½¨Á¢µÄÁ¬½Ó¡£
----------------------------------------
----------------------------------------
Exception occurred during processing of request from ('127.0.0.1', 53429)
Traceback (most recent call last):
  File "C:\Program Files\Python313\Lib\socketserver.py", line 697, in process_request_thread
    self.finish_request(request, client_address)
    ~~~~~~~~~~~~~~~~~~~^^^^^^^^^^^^^^^^^^^^^^^^^
  File "C:\Program Files\Python313\Lib\socketserver.py", line 362, in finish_request
    self.RequestHandlerClass(request, client_address, self)
    ~~~~~~~~~~~~~~~~~~~~~~~~^^^^^^^^^^^^^^^^^^^^^^^^^^^^^^^
  File "C:\Program Files\Python313\Lib\socketserver.py", line 766, in __init__
    self.handle()
    ~~~~~~~~~~~^^
  File "C:\Program Files\Python313\Lib\http\server.py", line 436, in handle
    self.handle_one_request()
    ~~~~~~~~~~~~~~~~~~~~~~~^^
  File "C:\Program Files\Python313\Lib\http\server.py", line 424, in handle_one_request
    method()
    ~~~~~~^^
  File "E:\Code\AideanCompany\fleet\console\console.py", line 1810, in do_GET
    self._json(fleet_health())
    ~~~~~~~~~~^^^^^^^^^^^^^^^^
  File "E:\Code\AideanCompany\fleet\console\console.py", line 1652, in _json
    self.wfile.write(b)
    ~~~~~~~~~~~~~~~~^^^
  File "C:\Program Files\Python313\Lib\socketserver.py", line 845, in write
    self._sock.sendall(b)
    ~~~~~~~~~~~~~~~~~~^^^
ConnectionAbortedError: [WinError 10053] ÄãµÄÖ÷»úÖÐµÄÈí¼þÖÐÖ¹ÁËÒ»¸öÒÑ½¨Á¢µÄÁ¬½Ó¡£
----------------------------------------
----------------------------------------
Exception occurred during processing of request from ('127.0.0.1', 56727)
Traceback (most recent call last):
  File "C:\Program Files\Python313\Lib\socketserver.py", line 697, in process_request_thread
    self.finish_request(request, client_address)
    ~~~~~~~~~~~~~~~~~~~^^^^^^^^^^^^^^^^^^^^^^^^^
  File "C:\Program Files\Python313\Lib\socketserver.py", line 362, in finish_request
    self.RequestHandlerClass(request, client_address, self)
    ~~~~~~~~~~~~~~~~~~~~~~~~^^^^^^^^^^^^^^^^^^^^^^^^^^^^^^^
  File "C:\Program Files\Python313\Lib\socketserver.py", line 766, in __init__
    self.handle()
    ~~~~~~~~~~~^^
  File "C:\Program Files\Python313\Lib\http\server.py", line 436, in handle
    self.handle_one_request()
    ~~~~~~~~~~~~~~~~~~~~~~~^^
  File "C:\Program Files\Python313\Lib\http\server.py", line 424, in handle_one_request
    method()
    ~~~~~~^^
  File "E:\Code\AideanCompany\fleet\console\console.py", line 1810, in do_GET
    self._json(fleet_health())
    ~~~~~~~~~~^^^^^^^^^^^^^^^^
  File "E:\Code\AideanCompany\fleet\console\console.py", line 1652, in _json
    self.wfile.write(b)
    ~~~~~~~~~~~~~~~~^^^
  File "C:\Program Files\Python313\Lib\socketserver.py", line 845, in write
    self._sock.sendall(b)
    ~~~~~~~~~~~~~~~~~~^^^
ConnectionAbortedError: [WinError 10053] ÄãµÄÖ÷»úÖÐµÄÈí¼þÖÐÖ¹ÁËÒ»¸öÒÑ½¨Á¢µÄÁ¬½Ó¡£
----------------------------------------
----------------------------------------
Exception occurred during processing of request from ('127.0.0.1', 60445)
Traceback (most recent call last):
  File "C:\Program Files\Python313\Lib\socketserver.py", line 697, in process_request_thread
    self.finish_request(request, client_address)
    ~~~~~~~~~~~~~~~~~~~^^^^^^^^^^^^^^^^^^^^^^^^^
  File "C:\Program Files\Python313\Lib\socketserver.py", line 362, in finish_request
    self.RequestHandlerClass(request, client_address, self)
    ~~~~~~~~~~~~~~~~~~~~~~~~^^^^^^^^^^^^^^^^^^^^^^^^^^^^^^^
  File "C:\Program Files\Python313\Lib\socketserver.py", line 766, in __init__
    self.handle()
    ~~~~~~~~~~~^^
  File "C:\Program Files\Python313\Lib\http\server.py", line 436, in handle
    self.handle_one_request()
    ~~~~~~~~~~~~~~~~~~~~~~~^^
  File "C:\Program Files\Python313\Lib\http\server.py", line 424, in handle_one_request
    method()
    ~~~~~~^^
  File "E:\Code\AideanCompany\fleet\console\console.py", line 1777, in do_GET
    self._html(page_dashboard())
    ~~~~~~~~~~^^^^^^^^^^^^^^^^^^
  File "E:\Code\AideanCompany\fleet\console\console.py", line 1644, in _html
    self.wfile.write(b)
    ~~~~~~~~~~~~~~~~^^^
  File "C:\Program Files\Python313\Lib\socketserver.py", line 845, in write
    self._sock.sendall(b)
    ~~~~~~~~~~~~~~~~~~^^^
ConnectionAbortedError: [WinError 10053] ÄãµÄÖ÷»úÖÐµÄÈí¼þÖÐÖ¹ÁËÒ»¸öÒÑ½¨Á¢µÄÁ¬½Ó¡£
----------------------------------------
----------------------------------------
Exception occurred during processing of request from ('127.0.0.1', 59949)
Traceback (most recent call last):
  File "C:\Program Files\Python313\Lib\socketserver.py", line 697, in process_request_thread
    self.finish_request(request, client_address)
    ~~~~~~~~~~~~~~~~~~~^^^^^^^^^^^^^^^^^^^^^^^^^
  File "C:\Program Files\Python313\Lib\socketserver.py", line 362, in finish_request
    self.RequestHandlerClass(request, client_address, self)
    ~~~~~~~~~~~~~~~~~~~~~~~~^^^^^^^^^^^^^^^^^^^^^^^^^^^^^^^
  File "C:\Program Files\Python313\Lib\socketserver.py", line 766, in __init__
    self.handle()
    ~~~~~~~~~~~^^
  File "C:\Program Files\Python313\Lib\http\server.py", line 436, in handle
    self.handle_one_request()
    ~~~~~~~~~~~~~~~~~~~~~~~^^
  File "C:\Program Files\Python313\Lib\http\server.py", line 424, in handle_one_request
    method()
    ~~~~~~^^
  File "E:\Code\AideanCompany\fleet\console\console.py", line 1810, in do_GET
    self._json(fleet_health())
    ~~~~~~~~~~^^^^^^^^^^^^^^^^
  File "E:\Code\AideanCompany\fleet\console\console.py", line 1652, in _json
    self.wfile.write(b)
    ~~~~~~~~~~~~~~~~^^^
  File "C:\Program Files\Python313\Lib\socketserver.py", line 845, in write
    self._sock.sendall(b)
    ~~~~~~~~~~~~~~~~~~^^^
ConnectionAbortedError: [WinError 10053] ÄãµÄÖ÷»úÖÐµÄÈí¼þÖÐÖ¹ÁËÒ»¸öÒÑ½¨Á¢µÄÁ¬½Ó¡£
----------------------------------------
----------------------------------------
Exception occurred during processing of request from ('127.0.0.1', 51060)
Traceback (most recent call last):
  File "C:\Program Files\Python313\Lib\socketserver.py", line 697, in process_request_thread
    self.finish_request(request, client_address)
    ~~~~~~~~~~~~~~~~~~~^^^^^^^^^^^^^^^^^^^^^^^^^
  File "C:\Program Files\Python313\Lib\socketserver.py", line 362, in finish_request
    self.RequestHandlerClass(request, client_address, self)
    ~~~~~~~~~~~~~~~~~~~~~~~~^^^^^^^^^^^^^^^^^^^^^^^^^^^^^^^
  File "C:\Program Files\Python313\Lib\socketserver.py", line 766, in __init__
    self.handle()
    ~~~~~~~~~~~^^
  File "C:\Program Files\Python313\Lib\http\server.py", line 436, in handle
    self.handle_one_request()
    ~~~~~~~~~~~~~~~~~~~~~~~^^
  File "C:\Program Files\Python313\Lib\http\server.py", line 424, in handle_one_request
    method()
    ~~~~~~^^
  File "E:\Code\AideanCompany\fleet\console\console.py", line 1810, in do_GET
    self._json(fleet_health())
    ~~~~~~~~~~^^^^^^^^^^^^^^^^
  File "E:\Code\AideanCompany\fleet\console\console.py", line 1652, in _json
    self.wfile.write(b)
    ~~~~~~~~~~~~~~~~^^^
  File "C:\Program Files\Python313\Lib\socketserver.py", line 845, in write
    self._sock.sendall(b)
    ~~~~~~~~~~~~~~~~~~^^^
ConnectionAbortedError: [WinError 10053] ÄãµÄÖ÷»úÖÐµÄÈí¼þÖÐÖ¹ÁËÒ»¸öÒÑ½¨Á¢µÄÁ¬½Ó¡£
----------------------------------------
----------------------------------------
Exception occurred during processing of request from ('127.0.0.1', 53374)
Traceback (most recent call last):
  File "C:\Program Files\Python313\Lib\socketserver.py", line 697, in process_request_thread
    self.finish_request(request, client_address)
    ~~~~~~~~~~~~~~~~~~~^^^^^^^^^^^^^^^^^^^^^^^^^
  File "C:\Program Files\Python313\Lib\socketserver.py", line 362, in finish_request
    self.RequestHandlerClass(request, client_address, self)
    ~~~~~~~~~~~~~~~~~~~~~~~~^^^^^^^^^^^^^^^^^^^^^^^^^^^^^^^
  File "C:\Program Files\Python313\Lib\socketserver.py", line 766, in __init__
    self.handle()
    ~~~~~~~~~~~^^
  File "C:\Program Files\Python313\Lib\http\server.py", line 436, in handle
    self.handle_one_request()
    ~~~~~~~~~~~~~~~~~~~~~~~^^
  File "C:\Program Files\Python313\Lib\http\server.py", line 424, in handle_one_request
    method()
    ~~~~~~^^
  File "E:\Code\AideanCompany\fleet\console\console.py", line 1810, in do_GET
    self._json(fleet_health())
    ~~~~~~~~~~^^^^^^^^^^^^^^^^
  File "E:\Code\AideanCompany\fleet\console\console.py", line 1652, in _json
    self.wfile.write(b)
    ~~~~~~~~~~~~~~~~^^^
  File "C:\Program Files\Python313\Lib\socketserver.py", line 845, in write
    self._sock.sendall(b)
    ~~~~~~~~~~~~~~~~~~^^^
ConnectionAbortedError: [WinError 10053] ÄãµÄÖ÷»úÖÐµÄÈí¼þÖÐÖ¹ÁËÒ»¸öÒÑ½¨Á¢µÄÁ¬½Ó¡£
----------------------------------------
----------------------------------------
Exception occurred during processing of request from ('127.0.0.1', 56573)
Traceback (most recent call last):
  File "C:\Program Files\Python313\Lib\socketserver.py", line 697, in process_request_thread
    self.finish_request(request, client_address)
    ~~~~~~~~~~~~~~~~~~~^^^^^^^^^^^^^^^^^^^^^^^^^
  File "C:\Program Files\Python313\Lib\socketserver.py", line 362, in finish_request
    self.RequestHandlerClass(request, client_address, self)
    ~~~~~~~~~~~~~~~~~~~~~~~~^^^^^^^^^^^^^^^^^^^^^^^^^^^^^^^
  File "C:\Program Files\Python313\Lib\socketserver.py", line 766, in __init__
    self.handle()
    ~~~~~~~~~~~^^
  File "C:\Program Files\Python313\Lib\http\server.py", line 436, in handle
    self.handle_one_request()
    ~~~~~~~~~~~~~~~~~~~~~~~^^
  File "C:\Program Files\Python313\Lib\http\server.py", line 424, in handle_one_request
    method()
    ~~~~~~^^
  File "E:\Code\AideanCompany\fleet\console\console.py", line 1810, in do_GET
    self._json(fleet_health())
    ~~~~~~~~~~^^^^^^^^^^^^^^^^
  File "E:\Code\AideanCompany\fleet\console\console.py", line 1652, in _json
    self.wfile.write(b)
    ~~~~~~~~~~~~~~~~^^^
  File "C:\Program Files\Python313\Lib\socketserver.py", line 845, in write
    self._sock.sendall(b)
    ~~~~~~~~~~~~~~~~~~^^^
ConnectionAbortedError: [WinError 10053] ÄãµÄÖ÷»úÖÐµÄÈí¼þÖÐÖ¹ÁËÒ»¸öÒÑ½¨Á¢µÄÁ¬½Ó¡£
----------------------------------------
----------------------------------------
Exception occurred during processing of request from ('127.0.0.1', 56544)
Traceback (most recent call last):
  File "C:\Program Files\Python313\Lib\socketserver.py", line 697, in process_request_thread
    self.finish_request(request, client_address)
    ~~~~~~~~~~~~~~~~~~~^^^^^^^^^^^^^^^^^^^^^^^^^
  File "C:\Program Files\Python313\Lib\socketserver.py", line 362, in finish_request
    self.RequestHandlerClass(request, client_address, self)
    ~~~~~~~~~~~~~~~~~~~~~~~~^^^^^^^^^^^^^^^^^^^^^^^^^^^^^^^
  File "C:\Program Files\Python313\Lib\socketserver.py", line 766, in __init__
    self.handle()
    ~~~~~~~~~~~^^
  File "C:\Program Files\Python313\Lib\http\server.py", line 436, in handle
    self.handle_one_request()
    ~~~~~~~~~~~~~~~~~~~~~~~^^
  File "C:\Program Files\Python313\Lib\http\server.py", line 424, in handle_one_request
    method()
    ~~~~~~^^
  File "E:\Code\AideanCompany\fleet\console\console.py", line 1810, in do_GET
    self._json(fleet_health())
    ~~~~~~~~~~^^^^^^^^^^^^^^^^
  File "E:\Code\AideanCompany\fleet\console\console.py", line 1652, in _json
    self.wfile.write(b)
    ~~~~~~~~~~~~~~~~^^^
  File "C:\Program Files\Python313\Lib\socketserver.py", line 845, in write
    self._sock.sendall(b)
    ~~~~~~~~~~~~~~~~~~^^^
ConnectionAbortedError: [WinError 10053] ÄãµÄÖ÷»úÖÐµÄÈí¼þÖÐÖ¹ÁËÒ»¸öÒÑ½¨Á¢µÄÁ¬½Ó¡£
----------------------------------------
----------------------------------------
Exception occurred during processing of request from ('127.0.0.1', 60046)
Traceback (most recent call last):
  File "C:\Program Files\Python313\Lib\socketserver.py", line 697, in process_request_thread
    self.finish_request(request, client_address)
    ~~~~~~~~~~~~~~~~~~~^^^^^^^^^^^^^^^^^^^^^^^^^
  File "C:\Program Files\Python313\Lib\socketserver.py", line 362, in finish_request
    self.RequestHandlerClass(request, client_address, self)
    ~~~~~~~~~~~~~~~~~~~~~~~~^^^^^^^^^^^^^^^^^^^^^^^^^^^^^^^
  File "C:\Program Files\Python313\Lib\socketserver.py", line 766, in __init__
    self.handle()
    ~~~~~~~~~~~^^
  File "C:\Program Files\Python313\Lib\http\server.py", line 436, in handle
    self.handle_one_request()
    ~~~~~~~~~~~~~~~~~~~~~~~^^
  File "C:\Program Files\Python313\Lib\http\server.py", line 424, in handle_one_request
    method()
    ~~~~~~^^
  File "E:\Code\AideanCompany\fleet\console\console.py", line 1810, in do_GET
    self._json(fleet_health())
    ~~~~~~~~~~^^^^^^^^^^^^^^^^
  File "E:\Code\AideanCompany\fleet\console\console.py", line 1652, in _json
    self.wfile.write(b)
    ~~~~~~~~~~~~~~~~^^^
  File "C:\Program Files\Python313\Lib\socketserver.py", line 845, in write
    self._sock.sendall(b)
    ~~~~~~~~~~~~~~~~~~^^^
ConnectionAbortedError: [WinError 10053] ÄãµÄÖ÷»úÖÐµÄÈí¼þÖÐÖ¹ÁËÒ»¸öÒÑ½¨Á¢µÄÁ¬½Ó¡£
----------------------------------------
----------------------------------------
Exception occurred during processing of request from ('127.0.0.1', 53093)
Traceback (most recent call last):
  File "C:\Program Files\Python313\Lib\socketserver.py", line 697, in process_request_thread
    self.finish_request(request, client_address)
    ~~~~~~~~~~~~~~~~~~~^^^^^^^^^^^^^^^^^^^^^^^^^
  File "C:\Program Files\Python313\Lib\socketserver.py", line 362, in finish_request
    self.RequestHandlerClass(request, client_address, self)
    ~~~~~~~~~~~~~~~~~~~~~~~~^^^^^^^^^^^^^^^^^^^^^^^^^^^^^^^
  File "C:\Program Files\Python313\Lib\socketserver.py", line 766, in __init__
    self.handle()
    ~~~~~~~~~~~^^
  File "C:\Program Files\Python313\Lib\http\server.py", line 436, in handle
    self.handle_one_request()
    ~~~~~~~~~~~~~~~~~~~~~~~^^
  File "C:\Program Files\Python313\Lib\http\server.py", line 424, in handle_one_request
    method()
    ~~~~~~^^
  File "E:\Code\AideanCompany\fleet\console\console.py", line 1810, in do_GET
    self._json(fleet_health())
    ~~~~~~~~~~^^^^^^^^^^^^^^^^
  File "E:\Code\AideanCompany\fleet\console\console.py", line 1652, in _json
    self.wfile.write(b)
    ~~~~~~~~~~~~~~~~^^^
  File "C:\Program Files\Python313\Lib\socketserver.py", line 845, in write
    self._sock.sendall(b)
    ~~~~~~~~~~~~~~~~~~^^^
ConnectionAbortedError: [WinError 10053] ÄãµÄÖ÷»úÖÐµÄÈí¼þÖÐÖ¹ÁËÒ»¸öÒÑ½¨Á¢µÄÁ¬½Ó¡£
----------------------------------------
----------------------------------------
Exception occurred during processing of request from ('127.0.0.1', 52160)
Traceback (most recent call last):
  File "C:\Program Files\Python313\Lib\socketserver.py", line 697, in process_request_thread
    self.finish_request(request, client_address)
    ~~~~~~~~~~~~~~~~~~~^^^^^^^^^^^^^^^^^^^^^^^^^
  File "C:\Program Files\Python313\Lib\socketserver.py", line 362, in finish_request
    self.RequestHandlerClass(request, client_address, self)
    ~~~~~~~~~~~~~~~~~~~~~~~~^^^^^^^^^^^^^^^^^^^^^^^^^^^^^^^
  File "C:\Program Files\Python313\Lib\socketserver.py", line 766, in __init__
    self.handle()
    ~~~~~~~~~~~^^
  File "C:\Program Files\Python313\Lib\http\server.py", line 436, in handle
    self.handle_one_request()
    ~~~~~~~~~~~~~~~~~~~~~~~^^
  File "C:\Program Files\Python313\Lib\http\server.py", line 424, in handle_one_request
    method()
    ~~~~~~^^
  File "E:\Code\AideanCompany\fleet\console\console.py", line 1810, in do_GET
    self._json(fleet_health())
    ~~~~~~~~~~^^^^^^^^^^^^^^^^
  File "E:\Code\AideanCompany\fleet\console\console.py", line 1652, in _json
    self.wfile.write(b)
    ~~~~~~~~~~~~~~~~^^^
  File "C:\Program Files\Python313\Lib\socketserver.py", line 845, in write
    self._sock.sendall(b)
    ~~~~~~~~~~~~~~~~~~^^^
ConnectionAbortedError: [WinError 10053] ÄãµÄÖ÷»úÖÐµÄÈí¼þÖÐÖ¹ÁËÒ»¸öÒÑ½¨Á¢µÄÁ¬½Ó¡£
----------------------------------------
----------------------------------------
Exception occurred during processing of request from ('127.0.0.1', 49494)
Traceback (most recent call last):
  File "C:\Program Files\Python313\Lib\socketserver.py", line 697, in process_request_thread
    self.finish_request(request, client_address)
    ~~~~~~~~~~~~~~~~~~~^^^^^^^^^^^^^^^^^^^^^^^^^
  File "C:\Program Files\Python313\Lib\socketserver.py", line 362, in finish_request
    self.RequestHandlerClass(request, client_address, self)
    ~~~~~~~~~~~~~~~~~~~~~~~~^^^^^^^^^^^^^^^^^^^^^^^^^^^^^^^
  File "C:\Program Files\Python313\Lib\socketserver.py", line 766, in __init__
    self.handle()
    ~~~~~~~~~~~^^
  File "C:\Program Files\Python313\Lib\http\server.py", line 436, in handle
    self.handle_one_request()
    ~~~~~~~~~~~~~~~~~~~~~~~^^
  File "C:\Program Files\Python313\Lib\http\server.py", line 424, in handle_one_request
    method()
    ~~~~~~^^
  File "E:\Code\AideanCompany\fleet\console\console.py", line 1810, in do_GET
    self._json(fleet_health())
    ~~~~~~~~~~^^^^^^^^^^^^^^^^
  File "E:\Code\AideanCompany\fleet\console\console.py", line 1652, in _json
    self.wfile.write(b)
    ~~~~~~~~~~~~~~~~^^^
  File "C:\Program Files\Python313\Lib\socketserver.py", line 845, in write
    self._sock.sendall(b)
    ~~~~~~~~~~~~~~~~~~^^^
ConnectionAbortedError: [WinError 10053] ÄãµÄÖ÷»úÖÐµÄÈí¼þÖÐÖ¹ÁËÒ»¸öÒÑ½¨Á¢µÄÁ¬½Ó¡£
----------------------------------------
----------------------------------------
Exception occurred during processing of request from ('127.0.0.1', 54926)
Traceback (most recent call last):
  File "C:\Program Files\Python313\Lib\socketserver.py", line 697, in process_request_thread
    self.finish_request(request, client_address)
    ~~~~~~~~~~~~~~~~~~~^^^^^^^^^^^^^^^^^^^^^^^^^
  File "C:\Program Files\Python313\Lib\socketserver.py", line 362, in finish_request
    self.RequestHandlerClass(request, client_address, self)
    ~~~~~~~~~~~~~~~~~~~~~~~~^^^^^^^^^^^^^^^^^^^^^^^^^^^^^^^
  File "C:\Program Files\Python313\Lib\socketserver.py", line 766, in __init__
    self.handle()
    ~~~~~~~~~~~^^
  File "C:\Program Files\Python313\Lib\http\server.py", line 436, in handle
    self.handle_one_request()
    ~~~~~~~~~~~~~~~~~~~~~~~^^
  File "C:\Program Files\Python313\Lib\http\server.py", line 424, in handle_one_request
    method()
    ~~~~~~^^
  File "E:\Code\AideanCompany\fleet\console\console.py", line 1810, in do_GET
    self._json(fleet_health())
    ~~~~~~~~~~^^^^^^^^^^^^^^^^
  File "E:\Code\AideanCompany\fleet\console\console.py", line 1652, in _json
    self.wfile.write(b)
    ~~~~~~~~~~~~~~~~^^^
  File "C:\Program Files\Python313\Lib\socketserver.py", line 845, in write
    self._sock.sendall(b)
    ~~~~~~~~~~~~~~~~~~^^^
ConnectionAbortedError: [WinError 10053] ÄãµÄÖ÷»úÖÐµÄÈí¼þÖÐÖ¹ÁËÒ»¸öÒÑ½¨Á¢µÄÁ¬½Ó¡£
----------------------------------------
----------------------------------------
Exception occurred during processing of request from ('127.0.0.1', 51314)
Traceback (most recent call last):
  File "C:\Program Files\Python313\Lib\socketserver.py", line 697, in process_request_thread
    self.finish_request(request, client_address)
    ~~~~~~~~~~~~~~~~~~~^^^^^^^^^^^^^^^^^^^^^^^^^
  File "C:\Program Files\Python313\Lib\socketserver.py", line 362, in finish_request
    self.RequestHandlerClass(request, client_address, self)
    ~~~~~~~~~~~~~~~~~~~~~~~~^^^^^^^^^^^^^^^^^^^^^^^^^^^^^^^
  File "C:\Program Files\Python313\Lib\socketserver.py", line 766, in __init__
    self.handle()
    ~~~~~~~~~~~^^
  File "C:\Program Files\Python313\Lib\http\server.py", line 436, in handle
    self.handle_one_request()
    ~~~~~~~~~~~~~~~~~~~~~~~^^
  File "C:\Program Files\Python313\Lib\http\server.py", line 424, in handle_one_request
    method()
    ~~~~~~^^
  File "E:\Code\AideanCompany\fleet\console\console.py", line 1810, in do_GET
    self._json(fleet_health())
    ~~~~~~~~~~^^^^^^^^^^^^^^^^
  File "E:\Code\AideanCompany\fleet\console\console.py", line 1652, in _json
    self.wfile.write(b)
    ~~~~~~~~~~~~~~~~^^^
  File "C:\Program Files\Python313\Lib\socketserver.py", line 845, in write
    self._sock.sendall(b)
    ~~~~~~~~~~~~~~~~~~^^^
ConnectionAbortedError: [WinError 10053] ÄãµÄÖ÷»úÖÐµÄÈí¼þÖÐÖ¹ÁËÒ»¸öÒÑ½¨Á¢µÄÁ¬½Ó¡£
----------------------------------------
----------------------------------------
Exception occurred during processing of request from ('127.0.0.1', 49429)
Traceback (most recent call last):
  File "C:\Program Files\Python313\Lib\socketserver.py", line 697, in process_request_thread
    self.finish_request(request, client_address)
    ~~~~~~~~~~~~~~~~~~~^^^^^^^^^^^^^^^^^^^^^^^^^
  File "C:\Program Files\Python313\Lib\socketserver.py", line 362, in finish_request
    self.RequestHandlerClass(request, client_address, self)
    ~~~~~~~~~~~~~~~~~~~~~~~~^^^^^^^^^^^^^^^^^^^^^^^^^^^^^^^
  File "C:\Program Files\Python313\Lib\socketserver.py", line 766, in __init__
    self.handle()
    ~~~~~~~~~~~^^
  File "C:\Program Files\Python313\Lib\http\server.py", line 436, in handle
    self.handle_one_request()
    ~~~~~~~~~~~~~~~~~~~~~~~^^
  File "C:\Program Files\Python313\Lib\http\server.py", line 424, in handle_one_request
    method()
    ~~~~~~^^
  File "E:\Code\AideanCompany\fleet\console\console.py", line 1810, in do_GET
    self._json(fleet_health())
    ~~~~~~~~~~^^^^^^^^^^^^^^^^
  File "E:\Code\AideanCompany\fleet\console\console.py", line 1652, in _json
    self.wfile.write(b)
    ~~~~~~~~~~~~~~~~^^^
  File "C:\Program Files\Python313\Lib\socketserver.py", line 845, in write
    self._sock.sendall(b)
    ~~~~~~~~~~~~~~~~~~^^^
ConnectionAbortedError: [WinError 10053] ÄãµÄÖ÷»úÖÐµÄÈí¼þÖÐÖ¹ÁËÒ»¸öÒÑ½¨Á¢µÄÁ¬½Ó¡£
----------------------------------------
----------------------------------------
Exception occurred during processing of request from ('127.0.0.1', 60770)
Traceback (most recent call last):
  File "C:\Program Files\Python313\Lib\socketserver.py", line 697, in process_request_thread
    self.finish_request(request, client_address)
    ~~~~~~~~~~~~~~~~~~~^^^^^^^^^^^^^^^^^^^^^^^^^
  File "C:\Program Files\Python313\Lib\socketserver.py", line 362, in finish_request
    self.RequestHandlerClass(request, client_address, self)
    ~~~~~~~~~~~~~~~~~~~~~~~~^^^^^^^^^^^^^^^^^^^^^^^^^^^^^^^
  File "C:\Program Files\Python313\Lib\socketserver.py", line 766, in __init__
    self.handle()
    ~~~~~~~~~~~^^
  File "C:\Program Files\Python313\Lib\http\server.py", line 436, in handle
    self.handle_one_request()
    ~~~~~~~~~~~~~~~~~~~~~~~^^
  File "C:\Program Files\Python313\Lib\http\server.py", line 424, in handle_one_request
    method()
    ~~~~~~^^
  File "E:\Code\AideanCompany\fleet\console\console.py", line 1810, in do_GET
    self._json(fleet_health())
    ~~~~~~~~~~^^^^^^^^^^^^^^^^
  File "E:\Code\AideanCompany\fleet\console\console.py", line 1652, in _json
    self.wfile.write(b)
    ~~~~~~~~~~~~~~~~^^^
  File "C:\Program Files\Python313\Lib\socketserver.py", line 845, in write
    self._sock.sendall(b)
    ~~~~~~~~~~~~~~~~~~^^^
ConnectionAbortedError: [WinError 10053] ÄãµÄÖ÷»úÖÐµÄÈí¼þÖÐÖ¹ÁËÒ»¸öÒÑ½¨Á¢µÄÁ¬½Ó¡£
----------------------------------------
----------------------------------------
Exception occurred during processing of request from ('127.0.0.1', 53511)
Traceback (most recent call last):
  File "C:\Program Files\Python313\Lib\socketserver.py", line 697, in process_request_thread
    self.finish_request(request, client_address)
    ~~~~~~~~~~~~~~~~~~~^^^^^^^^^^^^^^^^^^^^^^^^^
  File "C:\Program Files\Python313\Lib\socketserver.py", line 362, in finish_request
    self.RequestHandlerClass(request, client_address, self)
    ~~~~~~~~~~~~~~~~~~~~~~~~^^^^^^^^^^^^^^^^^^^^^^^^^^^^^^^
  File "C:\Program Files\Python313\Lib\socketserver.py", line 766, in __init__
    self.handle()
    ~~~~~~~~~~~^^
  File "C:\Program Files\Python313\Lib\http\server.py", line 436, in handle
    self.handle_one_request()
    ~~~~~~~~~~~~~~~~~~~~~~~^^
  File "C:\Program Files\Python313\Lib\http\server.py", line 424, in handle_one_request
    method()
    ~~~~~~^^
  File "E:\Code\AideanCompany\fleet\console\console.py", line 1810, in do_GET
    self._json(fleet_health())
    ~~~~~~~~~~^^^^^^^^^^^^^^^^
  File "E:\Code\AideanCompany\fleet\console\console.py", line 1652, in _json
    self.wfile.write(b)
    ~~~~~~~~~~~~~~~~^^^
  File "C:\Program Files\Python313\Lib\socketserver.py", line 845, in write
    self._sock.sendall(b)
    ~~~~~~~~~~~~~~~~~~^^^
ConnectionAbortedError: [WinError 10053] ÄãµÄÖ÷»úÖÐµÄÈí¼þÖÐÖ¹ÁËÒ»¸öÒÑ½¨Á¢µÄÁ¬½Ó¡£
----------------------------------------
----------------------------------------
Exception occurred during processing of request from ('127.0.0.1', 60491)
Traceback (most recent call last):
  File "C:\Program Files\Python313\Lib\socketserver.py", line 697, in process_request_thread
    self.finish_request(request, client_address)
    ~~~~~~~~~~~~~~~~~~~^^^^^^^^^^^^^^^^^^^^^^^^^
  File "C:\Program Files\Python313\Lib\socketserver.py", line 362, in finish_request
    self.RequestHandlerClass(request, client_address, self)
    ~~~~~~~~~~~~~~~~~~~~~~~~^^^^^^^^^^^^^^^^^^^^^^^^^^^^^^^
  File "C:\Program Files\Python313\Lib\socketserver.py", line 766, in __init__
    self.handle()
    ~~~~~~~~~~~^^
  File "C:\Program Files\Python313\Lib\http\server.py", line 436, in handle
    self.handle_one_request()
    ~~~~~~~~~~~~~~~~~~~~~~~^^
  File "C:\Program Files\Python313\Lib\http\server.py", line 424, in handle_one_request
    method()
    ~~~~~~^^
  File "E:\Code\AideanCompany\fleet\console\console.py", line 1810, in do_GET
    self._json(fleet_health())
    ~~~~~~~~~~^^^^^^^^^^^^^^^^
  File "E:\Code\AideanCompany\fleet\console\console.py", line 1652, in _json
    self.wfile.write(b)
    ~~~~~~~~~~~~~~~~^^^
  File "C:\Program Files\Python313\Lib\socketserver.py", line 845, in write
    self._sock.sendall(b)
    ~~~~~~~~~~~~~~~~~~^^^
ConnectionAbortedError: [WinError 10053] ÄãµÄÖ÷»úÖÐµÄÈí¼þÖÐÖ¹ÁËÒ»¸öÒÑ½¨Á¢µÄÁ¬½Ó¡£
----------------------------------------
----------------------------------------
Exception occurred during processing of request from ('127.0.0.1', 55704)
Traceback (most recent call last):
  File "C:\Program Files\Python313\Lib\socketserver.py", line 697, in process_request_thread
    self.finish_request(request, client_address)
    ~~~~~~~~~~~~~~~~~~~^^^^^^^^^^^^^^^^^^^^^^^^^
  File "C:\Program Files\Python313\Lib\socketserver.py", line 362, in finish_request
    self.RequestHandlerClass(request, client_address, self)
    ~~~~~~~~~~~~~~~~~~~~~~~~^^^^^^^^^^^^^^^^^^^^^^^^^^^^^^^
  File "C:\Program Files\Python313\Lib\socketserver.py", line 766, in __init__
    self.handle()
    ~~~~~~~~~~~^^
  File "C:\Program Files\Python313\Lib\http\server.py", line 436, in handle
    self.handle_one_request()
    ~~~~~~~~~~~~~~~~~~~~~~~^^
  File "C:\Program Files\Python313\Lib\http\server.py", line 424, in handle_one_request
    method()
    ~~~~~~^^
  File "E:\Code\AideanCompany\fleet\console\console.py", line 1810, in do_GET
    self._json(fleet_health())
    ~~~~~~~~~~^^^^^^^^^^^^^^^^
  File "E:\Code\AideanCompany\fleet\console\console.py", line 1652, in _json
    self.wfile.write(b)
    ~~~~~~~~~~~~~~~~^^^
  File "C:\Program Files\Python313\Lib\socketserver.py", line 845, in write
    self._sock.sendall(b)
    ~~~~~~~~~~~~~~~~~~^^^
ConnectionAbortedError: [WinError 10053] ÄãµÄÖ÷»úÖÐµÄÈí¼þÖÐÖ¹ÁËÒ»¸öÒÑ½¨Á¢µÄÁ¬½Ó¡£
----------------------------------------
----------------------------------------
Exception occurred during processing of request from ('127.0.0.1', 53080)
Traceback (most recent call last):
  File "C:\Program Files\Python313\Lib\socketserver.py", line 697, in process_request_thread
    self.finish_request(request, client_address)
    ~~~~~~~~~~~~~~~~~~~^^^^^^^^^^^^^^^^^^^^^^^^^
  File "C:\Program Files\Python313\Lib\socketserver.py", line 362, in finish_request
    self.RequestHandlerClass(request, client_address, self)
    ~~~~~~~~~~~~~~~~~~~~~~~~^^^^^^^^^^^^^^^^^^^^^^^^^^^^^^^
  File "C:\Program Files\Python313\Lib\socketserver.py", line 766, in __init__
    self.handle()
    ~~~~~~~~~~~^^
  File "C:\Program Files\Python313\Lib\http\server.py", line 436, in handle
    self.handle_one_request()
    ~~~~~~~~~~~~~~~~~~~~~~~^^
  File "C:\Program Files\Python313\Lib\http\server.py", line 424, in handle_one_request
    method()
    ~~~~~~^^
  File "E:\Code\AideanCompany\fleet\console\console.py", line 1810, in do_GET
    self._json(fleet_health())
    ~~~~~~~~~~^^^^^^^^^^^^^^^^
  File "E:\Code\AideanCompany\fleet\console\console.py", line 1652, in _json
    self.wfile.write(b)
    ~~~~~~~~~~~~~~~~^^^
  File "C:\Program Files\Python313\Lib\socketserver.py", line 845, in write
    self._sock.sendall(b)
    ~~~~~~~~~~~~~~~~~~^^^
ConnectionAbortedError: [WinError 10053] ÄãµÄÖ÷»úÖÐµÄÈí¼þÖÐÖ¹ÁËÒ»¸öÒÑ½¨Á¢µÄÁ¬½Ó¡£
----------------------------------------
----------------------------------------
Exception occurred during processing of request from ('127.0.0.1', 53090)
Traceback (most recent call last):
  File "C:\Program Files\Python313\Lib\socketserver.py", line 697, in process_request_thread
    self.finish_request(request, client_address)
    ~~~~~~~~~~~~~~~~~~~^^^^^^^^^^^^^^^^^^^^^^^^^
  File "C:\Program Files\Python313\Lib\socketserver.py", line 362, in finish_request
    self.RequestHandlerClass(request, client_address, self)
    ~~~~~~~~~~~~~~~~~~~~~~~~^^^^^^^^^^^^^^^^^^^^^^^^^^^^^^^
  File "C:\Program Files\Python313\Lib\socketserver.py", line 766, in __init__
    self.handle()
    ~~~~~~~~~~~^^
  File "C:\Program Files\Python313\Lib\http\server.py", line 436, in handle
    self.handle_one_request()
    ~~~~~~~~~~~~~~~~~~~~~~~^^
  File "C:\Program Files\Python313\Lib\http\server.py", line 424, in handle_one_request
    method()
    ~~~~~~^^
  File "E:\Code\AideanCompany\fleet\console\console.py", line 1777, in do_GET
    self._html(page_dashboard())
    ~~~~~~~~~~^^^^^^^^^^^^^^^^^^
  File "E:\Code\AideanCompany\fleet\console\console.py", line 1644, in _html
    self.wfile.write(b)
    ~~~~~~~~~~~~~~~~^^^
  File "C:\Program Files\Python313\Lib\socketserver.py", line 845, in write
    self._sock.sendall(b)
    ~~~~~~~~~~~~~~~~~~^^^
ConnectionAbortedError: [WinError 10053] ÄãµÄÖ÷»úÖÐµÄÈí¼þÖÐÖ¹ÁËÒ»¸öÒÑ½¨Á¢µÄÁ¬½Ó¡£
----------------------------------------
----------------------------------------
Exception occurred during processing of request from ('127.0.0.1', 53122)
Traceback (most recent call last):
  File "C:\Program Files\Python313\Lib\socketserver.py", line 697, in process_request_thread
    self.finish_request(request, client_address)
    ~~~~~~~~~~~~~~~~~~~^^^^^^^^^^^^^^^^^^^^^^^^^
  File "C:\Program Files\Python313\Lib\socketserver.py", line 362, in finish_request
    self.RequestHandlerClass(request, client_address, self)
    ~~~~~~~~~~~~~~~~~~~~~~~~^^^^^^^^^^^^^^^^^^^^^^^^^^^^^^^
  File "C:\Program Files\Python313\Lib\socketserver.py", line 766, in __init__
    self.handle()
    ~~~~~~~~~~~^^
  File "C:\Program Files\Python313\Lib\http\server.py", line 436, in handle
    self.handle_one_request()
    ~~~~~~~~~~~~~~~~~~~~~~~^^
  File "C:\Program Files\Python313\Lib\http\server.py", line 424, in handle_one_request
    method()
    ~~~~~~^^
  File "E:\Code\AideanCompany\fleet\console\console.py", line 1810, in do_GET
    self._json(fleet_health())
    ~~~~~~~~~~^^^^^^^^^^^^^^^^
  File "E:\Code\AideanCompany\fleet\console\console.py", line 1652, in _json
    self.wfile.write(b)
    ~~~~~~~~~~~~~~~~^^^
  File "C:\Program Files\Python313\Lib\socketserver.py", line 845, in write
    self._sock.sendall(b)
    ~~~~~~~~~~~~~~~~~~^^^
ConnectionAbortedError: [WinError 10053] ÄãµÄÖ÷»úÖÐµÄÈí¼þÖÐÖ¹ÁËÒ»¸öÒÑ½¨Á¢µÄÁ¬½Ó¡£
----------------------------------------
----------------------------------------
Exception occurred during processing of request from ('127.0.0.1', 53169)
Traceback (most recent call last):
  File "C:\Program Files\Python313\Lib\socketserver.py", line 697, in process_request_thread
    self.finish_request(request, client_address)
    ~~~~~~~~~~~~~~~~~~~^^^^^^^^^^^^^^^^^^^^^^^^^
  File "C:\Program Files\Python313\Lib\socketserver.py", line 362, in finish_request
    self.RequestHandlerClass(request, client_address, self)
    ~~~~~~~~~~~~~~~~~~~~~~~~^^^^^^^^^^^^^^^^^^^^^^^^^^^^^^^
  File "C:\Program Files\Python313\Lib\socketserver.py", line 766, in __init__
    self.handle()
    ~~~~~~~~~~~^^
  File "C:\Program Files\Python313\Lib\http\server.py", line 436, in handle
    self.handle_one_request()
    ~~~~~~~~~~~~~~~~~~~~~~~^^
  File "C:\Program Files\Python313\Lib\http\server.py", line 424, in handle_one_request
    method()
    ~~~~~~^^
  File "E:\Code\AideanCompany\fleet\console\console.py", line 1810, in do_GET
    self._json(fleet_health())
    ~~~~~~~~~~^^^^^^^^^^^^^^^^
  File "E:\Code\AideanCompany\fleet\console\console.py", line 1652, in _json
    self.wfile.write(b)
    ~~~~~~~~~~~~~~~~^^^
  File "C:\Program Files\Python313\Lib\socketserver.py", line 845, in write
    self._sock.sendall(b)
    ~~~~~~~~~~~~~~~~~~^^^
ConnectionAbortedError: [WinError 10053] ÄãµÄÖ÷»úÖÐµÄÈí¼þÖÐÖ¹ÁËÒ»¸öÒÑ½¨Á¢µÄÁ¬½Ó¡£
----------------------------------------
----------------------------------------
Exception occurred during processing of request from ('127.0.0.1', 53159)
Traceback (most recent call last):
  File "C:\Program Files\Python313\Lib\socketserver.py", line 697, in process_request_thread
    self.finish_request(request, client_address)
    ~~~~~~~~~~~~~~~~~~~^^^^^^^^^^^^^^^^^^^^^^^^^
  File "C:\Program Files\Python313\Lib\socketserver.py", line 362, in finish_request
    self.RequestHandlerClass(request, client_address, self)
    ~~~~~~~~~~~~~~~~~~~~~~~~^^^^^^^^^^^^^^^^^^^^^^^^^^^^^^^
  File "C:\Program Files\Python313\Lib\socketserver.py", line 766, in __init__
    self.handle()
    ~~~~~~~~~~~^^
  File "C:\Program Files\Python313\Lib\http\server.py", line 436, in handle
    self.handle_one_request()
    ~~~~~~~~~~~~~~~~~~~~~~~^^
  File "C:\Program Files\Python313\Lib\http\server.py", line 424, in handle_one_request
    method()
    ~~~~~~^^
  File "E:\Code\AideanCompany\fleet\console\console.py", line 1810, in do_GET
    self._json(fleet_health())
    ~~~~~~~~~~^^^^^^^^^^^^^^^^
  File "E:\Code\AideanCompany\fleet\console\console.py", line 1652, in _json
    self.wfile.write(b)
    ~~~~~~~~~~~~~~~~^^^
  File "C:\Program Files\Python313\Lib\socketserver.py", line 845, in write
    self._sock.sendall(b)
    ~~~~~~~~~~~~~~~~~~^^^
ConnectionAbortedError: [WinError 10053] ÄãµÄÖ÷»úÖÐµÄÈí¼þÖÐÖ¹ÁËÒ»¸öÒÑ½¨Á¢µÄÁ¬½Ó¡£
----------------------------------------
----------------------------------------
Exception occurred during processing of request from ('127.0.0.1', 53201)
Traceback (most recent call last):
  File "C:\Program Files\Python313\Lib\socketserver.py", line 697, in process_request_thread
    self.finish_request(request, client_address)
    ~~~~~~~~~~~~~~~~~~~^^^^^^^^^^^^^^^^^^^^^^^^^
  File "C:\Program Files\Python313\Lib\socketserver.py", line 362, in finish_request
    self.RequestHandlerClass(request, client_address, self)
    ~~~~~~~~~~~~~~~~~~~~~~~~^^^^^^^^^^^^^^^^^^^^^^^^^^^^^^^
  File "C:\Program Files\Python313\Lib\socketserver.py", line 766, in __init__
    self.handle()
    ~~~~~~~~~~~^^
  File "C:\Program Files\Python313\Lib\http\server.py", line 436, in handle
    self.handle_one_request()
    ~~~~~~~~~~~~~~~~~~~~~~~^^
  File "C:\Program Files\Python313\Lib\http\server.py", line 424, in handle_one_request
    method()
    ~~~~~~^^
  File "E:\Code\AideanCompany\fleet\console\console.py", line 1810, in do_GET
    self._json(fleet_health())
    ~~~~~~~~~~^^^^^^^^^^^^^^^^
  File "E:\Code\AideanCompany\fleet\console\console.py", line 1652, in _json
    self.wfile.write(b)
    ~~~~~~~~~~~~~~~~^^^
  File "C:\Program Files\Python313\Lib\socketserver.py", line 845, in write
    self._sock.sendall(b)
    ~~~~~~~~~~~~~~~~~~^^^
ConnectionAbortedError: [WinError 10053] ÄãµÄÖ÷»úÖÐµÄÈí¼þÖÐÖ¹ÁËÒ»¸öÒÑ½¨Á¢µÄÁ¬½Ó¡£
----------------------------------------
----------------------------------------
Exception occurred during processing of request from ('127.0.0.1', 63769)
Traceback (most recent call last):
  File "C:\Program Files\Python313\Lib\socketserver.py", line 697, in process_request_thread
    self.finish_request(request, client_address)
    ~~~~~~~~~~~~~~~~~~~^^^^^^^^^^^^^^^^^^^^^^^^^
  File "C:\Program Files\Python313\Lib\socketserver.py", line 362, in finish_request
    self.RequestHandlerClass(request, client_address, self)
    ~~~~~~~~~~~~~~~~~~~~~~~~^^^^^^^^^^^^^^^^^^^^^^^^^^^^^^^
  File "C:\Program Files\Python313\Lib\socketserver.py", line 766, in __init__
    self.handle()
    ~~~~~~~~~~~^^
  File "C:\Program Files\Python313\Lib\http\server.py", line 436, in handle
    self.handle_one_request()
    ~~~~~~~~~~~~~~~~~~~~~~~^^
  File "C:\Program Files\Python313\Lib\http\server.py", line 424, in handle_one_request
    method()
    ~~~~~~^^
  File "E:\Code\AideanCompany\fleet\console\console.py", line 1810, in do_GET
    self._json(fleet_health())
    ~~~~~~~~~~^^^^^^^^^^^^^^^^
  File "E:\Code\AideanCompany\fleet\console\console.py", line 1652, in _json
    self.wfile.write(b)
    ~~~~~~~~~~~~~~~~^^^
  File "C:\Program Files\Python313\Lib\socketserver.py", line 845, in write
    self._sock.sendall(b)
    ~~~~~~~~~~~~~~~~~~^^^
ConnectionAbortedError: [WinError 10053] ÄãµÄÖ÷»úÖÐµÄÈí¼þÖÐÖ¹ÁËÒ»¸öÒÑ½¨Á¢µÄÁ¬½Ó¡£
----------------------------------------
----------------------------------------
Exception occurred during processing of request from ('127.0.0.1', 63796)
Traceback (most recent call last):
  File "C:\Program Files\Python313\Lib\socketserver.py", line 697, in process_request_thread
    self.finish_request(request, client_address)
    ~~~~~~~~~~~~~~~~~~~^^^^^^^^^^^^^^^^^^^^^^^^^
  File "C:\Program Files\Python313\Lib\socketserver.py", line 362, in finish_request
    self.RequestHandlerClass(request, client_address, self)
    ~~~~~~~~~~~~~~~~~~~~~~~~^^^^^^^^^^^^^^^^^^^^^^^^^^^^^^^
  File "C:\Program Files\Python313\Lib\socketserver.py", line 766, in __init__
    self.handle()
    ~~~~~~~~~~~^^
  File "C:\Program Files\Python313\Lib\http\server.py", line 436, in handle
    self.handle_one_request()
    ~~~~~~~~~~~~~~~~~~~~~~~^^
  File "C:\Program Files\Python313\Lib\http\server.py", line 424, in handle_one_request
    method()
    ~~~~~~^^
  File "E:\Code\AideanCompany\fleet\console\console.py", line 1810, in do_GET
    self._json(fleet_health())
    ~~~~~~~~~~^^^^^^^^^^^^^^^^
  File "E:\Code\AideanCompany\fleet\console\console.py", line 1652, in _json
    self.wfile.write(b)
    ~~~~~~~~~~~~~~~~^^^
  File "C:\Program Files\Python313\Lib\socketserver.py", line 845, in write
    self._sock.sendall(b)
    ~~~~~~~~~~~~~~~~~~^^^
ConnectionAbortedError: [WinError 10053] ÄãµÄÖ÷»úÖÐµÄÈí¼þÖÐÖ¹ÁËÒ»¸öÒÑ½¨Á¢µÄÁ¬½Ó¡£
----------------------------------------
----------------------------------------
Exception occurred during processing of request from ('127.0.0.1', 63825)
Traceback (most recent call last):
  File "C:\Program Files\Python313\Lib\socketserver.py", line 697, in process_request_thread
    self.finish_request(request, client_address)
    ~~~~~~~~~~~~~~~~~~~^^^^^^^^^^^^^^^^^^^^^^^^^
  File "C:\Program Files\Python313\Lib\socketserver.py", line 362, in finish_request
    self.RequestHandlerClass(request, client_address, self)
    ~~~~~~~~~~~~~~~~~~~~~~~~^^^^^^^^^^^^^^^^^^^^^^^^^^^^^^^
  File "C:\Program Files\Python313\Lib\socketserver.py", line 766, in __init__
    self.handle()
    ~~~~~~~~~~~^^
  File "C:\Program Files\Python313\Lib\http\server.py", line 436, in handle
    self.handle_one_request()
    ~~~~~~~~~~~~~~~~~~~~~~~^^
  File "C:\Program Files\Python313\Lib\http\server.py", line 424, in handle_one_request
    method()
    ~~~~~~^^
  File "E:\Code\AideanCompany\fleet\console\console.py", line 1810, in do_GET
    self._json(fleet_health())
    ~~~~~~~~~~^^^^^^^^^^^^^^^^
  File "E:\Code\AideanCompany\fleet\console\console.py", line 1652, in _json
    self.wfile.write(b)
    ~~~~~~~~~~~~~~~~^^^
  File "C:\Program Files\Python313\Lib\socketserver.py", line 845, in write
    self._sock.sendall(b)
    ~~~~~~~~~~~~~~~~~~^^^
ConnectionAbortedError: [WinError 10053] ÄãµÄÖ÷»úÖÐµÄÈí¼þÖÐÖ¹ÁËÒ»¸öÒÑ½¨Á¢µÄÁ¬½Ó¡£
----------------------------------------
----------------------------------------
Exception occurred during processing of request from ('127.0.0.1', 63866)
Traceback (most recent call last):
  File "C:\Program Files\Python313\Lib\socketserver.py", line 697, in process_request_thread
    self.finish_request(request, client_address)
    ~~~~~~~~~~~~~~~~~~~^^^^^^^^^^^^^^^^^^^^^^^^^
  File "C:\Program Files\Python313\Lib\socketserver.py", line 362, in finish_request
    self.RequestHandlerClass(request, client_address, self)
    ~~~~~~~~~~~~~~~~~~~~~~~~^^^^^^^^^^^^^^^^^^^^^^^^^^^^^^^
  File "C:\Program Files\Python313\Lib\socketserver.py", line 766, in __init__
    self.handle()
    ~~~~~~~~~~~^^
  File "C:\Program Files\Python313\Lib\http\server.py", line 436, in handle
    self.handle_one_request()
    ~~~~~~~~~~~~~~~~~~~~~~~^^
  File "C:\Program Files\Python313\Lib\http\server.py", line 424, in handle_one_request
    method()
    ~~~~~~^^
  File "E:\Code\AideanCompany\fleet\console\console.py", line 1810, in do_GET
    self._json(fleet_health())
    ~~~~~~~~~~^^^^^^^^^^^^^^^^
  File "E:\Code\AideanCompany\fleet\console\console.py", line 1652, in _json
    self.wfile.write(b)
    ~~~~~~~~~~~~~~~~^^^
  File "C:\Program Files\Python313\Lib\socketserver.py", line 845, in write
    self._sock.sendall(b)
    ~~~~~~~~~~~~~~~~~~^^^
ConnectionAbortedError: [WinError 10053] ÄãµÄÖ÷»úÖÐµÄÈí¼þÖÐÖ¹ÁËÒ»¸öÒÑ½¨Á¢µÄÁ¬½Ó¡£
----------------------------------------
----------------------------------------
Exception occurred during processing of request from ('127.0.0.1', 62395)
Traceback (most recent call last):
  File "C:\Program Files\Python313\Lib\socketserver.py", line 697, in process_request_thread
    self.finish_request(request, client_address)
    ~~~~~~~~~~~~~~~~~~~^^^^^^^^^^^^^^^^^^^^^^^^^
  File "C:\Program Files\Python313\Lib\socketserver.py", line 362, in finish_request
    self.RequestHandlerClass(request, client_address, self)
    ~~~~~~~~~~~~~~~~~~~~~~~~^^^^^^^^^^^^^^^^^^^^^^^^^^^^^^^
  File "C:\Program Files\Python313\Lib\socketserver.py", line 766, in __init__
    self.handle()
    ~~~~~~~~~~~^^
  File "C:\Program Files\Python313\Lib\http\server.py", line 436, in handle
    self.handle_one_request()
    ~~~~~~~~~~~~~~~~~~~~~~~^^
  File "C:\Program Files\Python313\Lib\http\server.py", line 424, in handle_one_request
    method()
    ~~~~~~^^
  File "E:\Code\AideanCompany\fleet\console\console.py", line 1810, in do_GET
    self._json(fleet_health())
    ~~~~~~~~~~^^^^^^^^^^^^^^^^
  File "E:\Code\AideanCompany\fleet\console\console.py", line 1652, in _json
    self.wfile.write(b)
    ~~~~~~~~~~~~~~~~^^^
  File "C:\Program Files\Python313\Lib\socketserver.py", line 845, in write
    self._sock.sendall(b)
    ~~~~~~~~~~~~~~~~~~^^^
ConnectionAbortedError: [WinError 10053] ÄãµÄÖ÷»úÖÐµÄÈí¼þÖÐÖ¹ÁËÒ»¸öÒÑ½¨Á¢µÄÁ¬½Ó¡£
----------------------------------------
----------------------------------------
Exception occurred during processing of request from ('127.0.0.1', 54616)
Traceback (most recent call last):
  File "C:\Program Files\Python313\Lib\socketserver.py", line 697, in process_request_thread
    self.finish_request(request, client_address)
    ~~~~~~~~~~~~~~~~~~~^^^^^^^^^^^^^^^^^^^^^^^^^
  File "C:\Program Files\Python313\Lib\socketserver.py", line 362, in finish_request
    self.RequestHandlerClass(request, client_address, self)
    ~~~~~~~~~~~~~~~~~~~~~~~~^^^^^^^^^^^^^^^^^^^^^^^^^^^^^^^
  File "C:\Program Files\Python313\Lib\socketserver.py", line 766, in __init__
    self.handle()
    ~~~~~~~~~~~^^
  File "C:\Program Files\Python313\Lib\http\server.py", line 436, in handle
    self.handle_one_request()
    ~~~~~~~~~~~~~~~~~~~~~~~^^
  File "C:\Program Files\Python313\Lib\http\server.py", line 424, in handle_one_request
    method()
    ~~~~~~^^
  File "E:\Code\AideanCompany\fleet\console\console.py", line 1810, in do_GET
    self._json(fleet_health())
    ~~~~~~~~~~^^^^^^^^^^^^^^^^
  File "E:\Code\AideanCompany\fleet\console\console.py", line 1652, in _json
    self.wfile.write(b)
    ~~~~~~~~~~~~~~~~^^^
  File "C:\Program Files\Python313\Lib\socketserver.py", line 845, in write
    self._sock.sendall(b)
    ~~~~~~~~~~~~~~~~~~^^^
ConnectionAbortedError: [WinError 10053] ÄãµÄÖ÷»úÖÐµÄÈí¼þÖÐÖ¹ÁËÒ»¸öÒÑ½¨Á¢µÄÁ¬½Ó¡£
----------------------------------------
----------------------------------------
Exception occurred during processing of request from ('127.0.0.1', 61677)
Traceback (most recent call last):
  File "C:\Program Files\Python313\Lib\socketserver.py", line 697, in process_request_thread
    self.finish_request(request, client_address)
    ~~~~~~~~~~~~~~~~~~~^^^^^^^^^^^^^^^^^^^^^^^^^
  File "C:\Program Files\Python313\Lib\socketserver.py", line 362, in finish_request
    self.RequestHandlerClass(request, client_address, self)
    ~~~~~~~~~~~~~~~~~~~~~~~~^^^^^^^^^^^^^^^^^^^^^^^^^^^^^^^
  File "C:\Program Files\Python313\Lib\socketserver.py", line 766, in __init__
    self.handle()
    ~~~~~~~~~~~^^
  File "C:\Program Files\Python313\Lib\http\server.py", line 436, in handle
    self.handle_one_request()
    ~~~~~~~~~~~~~~~~~~~~~~~^^
  File "C:\Program Files\Python313\Lib\http\server.py", line 424, in handle_one_request
    method()
    ~~~~~~^^
  File "E:\Code\AideanCompany\fleet\console\console.py", line 1810, in do_GET
    self._json(fleet_health())
    ~~~~~~~~~~^^^^^^^^^^^^^^^^
  File "E:\Code\AideanCompany\fleet\console\console.py", line 1652, in _json
    self.wfile.write(b)
    ~~~~~~~~~~~~~~~~^^^
  File "C:\Program Files\Python313\Lib\socketserver.py", line 845, in write
    self._sock.sendall(b)
    ~~~~~~~~~~~~~~~~~~^^^
ConnectionAbortedError: [WinError 10053] ÄãµÄÖ÷»úÖÐµÄÈí¼þÖÐÖ¹ÁËÒ»¸öÒÑ½¨Á¢µÄÁ¬½Ó¡£
----------------------------------------
----------------------------------------
Exception occurred during processing of request from ('127.0.0.1', 56515)
Traceback (most recent call last):
  File "C:\Program Files\Python313\Lib\socketserver.py", line 697, in process_request_thread
    self.finish_request(request, client_address)
    ~~~~~~~~~~~~~~~~~~~^^^^^^^^^^^^^^^^^^^^^^^^^
  File "C:\Program Files\Python313\Lib\socketserver.py", line 362, in finish_request
    self.RequestHandlerClass(request, client_address, self)
    ~~~~~~~~~~~~~~~~~~~~~~~~^^^^^^^^^^^^^^^^^^^^^^^^^^^^^^^
  File "C:\Program Files\Python313\Lib\socketserver.py", line 766, in __init__
    self.handle()
    ~~~~~~~~~~~^^
  File "C:\Program Files\Python313\Lib\http\server.py", line 436, in handle
    self.handle_one_request()
    ~~~~~~~~~~~~~~~~~~~~~~~^^
  File "C:\Program Files\Python313\Lib\http\server.py", line 424, in handle_one_request
    method()
    ~~~~~~^^
  File "E:\Code\AideanCompany\fleet\console\console.py", line 1810, in do_GET
    self._json(fleet_health())
    ~~~~~~~~~~^^^^^^^^^^^^^^^^
  File "E:\Code\AideanCompany\fleet\console\console.py", line 1652, in _json
    self.wfile.write(b)
    ~~~~~~~~~~~~~~~~^^^
  File "C:\Program Files\Python313\Lib\socketserver.py", line 845, in write
    self._sock.sendall(b)
    ~~~~~~~~~~~~~~~~~~^^^
ConnectionAbortedError: [WinError 10053] ÄãµÄÖ÷»úÖÐµÄÈí¼þÖÐÖ¹ÁËÒ»¸öÒÑ½¨Á¢µÄÁ¬½Ó¡£
----------------------------------------
----------------------------------------
Exception occurred during processing of request from ('127.0.0.1', 58014)
Traceback (most recent call last):
  File "C:\Program Files\Python313\Lib\socketserver.py", line 697, in process_request_thread
    self.finish_request(request, client_address)
    ~~~~~~~~~~~~~~~~~~~^^^^^^^^^^^^^^^^^^^^^^^^^
  File "C:\Program Files\Python313\Lib\socketserver.py", line 362, in finish_request
    self.RequestHandlerClass(request, client_address, self)
    ~~~~~~~~~~~~~~~~~~~~~~~~^^^^^^^^^^^^^^^^^^^^^^^^^^^^^^^
  File "C:\Program Files\Python313\Lib\socketserver.py", line 766, in __init__
    self.handle()
    ~~~~~~~~~~~^^
  File "C:\Program Files\Python313\Lib\http\server.py", line 436, in handle
    self.handle_one_request()
    ~~~~~~~~~~~~~~~~~~~~~~~^^
  File "C:\Program Files\Python313\Lib\http\server.py", line 424, in handle_one_request
    method()
    ~~~~~~^^
  File "E:\Code\AideanCompany\fleet\console\console.py", line 1810, in do_GET
    self._json(fleet_health())
    ~~~~~~~~~~^^^^^^^^^^^^^^^^
  File "E:\Code\AideanCompany\fleet\console\console.py", line 1652, in _json
    self.wfile.write(b)
    ~~~~~~~~~~~~~~~~^^^
  File "C:\Program Files\Python313\Lib\socketserver.py", line 845, in write
    self._sock.sendall(b)
    ~~~~~~~~~~~~~~~~~~^^^
ConnectionAbortedError: [WinError 10053] ÄãµÄÖ÷»úÖÐµÄÈí¼þÖÐÖ¹ÁËÒ»¸öÒÑ½¨Á¢µÄÁ¬½Ó¡£
----------------------------------------
----------------------------------------
Exception occurred during processing of request from ('127.0.0.1', 51935)
Traceback (most recent call last):
  File "C:\Program Files\Python313\Lib\socketserver.py", line 697, in process_request_thread
    self.finish_request(request, client_address)
    ~~~~~~~~~~~~~~~~~~~^^^^^^^^^^^^^^^^^^^^^^^^^
  File "C:\Program Files\Python313\Lib\socketserver.py", line 362, in finish_request
    self.RequestHandlerClass(request, client_address, self)
    ~~~~~~~~~~~~~~~~~~~~~~~~^^^^^^^^^^^^^^^^^^^^^^^^^^^^^^^
  File "C:\Program Files\Python313\Lib\socketserver.py", line 766, in __init__
    self.handle()
    ~~~~~~~~~~~^^
  File "C:\Program Files\Python313\Lib\http\server.py", line 436, in handle
    self.handle_one_request()
    ~~~~~~~~~~~~~~~~~~~~~~~^^
  File "C:\Program Files\Python313\Lib\http\server.py", line 424, in handle_one_request
    method()
    ~~~~~~^^
  File "E:\Code\AideanCompany\fleet\console\console.py", line 1810, in do_GET
    self._json(fleet_health())
    ~~~~~~~~~~^^^^^^^^^^^^^^^^
  File "E:\Code\AideanCompany\fleet\console\console.py", line 1652, in _json
    self.wfile.write(b)
    ~~~~~~~~~~~~~~~~^^^
  File "C:\Program Files\Python313\Lib\socketserver.py", line 845, in write
    self._sock.sendall(b)
    ~~~~~~~~~~~~~~~~~~^^^
ConnectionAbortedError: [WinError 10053] ÄãµÄÖ÷»úÖÐµÄÈí¼þÖÐÖ¹ÁËÒ»¸öÒÑ½¨Á¢µÄÁ¬½Ó¡£
----------------------------------------
----------------------------------------
Exception occurred during processing of request from ('127.0.0.1', 53689)
Traceback (most recent call last):
  File "C:\Program Files\Python313\Lib\socketserver.py", line 697, in process_request_thread
    self.finish_request(request, client_address)
    ~~~~~~~~~~~~~~~~~~~^^^^^^^^^^^^^^^^^^^^^^^^^
  File "C:\Program Files\Python313\Lib\socketserver.py", line 362, in finish_request
    self.RequestHandlerClass(request, client_address, self)
    ~~~~~~~~~~~~~~~~~~~~~~~~^^^^^^^^^^^^^^^^^^^^^^^^^^^^^^^
  File "C:\Program Files\Python313\Lib\socketserver.py", line 766, in __init__
    self.handle()
    ~~~~~~~~~~~^^
  File "C:\Program Files\Python313\Lib\http\server.py", line 436, in handle
    self.handle_one_request()
    ~~~~~~~~~~~~~~~~~~~~~~~^^
  File "C:\Program Files\Python313\Lib\http\server.py", line 424, in handle_one_request
    method()
    ~~~~~~^^
  File "E:\Code\AideanCompany\fleet\console\console.py", line 1810, in do_GET
    self._json(fleet_health())
    ~~~~~~~~~~^^^^^^^^^^^^^^^^
  File "E:\Code\AideanCompany\fleet\console\console.py", line 1652, in _json
    self.wfile.write(b)
    ~~~~~~~~~~~~~~~~^^^
  File "C:\Program Files\Python313\Lib\socketserver.py", line 845, in write
    self._sock.sendall(b)
    ~~~~~~~~~~~~~~~~~~^^^
ConnectionAbortedError: [WinError 10053] ÄãµÄÖ÷»úÖÐµÄÈí¼þÖÐÖ¹ÁËÒ»¸öÒÑ½¨Á¢µÄÁ¬½Ó¡£
----------------------------------------
----------------------------------------
Exception occurred during processing of request from ('127.0.0.1', 59084)
Traceback (most recent call last):
  File "C:\Program Files\Python313\Lib\socketserver.py", line 697, in process_request_thread
    self.finish_request(request, client_address)
    ~~~~~~~~~~~~~~~~~~~^^^^^^^^^^^^^^^^^^^^^^^^^
  File "C:\Program Files\Python313\Lib\socketserver.py", line 362, in finish_request
    self.RequestHandlerClass(request, client_address, self)
    ~~~~~~~~~~~~~~~~~~~~~~~~^^^^^^^^^^^^^^^^^^^^^^^^^^^^^^^
  File "C:\Program Files\Python313\Lib\socketserver.py", line 766, in __init__
    self.handle()
    ~~~~~~~~~~~^^
  File "C:\Program Files\Python313\Lib\http\server.py", line 436, in handle
    self.handle_one_request()
    ~~~~~~~~~~~~~~~~~~~~~~~^^
  File "C:\Program Files\Python313\Lib\http\server.py", line 424, in handle_one_request
    method()
    ~~~~~~^^
  File "E:\Code\AideanCompany\fleet\console\console.py", line 1810, in do_GET
    self._json(fleet_health())
    ~~~~~~~~~~^^^^^^^^^^^^^^^^
  File "E:\Code\AideanCompany\fleet\console\console.py", line 1652, in _json
    self.wfile.write(b)
    ~~~~~~~~~~~~~~~~^^^
  File "C:\Program Files\Python313\Lib\socketserver.py", line 845, in write
    self._sock.sendall(b)
    ~~~~~~~~~~~~~~~~~~^^^
ConnectionAbortedError: [WinError 10053] ÄãµÄÖ÷»úÖÐµÄÈí¼þÖÐÖ¹ÁËÒ»¸öÒÑ½¨Á¢µÄÁ¬½Ó¡£
----------------------------------------
----------------------------------------
Exception occurred during processing of request from ('127.0.0.1', 55514)
Traceback (most recent call last):
  File "C:\Program Files\Python313\Lib\socketserver.py", line 697, in process_request_thread
    self.finish_request(request, client_address)
    ~~~~~~~~~~~~~~~~~~~^^^^^^^^^^^^^^^^^^^^^^^^^
  File "C:\Program Files\Python313\Lib\socketserver.py", line 362, in finish_request
    self.RequestHandlerClass(request, client_address, self)
    ~~~~~~~~~~~~~~~~~~~~~~~~^^^^^^^^^^^^^^^^^^^^^^^^^^^^^^^
  File "C:\Program Files\Python313\Lib\socketserver.py", line 766, in __init__
    self.handle()
    ~~~~~~~~~~~^^
  File "C:\Program Files\Python313\Lib\http\server.py", line 436, in handle
    self.handle_one_request()
    ~~~~~~~~~~~~~~~~~~~~~~~^^
  File "C:\Program Files\Python313\Lib\http\server.py", line 424, in handle_one_request
    method()
    ~~~~~~^^
  File "E:\Code\AideanCompany\fleet\console\console.py", line 1810, in do_GET
    self._json(fleet_health())
    ~~~~~~~~~~^^^^^^^^^^^^^^^^
  File "E:\Code\AideanCompany\fleet\console\console.py", line 1652, in _json
    self.wfile.write(b)
    ~~~~~~~~~~~~~~~~^^^
  File "C:\Program Files\Python313\Lib\socketserver.py", line 845, in write
    self._sock.sendall(b)
    ~~~~~~~~~~~~~~~~~~^^^
ConnectionAbortedError: [WinError 10053] ä½ çš„ä¸»æœºä¸­çš„è½¯ä»¶ä¸­æ­¢äº†ä¸€ä¸ªå·²å»ºç«‹çš„è¿žæŽ¥ã€‚
----------------------------------------
----------------------------------------
Exception occurred during processing of request from ('127.0.0.1', 58631)
Traceback (most recent call last):
  File "C:\Program Files\Python313\Lib\socketserver.py", line 697, in process_request_thread
    self.finish_request(request, client_address)
    ~~~~~~~~~~~~~~~~~~~^^^^^^^^^^^^^^^^^^^^^^^^^
  File "C:\Program Files\Python313\Lib\socketserver.py", line 362, in finish_request
    self.RequestHandlerClass(request, client_address, self)
    ~~~~~~~~~~~~~~~~~~~~~~~~^^^^^^^^^^^^^^^^^^^^^^^^^^^^^^^
  File "C:\Program Files\Python313\Lib\socketserver.py", line 766, in __init__
    self.handle()
    ~~~~~~~~~~~^^
  File "C:\Program Files\Python313\Lib\http\server.py", line 436, in handle
    self.handle_one_request()
    ~~~~~~~~~~~~~~~~~~~~~~~^^
  File "C:\Program Files\Python313\Lib\http\server.py", line 424, in handle_one_request
    method()
    ~~~~~~^^
  File "E:\Code\AideanCompany\fleet\console\console.py", line 1810, in do_GET
    self._json(fleet_health())
    ~~~~~~~~~~^^^^^^^^^^^^^^^^
  File "E:\Code\AideanCompany\fleet\console\console.py", line 1652, in _json
    self.wfile.write(b)
    ~~~~~~~~~~~~~~~~^^^
  File "C:\Program Files\Python313\Lib\socketserver.py", line 845, in write
    self._sock.sendall(b)
    ~~~~~~~~~~~~~~~~~~^^^
ConnectionAbortedError: [WinError 10053] ä½ çš„ä¸»æœºä¸­çš„è½¯ä»¶ä¸­æ­¢äº†ä¸€ä¸ªå·²å»ºç«‹çš„è¿žæŽ¥ã€‚
----------------------------------------
----------------------------------------
Exception occurred during processing of request from ('127.0.0.1', 49771)
Traceback (most recent call last):
  File "C:\Program Files\Python313\Lib\socketserver.py", line 697, in process_request_thread
    self.finish_request(request, client_address)
    ~~~~~~~~~~~~~~~~~~~^^^^^^^^^^^^^^^^^^^^^^^^^
  File "C:\Program Files\Python313\Lib\socketserver.py", line 362, in finish_request
    self.RequestHandlerClass(request, client_address, self)
    ~~~~~~~~~~~~~~~~~~~~~~~~^^^^^^^^^^^^^^^^^^^^^^^^^^^^^^^
  File "C:\Program Files\Python313\Lib\socketserver.py", line 766, in __init__
    self.handle()
    ~~~~~~~~~~~^^
  File "C:\Program Files\Python313\Lib\http\server.py", line 436, in handle
    self.handle_one_request()
    ~~~~~~~~~~~~~~~~~~~~~~~^^
  File "C:\Program Files\Python313\Lib\http\server.py", line 424, in handle_one_request
    method()
    ~~~~~~^^
  File "E:\Code\AideanCompany\fleet\console\console.py", line 1810, in do_GET
    self._json(fleet_health())
    ~~~~~~~~~~^^^^^^^^^^^^^^^^
  File "E:\Code\AideanCompany\fleet\console\console.py", line 1652, in _json
    self.wfile.write(b)
    ~~~~~~~~~~~~~~~~^^^
  File "C:\Program Files\Python313\Lib\socketserver.py", line 845, in write
    self._sock.sendall(b)
    ~~~~~~~~~~~~~~~~~~^^^
ConnectionAbortedError: [WinError 10053] ä½ çš„ä¸»æœºä¸­çš„è½¯ä»¶ä¸­æ­¢äº†ä¸€ä¸ªå·²å»ºç«‹çš„è¿žæŽ¥ã€‚
----------------------------------------
----------------------------------------
Exception occurred during processing of request from ('127.0.0.1', 60861)
Traceback (most recent call last):
  File "C:\Program Files\Python313\Lib\socketserver.py", line 697, in process_request_thread
    self.finish_request(request, client_address)
    ~~~~~~~~~~~~~~~~~~~^^^^^^^^^^^^^^^^^^^^^^^^^
  File "C:\Program Files\Python313\Lib\socketserver.py", line 362, in finish_request
    self.RequestHandlerClass(request, client_address, self)
    ~~~~~~~~~~~~~~~~~~~~~~~~^^^^^^^^^^^^^^^^^^^^^^^^^^^^^^^
  File "C:\Program Files\Python313\Lib\socketserver.py", line 766, in __init__
    self.handle()
    ~~~~~~~~~~~^^
  File "C:\Program Files\Python313\Lib\http\server.py", line 436, in handle
    self.handle_one_request()
    ~~~~~~~~~~~~~~~~~~~~~~~^^
  File "C:\Program Files\Python313\Lib\http\server.py", line 424, in handle_one_request
    method()
    ~~~~~~^^
  File "E:\Code\AideanCompany\fleet\console\console.py", line 1810, in do_GET
    self._json(fleet_health())
    ~~~~~~~~~~^^^^^^^^^^^^^^^^
  File "E:\Code\AideanCompany\fleet\console\console.py", line 1652, in _json
    self.wfile.write(b)
    ~~~~~~~~~~~~~~~~^^^
  File "C:\Program Files\Python313\Lib\socketserver.py", line 845, in write
    self._sock.sendall(b)
    ~~~~~~~~~~~~~~~~~~^^^
ConnectionAbortedError: [WinError 10053] ä½ çš„ä¸»æœºä¸­çš„è½¯ä»¶ä¸­æ­¢äº†ä¸€ä¸ªå·²å»ºç«‹çš„è¿žæŽ¥ã€‚
----------------------------------------
----------------------------------------
Exception occurred during processing of request from ('127.0.0.1', 60891)
Traceback (most recent call last):
  File "C:\Program Files\Python313\Lib\socketserver.py", line 697, in process_request_thread
    self.finish_request(request, client_address)
    ~~~~~~~~~~~~~~~~~~~^^^^^^^^^^^^^^^^^^^^^^^^^
  File "C:\Program Files\Python313\Lib\socketserver.py", line 362, in finish_request
    self.RequestHandlerClass(request, client_address, self)
    ~~~~~~~~~~~~~~~~~~~~~~~~^^^^^^^^^^^^^^^^^^^^^^^^^^^^^^^
  File "C:\Program Files\Python313\Lib\socketserver.py", line 766, in __init__
    self.handle()
    ~~~~~~~~~~~^^
  File "C:\Program Files\Python313\Lib\http\server.py", line 436, in handle
    self.handle_one_request()
    ~~~~~~~~~~~~~~~~~~~~~~~^^
  File "C:\Program Files\Python313\Lib\http\server.py", line 424, in handle_one_request
    method()
    ~~~~~~^^
  File "E:\Code\AideanCompany\fleet\console\console.py", line 1810, in do_GET
    self._json(fleet_health())
    ~~~~~~~~~~^^^^^^^^^^^^^^^^
  File "E:\Code\AideanCompany\fleet\console\console.py", line 1652, in _json
    self.wfile.write(b)
    ~~~~~~~~~~~~~~~~^^^
  File "C:\Program Files\Python313\Lib\socketserver.py", line 845, in write
    self._sock.sendall(b)
    ~~~~~~~~~~~~~~~~~~^^^
ConnectionAbortedError: [WinError 10053] ä½ çš„ä¸»æœºä¸­çš„è½¯ä»¶ä¸­æ­¢äº†ä¸€ä¸ªå·²å»ºç«‹çš„è¿žæŽ¥ã€‚
----------------------------------------
----------------------------------------
Exception occurred during processing of request from ('127.0.0.1', 61405)
Traceback (most recent call last):
  File "C:\Program Files\Python313\Lib\socketserver.py", line 697, in process_request_thread
    self.finish_request(request, client_address)
    ~~~~~~~~~~~~~~~~~~~^^^^^^^^^^^^^^^^^^^^^^^^^
  File "C:\Program Files\Python313\Lib\socketserver.py", line 362, in finish_request
    self.RequestHandlerClass(request, client_address, self)
    ~~~~~~~~~~~~~~~~~~~~~~~~^^^^^^^^^^^^^^^^^^^^^^^^^^^^^^^
  File "C:\Program Files\Python313\Lib\socketserver.py", line 766, in __init__
    self.handle()
    ~~~~~~~~~~~^^
  File "C:\Program Files\Python313\Lib\http\server.py", line 436, in handle
    self.handle_one_request()
    ~~~~~~~~~~~~~~~~~~~~~~~^^
  File "C:\Program Files\Python313\Lib\http\server.py", line 424, in handle_one_request
    method()
    ~~~~~~^^
  File "E:\Code\AideanCompany\fleet\console\console.py", line 1810, in do_GET
    self._json(fleet_health())
    ~~~~~~~~~~^^^^^^^^^^^^^^^^
  File "E:\Code\AideanCompany\fleet\console\console.py", line 1652, in _json
    self.wfile.write(b)
    ~~~~~~~~~~~~~~~~^^^
  File "C:\Program Files\Python313\Lib\socketserver.py", line 845, in write
    self._sock.sendall(b)
    ~~~~~~~~~~~~~~~~~~^^^
ConnectionAbortedError: [WinError 10053] ä½ çš„ä¸»æœºä¸­çš„è½¯ä»¶ä¸­æ­¢äº†ä¸€ä¸ªå·²å»ºç«‹çš„è¿žæŽ¥ã€‚
----------------------------------------
----------------------------------------
Exception occurred during processing of request from ('127.0.0.1', 61496)
Traceback (most recent call last):
  File "C:\Program Files\Python313\Lib\socketserver.py", line 697, in process_request_thread
    self.finish_request(request, client_address)
    ~~~~~~~~~~~~~~~~~~~^^^^^^^^^^^^^^^^^^^^^^^^^
  File "C:\Program Files\Python313\Lib\socketserver.py", line 362, in finish_request
    self.RequestHandlerClass(request, client_address, self)
    ~~~~~~~~~~~~~~~~~~~~~~~~^^^^^^^^^^^^^^^^^^^^^^^^^^^^^^^
  File "C:\Program Files\Python313\Lib\socketserver.py", line 766, in __init__
    self.handle()
    ~~~~~~~~~~~^^
  File "C:\Program Files\Python313\Lib\http\server.py", line 436, in handle
    self.handle_one_request()
    ~~~~~~~~~~~~~~~~~~~~~~~^^
  File "C:\Program Files\Python313\Lib\http\server.py", line 424, in handle_one_request
    method()
    ~~~~~~^^
  File "E:\Code\AideanCompany\fleet\console\console.py", line 1810, in do_GET
    self._json(fleet_health())
    ~~~~~~~~~~^^^^^^^^^^^^^^^^
  File "E:\Code\AideanCompany\fleet\console\console.py", line 1652, in _json
    self.wfile.write(b)
    ~~~~~~~~~~~~~~~~^^^
  File "C:\Program Files\Python313\Lib\socketserver.py", line 845, in write
    self._sock.sendall(b)
    ~~~~~~~~~~~~~~~~~~^^^
ConnectionAbortedError: [WinError 10053] ä½ çš„ä¸»æœºä¸­çš„è½¯ä»¶ä¸­æ­¢äº†ä¸€ä¸ªå·²å»ºç«‹çš„è¿žæŽ¥ã€‚
----------------------------------------
----------------------------------------
Exception occurred during processing of request from ('127.0.0.1', 61520)
Traceback (most recent call last):
  File "C:\Program Files\Python313\Lib\socketserver.py", line 697, in process_request_thread
    self.finish_request(request, client_address)
    ~~~~~~~~~~~~~~~~~~~^^^^^^^^^^^^^^^^^^^^^^^^^
  File "C:\Program Files\Python313\Lib\socketserver.py", line 362, in finish_request
    self.RequestHandlerClass(request, client_address, self)
    ~~~~~~~~~~~~~~~~~~~~~~~~^^^^^^^^^^^^^^^^^^^^^^^^^^^^^^^
  File "C:\Program Files\Python313\Lib\socketserver.py", line 766, in __init__
    self.handle()
    ~~~~~~~~~~~^^
  File "C:\Program Files\Python313\Lib\http\server.py", line 436, in handle
    self.handle_one_request()
    ~~~~~~~~~~~~~~~~~~~~~~~^^
  File "C:\Program Files\Python313\Lib\http\server.py", line 424, in handle_one_request
    method()
    ~~~~~~^^
  File "E:\Code\AideanCompany\fleet\console\console.py", line 1810, in do_GET
    self._json(fleet_health())
    ~~~~~~~~~~^^^^^^^^^^^^^^^^
  File "E:\Code\AideanCompany\fleet\console\console.py", line 1652, in _json
    self.wfile.write(b)
    ~~~~~~~~~~~~~~~~^^^
  File "C:\Program Files\Python313\Lib\socketserver.py", line 845, in write
    self._sock.sendall(b)
    ~~~~~~~~~~~~~~~~~~^^^
ConnectionAbortedError: [WinError 10053] ä½ çš„ä¸»æœºä¸­çš„è½¯ä»¶ä¸­æ­¢äº†ä¸€ä¸ªå·²å»ºç«‹çš„è¿žæŽ¥ã€‚
----------------------------------------
----------------------------------------
Exception occurred during processing of request from ('127.0.0.1', 60469)
Traceback (most recent call last):
  File "C:\Program Files\Python313\Lib\socketserver.py", line 697, in process_request_thread
    self.finish_request(request, client_address)
    ~~~~~~~~~~~~~~~~~~~^^^^^^^^^^^^^^^^^^^^^^^^^
  File "C:\Program Files\Python313\Lib\socketserver.py", line 362, in finish_request
    self.RequestHandlerClass(request, client_address, self)
    ~~~~~~~~~~~~~~~~~~~~~~~~^^^^^^^^^^^^^^^^^^^^^^^^^^^^^^^
  File "C:\Program Files\Python313\Lib\socketserver.py", line 766, in __init__
    self.handle()
    ~~~~~~~~~~~^^
  File "C:\Program Files\Python313\Lib\http\server.py", line 436, in handle
    self.handle_one_request()
    ~~~~~~~~~~~~~~~~~~~~~~~^^
  File "C:\Program Files\Python313\Lib\http\server.py", line 424, in handle_one_request
    method()
    ~~~~~~^^
  File "E:\Code\AideanCompany\fleet\console\console.py", line 1810, in do_GET
    self._json(fleet_health())
    ~~~~~~~~~~^^^^^^^^^^^^^^^^
  File "E:\Code\AideanCompany\fleet\console\console.py", line 1652, in _json
    self.wfile.write(b)
    ~~~~~~~~~~~~~~~~^^^
  File "C:\Program Files\Python313\Lib\socketserver.py", line 845, in write
    self._sock.sendall(b)
    ~~~~~~~~~~~~~~~~~~^^^
ConnectionAbortedError: [WinError 10053] ä½ çš„ä¸»æœºä¸­çš„è½¯ä»¶ä¸­æ­¢äº†ä¸€ä¸ªå·²å»ºç«‹çš„è¿žæŽ¥ã€‚
----------------------------------------
----------------------------------------
Exception occurred during processing of request from ('127.0.0.1', 63543)
Traceback (most recent call last):
  File "C:\Program Files\Python313\Lib\socketserver.py", line 697, in process_request_thread
    self.finish_request(request, client_address)
    ~~~~~~~~~~~~~~~~~~~^^^^^^^^^^^^^^^^^^^^^^^^^
  File "C:\Program Files\Python313\Lib\socketserver.py", line 362, in finish_request
    self.RequestHandlerClass(request, client_address, self)
    ~~~~~~~~~~~~~~~~~~~~~~~~^^^^^^^^^^^^^^^^^^^^^^^^^^^^^^^
  File "C:\Program Files\Python313\Lib\socketserver.py", line 766, in __init__
    self.handle()
    ~~~~~~~~~~~^^
  File "C:\Program Files\Python313\Lib\http\server.py", line 436, in handle
    self.handle_one_request()
    ~~~~~~~~~~~~~~~~~~~~~~~^^
  File "C:\Program Files\Python313\Lib\http\server.py", line 424, in handle_one_request
    method()
    ~~~~~~^^
  File "E:\Code\AideanCompany\fleet\console\console.py", line 1810, in do_GET
    self._json(fleet_health())
    ~~~~~~~~~~^^^^^^^^^^^^^^^^
  File "E:\Code\AideanCompany\fleet\console\console.py", line 1652, in _json
    self.wfile.write(b)
    ~~~~~~~~~~~~~~~~^^^
  File "C:\Program Files\Python313\Lib\socketserver.py", line 845, in write
    self._sock.sendall(b)
    ~~~~~~~~~~~~~~~~~~^^^
ConnectionAbortedError: [WinError 10053] ä½ çš„ä¸»æœºä¸­çš„è½¯ä»¶ä¸­æ­¢äº†ä¸€ä¸ªå·²å»ºç«‹çš„è¿žæŽ¥ã€‚
----------------------------------------
----------------------------------------
Exception occurred during processing of request from ('127.0.0.1', 63570)
Traceback (most recent call last):
  File "C:\Program Files\Python313\Lib\socketserver.py", line 697, in process_request_thread
    self.finish_request(request, client_address)
    ~~~~~~~~~~~~~~~~~~~^^^^^^^^^^^^^^^^^^^^^^^^^
  File "C:\Program Files\Python313\Lib\socketserver.py", line 362, in finish_request
    self.RequestHandlerClass(request, client_address, self)
    ~~~~~~~~~~~~~~~~~~~~~~~~^^^^^^^^^^^^^^^^^^^^^^^^^^^^^^^
  File "C:\Program Files\Python313\Lib\socketserver.py", line 766, in __init__
    self.handle()
    ~~~~~~~~~~~^^
  File "C:\Program Files\Python313\Lib\http\server.py", line 436, in handle
    self.handle_one_request()
    ~~~~~~~~~~~~~~~~~~~~~~~^^
  File "C:\Program Files\Python313\Lib\http\server.py", line 424, in handle_one_request
    method()
    ~~~~~~^^
  File "E:\Code\AideanCompany\fleet\console\console.py", line 1810, in do_GET
    self._json(fleet_health())
    ~~~~~~~~~~^^^^^^^^^^^^^^^^
  File "E:\Code\AideanCompany\fleet\console\console.py", line 1652, in _json
    self.wfile.write(b)
    ~~~~~~~~~~~~~~~~^^^
  File "C:\Program Files\Python313\Lib\socketserver.py", line 845, in write
    self._sock.sendall(b)
    ~~~~~~~~~~~~~~~~~~^^^
ConnectionAbortedError: [WinError 10053] ä½ çš„ä¸»æœºä¸­çš„è½¯ä»¶ä¸­æ­¢äº†ä¸€ä¸ªå·²å»ºç«‹çš„è¿žæŽ¥ã€‚
----------------------------------------
----------------------------------------
Exception occurred during processing of request from ('127.0.0.1', 63623)
Traceback (most recent call last):
  File "C:\Program Files\Python313\Lib\socketserver.py", line 697, in process_request_thread
    self.finish_request(request, client_address)
    ~~~~~~~~~~~~~~~~~~~^^^^^^^^^^^^^^^^^^^^^^^^^
  File "C:\Program Files\Python313\Lib\socketserver.py", line 362, in finish_request
    self.RequestHandlerClass(request, client_address, self)
    ~~~~~~~~~~~~~~~~~~~~~~~~^^^^^^^^^^^^^^^^^^^^^^^^^^^^^^^
  File "C:\Program Files\Python313\Lib\socketserver.py", line 766, in __init__
    self.handle()
    ~~~~~~~~~~~^^
  File "C:\Program Files\Python313\Lib\http\server.py", line 436, in handle
    self.handle_one_request()
    ~~~~~~~~~~~~~~~~~~~~~~~^^
  File "C:\Program Files\Python313\Lib\http\server.py", line 424, in handle_one_request
    method()
    ~~~~~~^^
  File "E:\Code\AideanCompany\fleet\console\console.py", line 1810, in do_GET
    self._json(fleet_health())
    ~~~~~~~~~~^^^^^^^^^^^^^^^^
  File "E:\Code\AideanCompany\fleet\console\console.py", line 1652, in _json
    self.wfile.write(b)
    ~~~~~~~~~~~~~~~~^^^
  File "C:\Program Files\Python313\Lib\socketserver.py", line 845, in write
    self._sock.sendall(b)
    ~~~~~~~~~~~~~~~~~~^^^
ConnectionAbortedError: [WinError 10053] ä½ çš„ä¸»æœºä¸­çš„è½¯ä»¶ä¸­æ­¢äº†ä¸€ä¸ªå·²å»ºç«‹çš„è¿žæŽ¥ã€‚
----------------------------------------
----------------------------------------
Exception occurred during processing of request from ('127.0.0.1', 62850)
Traceback (most recent call last):
  File "C:\Program Files\Python313\Lib\socketserver.py", line 697, in process_request_thread
    self.finish_request(request, client_address)
    ~~~~~~~~~~~~~~~~~~~^^^^^^^^^^^^^^^^^^^^^^^^^
  File "C:\Program Files\Python313\Lib\socketserver.py", line 362, in finish_request
    self.RequestHandlerClass(request, client_address, self)
    ~~~~~~~~~~~~~~~~~~~~~~~~^^^^^^^^^^^^^^^^^^^^^^^^^^^^^^^
  File "C:\Program Files\Python313\Lib\socketserver.py", line 766, in __init__
    self.handle()
    ~~~~~~~~~~~^^
  File "C:\Program Files\Python313\Lib\http\server.py", line 436, in handle
    self.handle_one_request()
    ~~~~~~~~~~~~~~~~~~~~~~~^^
  File "C:\Program Files\Python313\Lib\http\server.py", line 424, in handle_one_request
    method()
    ~~~~~~^^
  File "E:\Code\AideanCompany\fleet\console\console.py", line 1810, in do_GET
    self._json(fleet_health())
    ~~~~~~~~~~^^^^^^^^^^^^^^^^
  File "E:\Code\AideanCompany\fleet\console\console.py", line 1652, in _json
    self.wfile.write(b)
    ~~~~~~~~~~~~~~~~^^^
  File "C:\Program Files\Python313\Lib\socketserver.py", line 845, in write
    self._sock.sendall(b)
    ~~~~~~~~~~~~~~~~~~^^^
ConnectionAbortedError: [WinError 10053] ä½ çš„ä¸»æœºä¸­çš„è½¯ä»¶ä¸­æ­¢äº†ä¸€ä¸ªå·²å»ºç«‹çš„è¿žæŽ¥ã€‚
----------------------------------------
----------------------------------------
Exception occurred during processing of request from ('127.0.0.1', 61942)
Traceback (most recent call last):
  File "C:\Program Files\Python313\Lib\socketserver.py", line 697, in process_request_thread
    self.finish_request(request, client_address)
    ~~~~~~~~~~~~~~~~~~~^^^^^^^^^^^^^^^^^^^^^^^^^
  File "C:\Program Files\Python313\Lib\socketserver.py", line 362, in finish_request
    self.RequestHandlerClass(request, client_address, self)
    ~~~~~~~~~~~~~~~~~~~~~~~~^^^^^^^^^^^^^^^^^^^^^^^^^^^^^^^
  File "C:\Program Files\Python313\Lib\socketserver.py", line 766, in __init__
    self.handle()
    ~~~~~~~~~~~^^
  File "C:\Program Files\Python313\Lib\http\server.py", line 436, in handle
    self.handle_one_request()
    ~~~~~~~~~~~~~~~~~~~~~~~^^
  File "C:\Program Files\Python313\Lib\http\server.py", line 424, in handle_one_request
    method()
    ~~~~~~^^
  File "E:\Code\AideanCompany\fleet\console\console.py", line 1810, in do_GET
    self._json(fleet_health())
    ~~~~~~~~~~^^^^^^^^^^^^^^^^
  File "E:\Code\AideanCompany\fleet\console\console.py", line 1652, in _json
    self.wfile.write(b)
    ~~~~~~~~~~~~~~~~^^^
  File "C:\Program Files\Python313\Lib\socketserver.py", line 845, in write
    self._sock.sendall(b)
    ~~~~~~~~~~~~~~~~~~^^^
ConnectionAbortedError: [WinError 10053] ä½ çš„ä¸»æœºä¸­çš„è½¯ä»¶ä¸­æ­¢äº†ä¸€ä¸ªå·²å»ºç«‹çš„è¿žæŽ¥ã€‚
----------------------------------------
----------------------------------------
Exception occurred during processing of request from ('127.0.0.1', 65165)
Traceback (most recent call last):
  File "C:\Program Files\Python313\Lib\socketserver.py", line 697, in process_request_thread
    self.finish_request(request, client_address)
    ~~~~~~~~~~~~~~~~~~~^^^^^^^^^^^^^^^^^^^^^^^^^
  File "C:\Program Files\Python313\Lib\socketserver.py", line 362, in finish_request
    self.RequestHandlerClass(request, client_address, self)
    ~~~~~~~~~~~~~~~~~~~~~~~~^^^^^^^^^^^^^^^^^^^^^^^^^^^^^^^
  File "C:\Program Files\Python313\Lib\socketserver.py", line 766, in __init__
    self.handle()
    ~~~~~~~~~~~^^
  File "C:\Program Files\Python313\Lib\http\server.py", line 436, in handle
    self.handle_one_request()
    ~~~~~~~~~~~~~~~~~~~~~~~^^
  File "C:\Program Files\Python313\Lib\http\server.py", line 424, in handle_one_request
    method()
    ~~~~~~^^
  File "E:\Code\AideanCompany\fleet\console\console.py", line 1810, in do_GET
    self._json(fleet_health())
    ~~~~~~~~~~^^^^^^^^^^^^^^^^
  File "E:\Code\AideanCompany\fleet\console\console.py", line 1652, in _json
    self.wfile.write(b)
    ~~~~~~~~~~~~~~~~^^^
  File "C:\Program Files\Python313\Lib\socketserver.py", line 845, in write
    self._sock.sendall(b)
    ~~~~~~~~~~~~~~~~~~^^^
ConnectionAbortedError: [WinError 10053] ä½ çš„ä¸»æœºä¸­çš„è½¯ä»¶ä¸­æ­¢äº†ä¸€ä¸ªå·²å»ºç«‹çš„è¿žæŽ¥ã€‚
----------------------------------------
----------------------------------------
Exception occurred during processing of request from ('127.0.0.1', 61233)
Traceback (most recent call last):
  File "C:\Program Files\Python313\Lib\socketserver.py", line 697, in process_request_thread
    self.finish_request(request, client_address)
    ~~~~~~~~~~~~~~~~~~~^^^^^^^^^^^^^^^^^^^^^^^^^
  File "C:\Program Files\Python313\Lib\socketserver.py", line 362, in finish_request
    self.RequestHandlerClass(request, client_address, self)
    ~~~~~~~~~~~~~~~~~~~~~~~~^^^^^^^^^^^^^^^^^^^^^^^^^^^^^^^
  File "C:\Program Files\Python313\Lib\socketserver.py", line 766, in __init__
    self.handle()
    ~~~~~~~~~~~^^
  File "C:\Program Files\Python313\Lib\http\server.py", line 436, in handle
    self.handle_one_request()
    ~~~~~~~~~~~~~~~~~~~~~~~^^
  File "C:\Program Files\Python313\Lib\http\server.py", line 424, in handle_one_request
    method()
    ~~~~~~^^
  File "E:\Code\AideanCompany\fleet\console\console.py", line 1810, in do_GET
    self._json(fleet_health())
    ~~~~~~~~~~^^^^^^^^^^^^^^^^
  File "E:\Code\AideanCompany\fleet\console\console.py", line 1652, in _json
    self.wfile.write(b)
    ~~~~~~~~~~~~~~~~^^^
  File "C:\Program Files\Python313\Lib\socketserver.py", line 845, in write
    self._sock.sendall(b)
    ~~~~~~~~~~~~~~~~~~^^^
ConnectionAbortedError: [WinError 10053] ä½ çš„ä¸»æœºä¸­çš„è½¯ä»¶ä¸­æ­¢äº†ä¸€ä¸ªå·²å»ºç«‹çš„è¿žæŽ¥ã€‚
----------------------------------------
----------------------------------------
Exception occurred during processing of request from ('127.0.0.1', 52477)
Traceback (most recent call last):
  File "C:\Program Files\Python313\Lib\socketserver.py", line 697, in process_request_thread
    self.finish_request(request, client_address)
    ~~~~~~~~~~~~~~~~~~~^^^^^^^^^^^^^^^^^^^^^^^^^
  File "C:\Program Files\Python313\Lib\socketserver.py", line 362, in finish_request
    self.RequestHandlerClass(request, client_address, self)
    ~~~~~~~~~~~~~~~~~~~~~~~~^^^^^^^^^^^^^^^^^^^^^^^^^^^^^^^
  File "C:\Program Files\Python313\Lib\socketserver.py", line 766, in __init__
    self.handle()
    ~~~~~~~~~~~^^
  File "C:\Program Files\Python313\Lib\http\server.py", line 436, in handle
    self.handle_one_request()
    ~~~~~~~~~~~~~~~~~~~~~~~^^
  File "C:\Program Files\Python313\Lib\http\server.py", line 424, in handle_one_request
    method()
    ~~~~~~^^
  File "E:\Code\AideanCompany\fleet\console\console.py", line 1810, in do_GET
    self._json(fleet_health())
    ~~~~~~~~~~^^^^^^^^^^^^^^^^
  File "E:\Code\AideanCompany\fleet\console\console.py", line 1652, in _json
    self.wfile.write(b)
    ~~~~~~~~~~~~~~~~^^^
  File "C:\Program Files\Python313\Lib\socketserver.py", line 845, in write
    self._sock.sendall(b)
    ~~~~~~~~~~~~~~~~~~^^^
ConnectionAbortedError: [WinError 10053] ä½ çš„ä¸»æœºä¸­çš„è½¯ä»¶ä¸­æ­¢äº†ä¸€ä¸ªå·²å»ºç«‹çš„è¿žæŽ¥ã€‚
----------------------------------------
----------------------------------------
Exception occurred during processing of request from ('127.0.0.1', 56347)
Traceback (most recent call last):
  File "C:\Program Files\Python313\Lib\socketserver.py", line 697, in process_request_thread
    self.finish_request(request, client_address)
    ~~~~~~~~~~~~~~~~~~~^^^^^^^^^^^^^^^^^^^^^^^^^
  File "C:\Program Files\Python313\Lib\socketserver.py", line 362, in finish_request
    self.RequestHandlerClass(request, client_address, self)
    ~~~~~~~~~~~~~~~~~~~~~~~~^^^^^^^^^^^^^^^^^^^^^^^^^^^^^^^
  File "C:\Program Files\Python313\Lib\socketserver.py", line 766, in __init__
    self.handle()
    ~~~~~~~~~~~^^
  File "C:\Program Files\Python313\Lib\http\server.py", line 436, in handle
    self.handle_one_request()
    ~~~~~~~~~~~~~~~~~~~~~~~^^
  File "C:\Program Files\Python313\Lib\http\server.py", line 424, in handle_one_request
    method()
    ~~~~~~^^
  File "E:\Code\AideanCompany\fleet\console\console.py", line 1810, in do_GET
    self._json(fleet_health())
    ~~~~~~~~~~^^^^^^^^^^^^^^^^
  File "E:\Code\AideanCompany\fleet\console\console.py", line 1652, in _json
    self.wfile.write(b)
    ~~~~~~~~~~~~~~~~^^^
  File "C:\Program Files\Python313\Lib\socketserver.py", line 845, in write
    self._sock.sendall(b)
    ~~~~~~~~~~~~~~~~~~^^^
ConnectionAbortedError: [WinError 10053] ä½ çš„ä¸»æœºä¸­çš„è½¯ä»¶ä¸­æ­¢äº†ä¸€ä¸ªå·²å»ºç«‹çš„è¿žæŽ¥ã€‚
----------------------------------------
----------------------------------------
Exception occurred during processing of request from ('127.0.0.1', 60585)
Traceback (most recent call last):
  File "C:\Program Files\Python313\Lib\socketserver.py", line 697, in process_request_thread
    self.finish_request(request, client_address)
    ~~~~~~~~~~~~~~~~~~~^^^^^^^^^^^^^^^^^^^^^^^^^
  File "C:\Program Files\Python313\Lib\socketserver.py", line 362, in finish_request
    self.RequestHandlerClass(request, client_address, self)
    ~~~~~~~~~~~~~~~~~~~~~~~~^^^^^^^^^^^^^^^^^^^^^^^^^^^^^^^
  File "C:\Program Files\Python313\Lib\socketserver.py", line 766, in __init__
    self.handle()
    ~~~~~~~~~~~^^
  File "C:\Program Files\Python313\Lib\http\server.py", line 436, in handle
    self.handle_one_request()
    ~~~~~~~~~~~~~~~~~~~~~~~^^
  File "C:\Program Files\Python313\Lib\http\server.py", line 424, in handle_one_request
    method()
    ~~~~~~^^
  File "E:\Code\AideanCompany\fleet\console\console.py", line 1810, in do_GET
    self._json(fleet_health())
    ~~~~~~~~~~^^^^^^^^^^^^^^^^
  File "E:\Code\AideanCompany\fleet\console\console.py", line 1652, in _json
    self.wfile.write(b)
    ~~~~~~~~~~~~~~~~^^^
  File "C:\Program Files\Python313\Lib\socketserver.py", line 845, in write
    self._sock.sendall(b)
    ~~~~~~~~~~~~~~~~~~^^^
ConnectionAbortedError: [WinError 10053] ä½ çš„ä¸»æœºä¸­çš„è½¯ä»¶ä¸­æ­¢äº†ä¸€ä¸ªå·²å»ºç«‹çš„è¿žæŽ¥ã€‚
----------------------------------------
----------------------------------------
Exception occurred during processing of request from ('127.0.0.1', 62224)
Traceback (most recent call last):
  File "C:\Program Files\Python313\Lib\socketserver.py", line 697, in process_request_thread
    self.finish_request(request, client_address)
    ~~~~~~~~~~~~~~~~~~~^^^^^^^^^^^^^^^^^^^^^^^^^
  File "C:\Program Files\Python313\Lib\socketserver.py", line 362, in finish_request
    self.RequestHandlerClass(request, client_address, self)
    ~~~~~~~~~~~~~~~~~~~~~~~~^^^^^^^^^^^^^^^^^^^^^^^^^^^^^^^
  File "C:\Program Files\Python313\Lib\socketserver.py", line 766, in __init__
    self.handle()
    ~~~~~~~~~~~^^
  File "C:\Program Files\Python313\Lib\http\server.py", line 436, in handle
    self.handle_one_request()
    ~~~~~~~~~~~~~~~~~~~~~~~^^
  File "C:\Program Files\Python313\Lib\http\server.py", line 424, in handle_one_request
    method()
    ~~~~~~^^
  File "E:\Code\AideanCompany\fleet\console\console.py", line 1810, in do_GET
    self._json(fleet_health())
    ~~~~~~~~~~^^^^^^^^^^^^^^^^
  File "E:\Code\AideanCompany\fleet\console\console.py", line 1652, in _json
    self.wfile.write(b)
    ~~~~~~~~~~~~~~~~^^^
  File "C:\Program Files\Python313\Lib\socketserver.py", line 845, in write
    self._sock.sendall(b)
    ~~~~~~~~~~~~~~~~~~^^^
ConnectionAbortedError: [WinError 10053] ä½ çš„ä¸»æœºä¸­çš„è½¯ä»¶ä¸­æ­¢äº†ä¸€ä¸ªå·²å»ºç«‹çš„è¿žæŽ¥ã€‚
----------------------------------------
----------------------------------------
Exception occurred during processing of request from ('127.0.0.1', 57728)
Traceback (most recent call last):
  File "C:\Program Files\Python313\Lib\socketserver.py", line 697, in process_request_thread
    self.finish_request(request, client_address)
    ~~~~~~~~~~~~~~~~~~~^^^^^^^^^^^^^^^^^^^^^^^^^
  File "C:\Program Files\Python313\Lib\socketserver.py", line 362, in finish_request
    self.RequestHandlerClass(request, client_address, self)
    ~~~~~~~~~~~~~~~~~~~~~~~~^^^^^^^^^^^^^^^^^^^^^^^^^^^^^^^
  File "C:\Program Files\Python313\Lib\socketserver.py", line 766, in __init__
    self.handle()
    ~~~~~~~~~~~^^
  File "C:\Program Files\Python313\Lib\http\server.py", line 436, in handle
    self.handle_one_request()
    ~~~~~~~~~~~~~~~~~~~~~~~^^
  File "C:\Program Files\Python313\Lib\http\server.py", line 424, in handle_one_request
    method()
    ~~~~~~^^
  File "E:\Code\AideanCompany\fleet\console\console.py", line 1810, in do_GET
    self._json(fleet_health())
    ~~~~~~~~~~^^^^^^^^^^^^^^^^
  File "E:\Code\AideanCompany\fleet\console\console.py", line 1652, in _json
    self.wfile.write(b)
    ~~~~~~~~~~~~~~~~^^^
  File "C:\Program Files\Python313\Lib\socketserver.py", line 845, in write
    self._sock.sendall(b)
    ~~~~~~~~~~~~~~~~~~^^^
ConnectionAbortedError: [WinError 10053] ä½ çš„ä¸»æœºä¸­çš„è½¯ä»¶ä¸­æ­¢äº†ä¸€ä¸ªå·²å»ºç«‹çš„è¿žæŽ¥ã€‚
----------------------------------------
----------------------------------------
Exception occurred during processing of request from ('127.0.0.1', 63308)
Traceback (most recent call last):
  File "C:\Program Files\Python313\Lib\socketserver.py", line 697, in process_request_thread
    self.finish_request(request, client_address)
    ~~~~~~~~~~~~~~~~~~~^^^^^^^^^^^^^^^^^^^^^^^^^
  File "C:\Program Files\Python313\Lib\socketserver.py", line 362, in finish_request
    self.RequestHandlerClass(request, client_address, self)
    ~~~~~~~~~~~~~~~~~~~~~~~~^^^^^^^^^^^^^^^^^^^^^^^^^^^^^^^
  File "C:\Program Files\Python313\Lib\socketserver.py", line 766, in __init__
    self.handle()
    ~~~~~~~~~~~^^
  File "C:\Program Files\Python313\Lib\http\server.py", line 436, in handle
    self.handle_one_request()
    ~~~~~~~~~~~~~~~~~~~~~~~^^
  File "C:\Program Files\Python313\Lib\http\server.py", line 424, in handle_one_request
    method()
    ~~~~~~^^
  File "E:\Code\AideanCompany\fleet\console\console.py", line 1810, in do_GET
    self._json(fleet_health())
    ~~~~~~~~~~^^^^^^^^^^^^^^^^
  File "E:\Code\AideanCompany\fleet\console\console.py", line 1652, in _json
    self.wfile.write(b)
    ~~~~~~~~~~~~~~~~^^^
  File "C:\Program Files\Python313\Lib\socketserver.py", line 845, in write
    self._sock.sendall(b)
    ~~~~~~~~~~~~~~~~~~^^^
ConnectionAbortedError: [WinError 10053] ä½ çš„ä¸»æœºä¸­çš„è½¯ä»¶ä¸­æ­¢äº†ä¸€ä¸ªå·²å»ºç«‹çš„è¿žæŽ¥ã€‚
----------------------------------------
----------------------------------------
Exception occurred during processing of request from ('127.0.0.1', 64237)
Traceback (most recent call last):
  File "C:\Program Files\Python313\Lib\socketserver.py", line 697, in process_request_thread
    self.finish_request(request, client_address)
    ~~~~~~~~~~~~~~~~~~~^^^^^^^^^^^^^^^^^^^^^^^^^
  File "C:\Program Files\Python313\Lib\socketserver.py", line 362, in finish_request
    self.RequestHandlerClass(request, client_address, self)
    ~~~~~~~~~~~~~~~~~~~~~~~~^^^^^^^^^^^^^^^^^^^^^^^^^^^^^^^
  File "C:\Program Files\Python313\Lib\socketserver.py", line 766, in __init__
    self.handle()
    ~~~~~~~~~~~^^
  File "C:\Program Files\Python313\Lib\http\server.py", line 436, in handle
    self.handle_one_request()
    ~~~~~~~~~~~~~~~~~~~~~~~^^
  File "C:\Program Files\Python313\Lib\http\server.py", line 424, in handle_one_request
    method()
    ~~~~~~^^
  File "E:\Code\AideanCompany\fleet\console\console.py", line 1810, in do_GET
    self._json(fleet_health())
    ~~~~~~~~~~^^^^^^^^^^^^^^^^
  File "E:\Code\AideanCompany\fleet\console\console.py", line 1652, in _json
    self.wfile.write(b)
    ~~~~~~~~~~~~~~~~^^^
  File "C:\Program Files\Python313\Lib\socketserver.py", line 845, in write
    self._sock.sendall(b)
    ~~~~~~~~~~~~~~~~~~^^^
ConnectionAbortedError: [WinError 10053] ä½ çš„ä¸»æœºä¸­çš„è½¯ä»¶ä¸­æ­¢äº†ä¸€ä¸ªå·²å»ºç«‹çš„è¿žæŽ¥ã€‚
----------------------------------------
----------------------------------------
Exception occurred during processing of request from ('127.0.0.1', 64266)
Traceback (most recent call last):
  File "C:\Program Files\Python313\Lib\socketserver.py", line 697, in process_request_thread
    self.finish_request(request, client_address)
    ~~~~~~~~~~~~~~~~~~~^^^^^^^^^^^^^^^^^^^^^^^^^
  File "C:\Program Files\Python313\Lib\socketserver.py", line 362, in finish_request
    self.RequestHandlerClass(request, client_address, self)
    ~~~~~~~~~~~~~~~~~~~~~~~~^^^^^^^^^^^^^^^^^^^^^^^^^^^^^^^
  File "C:\Program Files\Python313\Lib\socketserver.py", line 766, in __init__
    self.handle()
    ~~~~~~~~~~~^^
  File "C:\Program Files\Python313\Lib\http\server.py", line 436, in handle
    self.handle_one_request()
    ~~~~~~~~~~~~~~~~~~~~~~~^^
  File "C:\Program Files\Python313\Lib\http\server.py", line 424, in handle_one_request
    method()
    ~~~~~~^^
  File "E:\Code\AideanCompany\fleet\console\console.py", line 1810, in do_GET
    self._json(fleet_health())
    ~~~~~~~~~~^^^^^^^^^^^^^^^^
  File "E:\Code\AideanCompany\fleet\console\console.py", line 1652, in _json
    self.wfile.write(b)
    ~~~~~~~~~~~~~~~~^^^
  File "C:\Program Files\Python313\Lib\socketserver.py", line 845, in write
    self._sock.sendall(b)
    ~~~~~~~~~~~~~~~~~~^^^
ConnectionAbortedError: [WinError 10053] ä½ çš„ä¸»æœºä¸­çš„è½¯ä»¶ä¸­æ­¢äº†ä¸€ä¸ªå·²å»ºç«‹çš„è¿žæŽ¥ã€‚
----------------------------------------
----------------------------------------
Exception occurred during processing of request from ('127.0.0.1', 56855)
Traceback (most recent call last):
  File "C:\Program Files\Python313\Lib\socketserver.py", line 697, in process_request_thread
    self.finish_request(request, client_address)
    ~~~~~~~~~~~~~~~~~~~^^^^^^^^^^^^^^^^^^^^^^^^^
  File "C:\Program Files\Python313\Lib\socketserver.py", line 362, in finish_request
    self.RequestHandlerClass(request, client_address, self)
    ~~~~~~~~~~~~~~~~~~~~~~~~^^^^^^^^^^^^^^^^^^^^^^^^^^^^^^^
  File "C:\Program Files\Python313\Lib\socketserver.py", line 766, in __init__
    self.handle()
    ~~~~~~~~~~~^^
  File "C:\Program Files\Python313\Lib\http\server.py", line 436, in handle
    self.handle_one_request()
    ~~~~~~~~~~~~~~~~~~~~~~~^^
  File "C:\Program Files\Python313\Lib\http\server.py", line 424, in handle_one_request
    method()
    ~~~~~~^^
  File "E:\Code\AideanCompany\fleet\console\console.py", line 1810, in do_GET
    self._json(fleet_health())
    ~~~~~~~~~~^^^^^^^^^^^^^^^^
  File "E:\Code\AideanCompany\fleet\console\console.py", line 1652, in _json
    self.wfile.write(b)
    ~~~~~~~~~~~~~~~~^^^
  File "C:\Program Files\Python313\Lib\socketserver.py", line 845, in write
    self._sock.sendall(b)
    ~~~~~~~~~~~~~~~~~~^^^
ConnectionAbortedError: [WinError 10053] ä½ çš„ä¸»æœºä¸­çš„è½¯ä»¶ä¸­æ­¢äº†ä¸€ä¸ªå·²å»ºç«‹çš„è¿žæŽ¥ã€‚
----------------------------------------
----------------------------------------
Exception occurred during processing of request from ('127.0.0.1', 56892)
Traceback (most recent call last):
  File "C:\Program Files\Python313\Lib\socketserver.py", line 697, in process_request_thread
    self.finish_request(request, client_address)
    ~~~~~~~~~~~~~~~~~~~^^^^^^^^^^^^^^^^^^^^^^^^^
  File "C:\Program Files\Python313\Lib\socketserver.py", line 362, in finish_request
    self.RequestHandlerClass(request, client_address, self)
    ~~~~~~~~~~~~~~~~~~~~~~~~^^^^^^^^^^^^^^^^^^^^^^^^^^^^^^^
  File "C:\Program Files\Python313\Lib\socketserver.py", line 766, in __init__
    self.handle()
    ~~~~~~~~~~~^^
  File "C:\Program Files\Python313\Lib\http\server.py", line 436, in handle
    self.handle_one_request()
    ~~~~~~~~~~~~~~~~~~~~~~~^^
  File "C:\Program Files\Python313\Lib\http\server.py", line 424, in handle_one_request
    method()
    ~~~~~~^^
  File "E:\Code\AideanCompany\fleet\console\console.py", line 1810, in do_GET
    self._json(fleet_health())
    ~~~~~~~~~~^^^^^^^^^^^^^^^^
  File "E:\Code\AideanCompany\fleet\console\console.py", line 1652, in _json
    self.wfile.write(b)
    ~~~~~~~~~~~~~~~~^^^
  File "C:\Program Files\Python313\Lib\socketserver.py", line 845, in write
    self._sock.sendall(b)
    ~~~~~~~~~~~~~~~~~~^^^
ConnectionAbortedError: [WinError 10053] ä½ çš„ä¸»æœºä¸­çš„è½¯ä»¶ä¸­æ­¢äº†ä¸€ä¸ªå·²å»ºç«‹çš„è¿žæŽ¥ã€‚
----------------------------------------
----------------------------------------
Exception occurred during processing of request from ('127.0.0.1', 58178)
Traceback (most recent call last):
  File "C:\Program Files\Python313\Lib\socketserver.py", line 697, in process_request_thread
    self.finish_request(request, client_address)
    ~~~~~~~~~~~~~~~~~~~^^^^^^^^^^^^^^^^^^^^^^^^^
  File "C:\Program Files\Python313\Lib\socketserver.py", line 362, in finish_request
    self.RequestHandlerClass(request, client_address, self)
    ~~~~~~~~~~~~~~~~~~~~~~~~^^^^^^^^^^^^^^^^^^^^^^^^^^^^^^^
  File "C:\Program Files\Python313\Lib\socketserver.py", line 766, in __init__
    self.handle()
    ~~~~~~~~~~~^^
  File "C:\Program Files\Python313\Lib\http\server.py", line 436, in handle
    self.handle_one_request()
    ~~~~~~~~~~~~~~~~~~~~~~~^^
  File "C:\Program Files\Python313\Lib\http\server.py", line 424, in handle_one_request
    method()
    ~~~~~~^^
  File "E:\Code\AideanCompany\fleet\console\console.py", line 1810, in do_GET
    self._json(fleet_health())
    ~~~~~~~~~~^^^^^^^^^^^^^^^^
  File "E:\Code\AideanCompany\fleet\console\console.py", line 1652, in _json
    self.wfile.write(b)
    ~~~~~~~~~~~~~~~~^^^
  File "C:\Program Files\Python313\Lib\socketserver.py", line 845, in write
    self._sock.sendall(b)
    ~~~~~~~~~~~~~~~~~~^^^
ConnectionAbortedError: [WinError 10053] ä½ çš„ä¸»æœºä¸­çš„è½¯ä»¶ä¸­æ­¢äº†ä¸€ä¸ªå·²å»ºç«‹çš„è¿žæŽ¥ã€‚
----------------------------------------
----------------------------------------
Exception occurred during processing of request from ('127.0.0.1', 58207)
Traceback (most recent call last):
  File "C:\Program Files\Python313\Lib\socketserver.py", line 697, in process_request_thread
    self.finish_request(request, client_address)
    ~~~~~~~~~~~~~~~~~~~^^^^^^^^^^^^^^^^^^^^^^^^^
  File "C:\Program Files\Python313\Lib\socketserver.py", line 362, in finish_request
    self.RequestHandlerClass(request, client_address, self)
    ~~~~~~~~~~~~~~~~~~~~~~~~^^^^^^^^^^^^^^^^^^^^^^^^^^^^^^^
  File "C:\Program Files\Python313\Lib\socketserver.py", line 766, in __init__
    self.handle()
    ~~~~~~~~~~~^^
  File "C:\Program Files\Python313\Lib\http\server.py", line 436, in handle
    self.handle_one_request()
    ~~~~~~~~~~~~~~~~~~~~~~~^^
  File "C:\Program Files\Python313\Lib\http\server.py", line 424, in handle_one_request
    method()
    ~~~~~~^^
  File "E:\Code\AideanCompany\fleet\console\console.py", line 1810, in do_GET
    self._json(fleet_health())
    ~~~~~~~~~~^^^^^^^^^^^^^^^^
  File "E:\Code\AideanCompany\fleet\console\console.py", line 1652, in _json
    self.wfile.write(b)
    ~~~~~~~~~~~~~~~~^^^
  File "C:\Program Files\Python313\Lib\socketserver.py", line 845, in write
    self._sock.sendall(b)
    ~~~~~~~~~~~~~~~~~~^^^
ConnectionAbortedError: [WinError 10053] ä½ çš„ä¸»æœºä¸­çš„è½¯ä»¶ä¸­æ­¢äº†ä¸€ä¸ªå·²å»ºç«‹çš„è¿žæŽ¥ã€‚
----------------------------------------
----------------------------------------
Exception occurred during processing of request from ('127.0.0.1', 52203)
Traceback (most recent call last):
  File "C:\Program Files\Python313\Lib\socketserver.py", line 697, in process_request_thread
    self.finish_request(request, client_address)
    ~~~~~~~~~~~~~~~~~~~^^^^^^^^^^^^^^^^^^^^^^^^^
  File "C:\Program Files\Python313\Lib\socketserver.py", line 362, in finish_request
    self.RequestHandlerClass(request, client_address, self)
    ~~~~~~~~~~~~~~~~~~~~~~~~^^^^^^^^^^^^^^^^^^^^^^^^^^^^^^^
  File "C:\Program Files\Python313\Lib\socketserver.py", line 766, in __init__
    self.handle()
    ~~~~~~~~~~~^^
  File "C:\Program Files\Python313\Lib\http\server.py", line 436, in handle
    self.handle_one_request()
    ~~~~~~~~~~~~~~~~~~~~~~~^^
  File "C:\Program Files\Python313\Lib\http\server.py", line 424, in handle_one_request
    method()
    ~~~~~~^^
  File "E:\Code\AideanCompany\fleet\console\console.py", line 1810, in do_GET
    self._json(fleet_health())
    ~~~~~~~~~~^^^^^^^^^^^^^^^^
  File "E:\Code\AideanCompany\fleet\console\console.py", line 1652, in _json
    self.wfile.write(b)
    ~~~~~~~~~~~~~~~~^^^
  File "C:\Program Files\Python313\Lib\socketserver.py", line 845, in write
    self._sock.sendall(b)
    ~~~~~~~~~~~~~~~~~~^^^
ConnectionAbortedError: [WinError 10053] ä½ çš„ä¸»æœºä¸­çš„è½¯ä»¶ä¸­æ­¢äº†ä¸€ä¸ªå·²å»ºç«‹çš„è¿žæŽ¥ã€‚
----------------------------------------
----------------------------------------
Exception occurred during processing of request from ('127.0.0.1', 58497)
Traceback (most recent call last):
  File "C:\Program Files\Python313\Lib\socketserver.py", line 697, in process_request_thread
    self.finish_request(request, client_address)
    ~~~~~~~~~~~~~~~~~~~^^^^^^^^^^^^^^^^^^^^^^^^^
  File "C:\Program Files\Python313\Lib\socketserver.py", line 362, in finish_request
    self.RequestHandlerClass(request, client_address, self)
    ~~~~~~~~~~~~~~~~~~~~~~~~^^^^^^^^^^^^^^^^^^^^^^^^^^^^^^^
  File "C:\Program Files\Python313\Lib\socketserver.py", line 766, in __init__
    self.handle()
    ~~~~~~~~~~~^^
  File "C:\Program Files\Python313\Lib\http\server.py", line 436, in handle
    self.handle_one_request()
    ~~~~~~~~~~~~~~~~~~~~~~~^^
  File "C:\Program Files\Python313\Lib\http\server.py", line 424, in handle_one_request
    method()
    ~~~~~~^^
  File "E:\Code\AideanCompany\fleet\console\console.py", line 1810, in do_GET
    self._json(fleet_health())
    ~~~~~~~~~~^^^^^^^^^^^^^^^^
  File "E:\Code\AideanCompany\fleet\console\console.py", line 1652, in _json
    self.wfile.write(b)
    ~~~~~~~~~~~~~~~~^^^
  File "C:\Program Files\Python313\Lib\socketserver.py", line 845, in write
    self._sock.sendall(b)
    ~~~~~~~~~~~~~~~~~~^^^
ConnectionAbortedError: [WinError 10053] ä½ çš„ä¸»æœºä¸­çš„è½¯ä»¶ä¸­æ­¢äº†ä¸€ä¸ªå·²å»ºç«‹çš„è¿žæŽ¥ã€‚
----------------------------------------
----------------------------------------
Exception occurred during processing of request from ('127.0.0.1', 57457)
Traceback (most recent call last):
  File "C:\Program Files\Python313\Lib\socketserver.py", line 697, in process_request_thread
    self.finish_request(request, client_address)
    ~~~~~~~~~~~~~~~~~~~^^^^^^^^^^^^^^^^^^^^^^^^^
  File "C:\Program Files\Python313\Lib\socketserver.py", line 362, in finish_request
    self.RequestHandlerClass(request, client_address, self)
    ~~~~~~~~~~~~~~~~~~~~~~~~^^^^^^^^^^^^^^^^^^^^^^^^^^^^^^^
  File "C:\Program Files\Python313\Lib\socketserver.py", line 766, in __init__
    self.handle()
    ~~~~~~~~~~~^^
  File "C:\Program Files\Python313\Lib\http\server.py", line 436, in handle
    self.handle_one_request()
    ~~~~~~~~~~~~~~~~~~~~~~~^^
  File "C:\Program Files\Python313\Lib\http\server.py", line 424, in handle_one_request
    method()
    ~~~~~~^^
  File "E:\Code\AideanCompany\fleet\console\console.py", line 1810, in do_GET
    self._json(fleet_health())
    ~~~~~~~~~~^^^^^^^^^^^^^^^^
  File "E:\Code\AideanCompany\fleet\console\console.py", line 1652, in _json
    self.wfile.write(b)
    ~~~~~~~~~~~~~~~~^^^
  File "C:\Program Files\Python313\Lib\socketserver.py", line 845, in write
    self._sock.sendall(b)
    ~~~~~~~~~~~~~~~~~~^^^
ConnectionAbortedError: [WinError 10053] ä½ çš„ä¸»æœºä¸­çš„è½¯ä»¶ä¸­æ­¢äº†ä¸€ä¸ªå·²å»ºç«‹çš„è¿žæŽ¥ã€‚
----------------------------------------
----------------------------------------
Exception occurred during processing of request from ('127.0.0.1', 53071)
Traceback (most recent call last):
  File "C:\Program Files\Python313\Lib\socketserver.py", line 697, in process_request_thread
    self.finish_request(request, client_address)
    ~~~~~~~~~~~~~~~~~~~^^^^^^^^^^^^^^^^^^^^^^^^^
  File "C:\Program Files\Python313\Lib\socketserver.py", line 362, in finish_request
    self.RequestHandlerClass(request, client_address, self)
    ~~~~~~~~~~~~~~~~~~~~~~~~^^^^^^^^^^^^^^^^^^^^^^^^^^^^^^^
  File "C:\Program Files\Python313\Lib\socketserver.py", line 766, in __init__
    self.handle()
    ~~~~~~~~~~~^^
  File "C:\Program Files\Python313\Lib\http\server.py", line 436, in handle
    self.handle_one_request()
    ~~~~~~~~~~~~~~~~~~~~~~~^^
  File "C:\Program Files\Python313\Lib\http\server.py", line 424, in handle_one_request
    method()
    ~~~~~~^^
  File "E:\Code\AideanCompany\fleet\console\console.py", line 1810, in do_GET
    self._json(fleet_health())
    ~~~~~~~~~~^^^^^^^^^^^^^^^^
  File "E:\Code\AideanCompany\fleet\console\console.py", line 1652, in _json
    self.wfile.write(b)
    ~~~~~~~~~~~~~~~~^^^
  File "C:\Program Files\Python313\Lib\socketserver.py", line 845, in write
    self._sock.sendall(b)
    ~~~~~~~~~~~~~~~~~~^^^
ConnectionAbortedError: [WinError 10053] ä½ çš„ä¸»æœºä¸­çš„è½¯ä»¶ä¸­æ­¢äº†ä¸€ä¸ªå·²å»ºç«‹çš„è¿žæŽ¥ã€‚
----------------------------------------
----------------------------------------
Exception occurred during processing of request from ('127.0.0.1', 59073)
Traceback (most recent call last):
  File "C:\Program Files\Python313\Lib\socketserver.py", line 697, in process_request_thread
    self.finish_request(request, client_address)
    ~~~~~~~~~~~~~~~~~~~^^^^^^^^^^^^^^^^^^^^^^^^^
  File "C:\Program Files\Python313\Lib\socketserver.py", line 362, in finish_request
    self.RequestHandlerClass(request, client_address, self)
    ~~~~~~~~~~~~~~~~~~~~~~~~^^^^^^^^^^^^^^^^^^^^^^^^^^^^^^^
  File "C:\Program Files\Python313\Lib\socketserver.py", line 766, in __init__
    self.handle()
    ~~~~~~~~~~~^^
  File "C:\Program Files\Python313\Lib\http\server.py", line 436, in handle
    self.handle_one_request()
    ~~~~~~~~~~~~~~~~~~~~~~~^^
  File "C:\Program Files\Python313\Lib\http\server.py", line 424, in handle_one_request
    method()
    ~~~~~~^^
  File "E:\Code\AideanCompany\fleet\console\console.py", line 1777, in do_GET
    self._html(page_dashboard())
    ~~~~~~~~~~^^^^^^^^^^^^^^^^^^
  File "E:\Code\AideanCompany\fleet\console\console.py", line 1644, in _html
    self.wfile.write(b)
    ~~~~~~~~~~~~~~~~^^^
  File "C:\Program Files\Python313\Lib\socketserver.py", line 845, in write
    self._sock.sendall(b)
    ~~~~~~~~~~~~~~~~~~^^^
ConnectionAbortedError: [WinError 10053] ä½ çš„ä¸»æœºä¸­çš„è½¯ä»¶ä¸­æ­¢äº†ä¸€ä¸ªå·²å»ºç«‹çš„è¿žæŽ¥ã€‚
----------------------------------------
----------------------------------------
Exception occurred during processing of request from ('127.0.0.1', 62930)
Traceback (most recent call last):
  File "C:\Program Files\Python313\Lib\socketserver.py", line 697, in process_request_thread
    self.finish_request(request, client_address)
    ~~~~~~~~~~~~~~~~~~~^^^^^^^^^^^^^^^^^^^^^^^^^
  File "C:\Program Files\Python313\Lib\socketserver.py", line 362, in finish_request
    self.RequestHandlerClass(request, client_address, self)
    ~~~~~~~~~~~~~~~~~~~~~~~~^^^^^^^^^^^^^^^^^^^^^^^^^^^^^^^
  File "C:\Program Files\Python313\Lib\socketserver.py", line 766, in __init__
    self.handle()
    ~~~~~~~~~~~^^
  File "C:\Program Files\Python313\Lib\http\server.py", line 436, in handle
    self.handle_one_request()
    ~~~~~~~~~~~~~~~~~~~~~~~^^
  File "C:\Program Files\Python313\Lib\http\server.py", line 424, in handle_one_request
    method()
    ~~~~~~^^
  File "E:\Code\AideanCompany\fleet\console\console.py", line 1810, in do_GET
    self._json(fleet_health())
    ~~~~~~~~~~^^^^^^^^^^^^^^^^
  File "E:\Code\AideanCompany\fleet\console\console.py", line 1652, in _json
    self.wfile.write(b)
    ~~~~~~~~~~~~~~~~^^^
  File "C:\Program Files\Python313\Lib\socketserver.py", line 845, in write
    self._sock.sendall(b)
    ~~~~~~~~~~~~~~~~~~^^^
ConnectionAbortedError: [WinError 10053] ä½ çš„ä¸»æœºä¸­çš„è½¯ä»¶ä¸­æ­¢äº†ä¸€ä¸ªå·²å»ºç«‹çš„è¿žæŽ¥ã€‚
----------------------------------------
----------------------------------------
Exception occurred during processing of request from ('127.0.0.1', 63088)
Traceback (most recent call last):
  File "C:\Program Files\Python313\Lib\socketserver.py", line 697, in process_request_thread
    self.finish_request(request, client_address)
    ~~~~~~~~~~~~~~~~~~~^^^^^^^^^^^^^^^^^^^^^^^^^
  File "C:\Program Files\Python313\Lib\socketserver.py", line 362, in finish_request
    self.RequestHandlerClass(request, client_address, self)
    ~~~~~~~~~~~~~~~~~~~~~~~~^^^^^^^^^^^^^^^^^^^^^^^^^^^^^^^
  File "C:\Program Files\Python313\Lib\socketserver.py", line 766, in __init__
    self.handle()
    ~~~~~~~~~~~^^
  File "C:\Program Files\Python313\Lib\http\server.py", line 436, in handle
    self.handle_one_request()
    ~~~~~~~~~~~~~~~~~~~~~~~^^
  File "C:\Program Files\Python313\Lib\http\server.py", line 424, in handle_one_request
    method()
    ~~~~~~^^
  File "E:\Code\AideanCompany\fleet\console\console.py", line 1810, in do_GET
    self._json(fleet_health())
    ~~~~~~~~~~^^^^^^^^^^^^^^^^
  File "E:\Code\AideanCompany\fleet\console\console.py", line 1652, in _json
    self.wfile.write(b)
    ~~~~~~~~~~~~~~~~^^^
  File "C:\Program Files\Python313\Lib\socketserver.py", line 845, in write
    self._sock.sendall(b)
    ~~~~~~~~~~~~~~~~~~^^^
ConnectionAbortedError: [WinError 10053] ä½ çš„ä¸»æœºä¸­çš„è½¯ä»¶ä¸­æ­¢äº†ä¸€ä¸ªå·²å»ºç«‹çš„è¿žæŽ¥ã€‚
----------------------------------------
----------------------------------------
Exception occurred during processing of request from ('127.0.0.1', 61776)
Traceback (most recent call last):
  File "C:\Program Files\Python313\Lib\socketserver.py", line 697, in process_request_thread
    self.finish_request(request, client_address)
    ~~~~~~~~~~~~~~~~~~~^^^^^^^^^^^^^^^^^^^^^^^^^
  File "C:\Program Files\Python313\Lib\socketserver.py", line 362, in finish_request
    self.RequestHandlerClass(request, client_address, self)
    ~~~~~~~~~~~~~~~~~~~~~~~~^^^^^^^^^^^^^^^^^^^^^^^^^^^^^^^
  File "C:\Program Files\Python313\Lib\socketserver.py", line 766, in __init__
    self.handle()
    ~~~~~~~~~~~^^
  File "C:\Program Files\Python313\Lib\http\server.py", line 436, in handle
    self.handle_one_request()
    ~~~~~~~~~~~~~~~~~~~~~~~^^
  File "C:\Program Files\Python313\Lib\http\server.py", line 424, in handle_one_request
    method()
    ~~~~~~^^
  File "E:\Code\AideanCompany\fleet\console\console.py", line 1810, in do_GET
    self._json(fleet_health())
    ~~~~~~~~~~^^^^^^^^^^^^^^^^
  File "E:\Code\AideanCompany\fleet\console\console.py", line 1652, in _json
    self.wfile.write(b)
    ~~~~~~~~~~~~~~~~^^^
  File "C:\Program Files\Python313\Lib\socketserver.py", line 845, in write
    self._sock.sendall(b)
    ~~~~~~~~~~~~~~~~~~^^^
ConnectionAbortedError: [WinError 10053] ä½ çš„ä¸»æœºä¸­çš„è½¯ä»¶ä¸­æ­¢äº†ä¸€ä¸ªå·²å»ºç«‹çš„è¿žæŽ¥ã€‚
----------------------------------------
----------------------------------------
Exception occurred during processing of request from ('127.0.0.1', 62597)
Traceback (most recent call last):
  File "C:\Program Files\Python313\Lib\socketserver.py", line 697, in process_request_thread
    self.finish_request(request, client_address)
    ~~~~~~~~~~~~~~~~~~~^^^^^^^^^^^^^^^^^^^^^^^^^
  File "C:\Program Files\Python313\Lib\socketserver.py", line 362, in finish_request
    self.RequestHandlerClass(request, client_address, self)
    ~~~~~~~~~~~~~~~~~~~~~~~~^^^^^^^^^^^^^^^^^^^^^^^^^^^^^^^
  File "C:\Program Files\Python313\Lib\socketserver.py", line 766, in __init__
    self.handle()
    ~~~~~~~~~~~^^
  File "C:\Program Files\Python313\Lib\http\server.py", line 436, in handle
    self.handle_one_request()
    ~~~~~~~~~~~~~~~~~~~~~~~^^
  File "C:\Program Files\Python313\Lib\http\server.py", line 424, in handle_one_request
    method()
    ~~~~~~^^
  File "E:\Code\AideanCompany\fleet\console\console.py", line 1810, in do_GET
    self._json(fleet_health())
    ~~~~~~~~~~^^^^^^^^^^^^^^^^
  File "E:\Code\AideanCompany\fleet\console\console.py", line 1652, in _json
    self.wfile.write(b)
    ~~~~~~~~~~~~~~~~^^^
  File "C:\Program Files\Python313\Lib\socketserver.py", line 845, in write
    self._sock.sendall(b)
    ~~~~~~~~~~~~~~~~~~^^^
ConnectionAbortedError: [WinError 10053] ä½ çš„ä¸»æœºä¸­çš„è½¯ä»¶ä¸­æ­¢äº†ä¸€ä¸ªå·²å»ºç«‹çš„è¿žæŽ¥ã€‚
----------------------------------------
----------------------------------------
Exception occurred during processing of request from ('127.0.0.1', 50351)
Traceback (most recent call last):
  File "C:\Program Files\Python313\Lib\socketserver.py", line 697, in process_request_thread
    self.finish_request(request, client_address)
    ~~~~~~~~~~~~~~~~~~~^^^^^^^^^^^^^^^^^^^^^^^^^
  File "C:\Program Files\Python313\Lib\socketserver.py", line 362, in finish_request
    self.RequestHandlerClass(request, client_address, self)
    ~~~~~~~~~~~~~~~~~~~~~~~~^^^^^^^^^^^^^^^^^^^^^^^^^^^^^^^
  File "C:\Program Files\Python313\Lib\socketserver.py", line 766, in __init__
    self.handle()
    ~~~~~~~~~~~^^
  File "C:\Program Files\Python313\Lib\http\server.py", line 436, in handle
    self.handle_one_request()
    ~~~~~~~~~~~~~~~~~~~~~~~^^
  File "C:\Program Files\Python313\Lib\http\server.py", line 424, in handle_one_request
    method()
    ~~~~~~^^
  File "E:\Code\AideanCompany\fleet\console\console.py", line 1810, in do_GET
    self._json(fleet_health())
    ~~~~~~~~~~^^^^^^^^^^^^^^^^
  File "E:\Code\AideanCompany\fleet\console\console.py", line 1652, in _json
    self.wfile.write(b)
    ~~~~~~~~~~~~~~~~^^^
  File "C:\Program Files\Python313\Lib\socketserver.py", line 845, in write
    self._sock.sendall(b)
    ~~~~~~~~~~~~~~~~~~^^^
ConnectionAbortedError: [WinError 10053] ä½ çš„ä¸»æœºä¸­çš„è½¯ä»¶ä¸­æ­¢äº†ä¸€ä¸ªå·²å»ºç«‹çš„è¿žæŽ¥ã€‚
----------------------------------------
----------------------------------------
Exception occurred during processing of request from ('127.0.0.1', 59795)
Traceback (most recent call last):
  File "C:\Program Files\Python313\Lib\socketserver.py", line 697, in process_request_thread
    self.finish_request(request, client_address)
    ~~~~~~~~~~~~~~~~~~~^^^^^^^^^^^^^^^^^^^^^^^^^
  File "C:\Program Files\Python313\Lib\socketserver.py", line 362, in finish_request
    self.RequestHandlerClass(request, client_address, self)
    ~~~~~~~~~~~~~~~~~~~~~~~~^^^^^^^^^^^^^^^^^^^^^^^^^^^^^^^
  File "C:\Program Files\Python313\Lib\socketserver.py", line 766, in __init__
    self.handle()
    ~~~~~~~~~~~^^
  File "C:\Program Files\Python313\Lib\http\server.py", line 436, in handle
    self.handle_one_request()
    ~~~~~~~~~~~~~~~~~~~~~~~^^
  File "C:\Program Files\Python313\Lib\http\server.py", line 424, in handle_one_request
    method()
    ~~~~~~^^
  File "E:\Code\AideanCompany\fleet\console\console.py", line 1810, in do_GET
    self._json(fleet_health())
    ~~~~~~~~~~^^^^^^^^^^^^^^^^
  File "E:\Code\AideanCompany\fleet\console\console.py", line 1652, in _json
    self.wfile.write(b)
    ~~~~~~~~~~~~~~~~^^^
  File "C:\Program Files\Python313\Lib\socketserver.py", line 845, in write
    self._sock.sendall(b)
    ~~~~~~~~~~~~~~~~~~^^^
ConnectionAbortedError: [WinError 10053] ä½ çš„ä¸»æœºä¸­çš„è½¯ä»¶ä¸­æ­¢äº†ä¸€ä¸ªå·²å»ºç«‹çš„è¿žæŽ¥ã€‚
----------------------------------------
----------------------------------------
Exception occurred during processing of request from ('127.0.0.1', 50066)
Traceback (most recent call last):
  File "C:\Program Files\Python313\Lib\socketserver.py", line 697, in process_request_thread
    self.finish_request(request, client_address)
    ~~~~~~~~~~~~~~~~~~~^^^^^^^^^^^^^^^^^^^^^^^^^
  File "C:\Program Files\Python313\Lib\socketserver.py", line 362, in finish_request
    self.RequestHandlerClass(request, client_address, self)
    ~~~~~~~~~~~~~~~~~~~~~~~~^^^^^^^^^^^^^^^^^^^^^^^^^^^^^^^
  File "C:\Program Files\Python313\Lib\socketserver.py", line 766, in __init__
    self.handle()
    ~~~~~~~~~~~^^
  File "C:\Program Files\Python313\Lib\http\server.py", line 436, in handle
    self.handle_one_request()
    ~~~~~~~~~~~~~~~~~~~~~~~^^
  File "C:\Program Files\Python313\Lib\http\server.py", line 424, in handle_one_request
    method()
    ~~~~~~^^
  File "E:\Code\AideanCompany\fleet\console\console.py", line 1810, in do_GET
    self._json(fleet_health())
    ~~~~~~~~~~^^^^^^^^^^^^^^^^
  File "E:\Code\AideanCompany\fleet\console\console.py", line 1652, in _json
    self.wfile.write(b)
    ~~~~~~~~~~~~~~~~^^^
  File "C:\Program Files\Python313\Lib\socketserver.py", line 845, in write
    self._sock.sendall(b)
    ~~~~~~~~~~~~~~~~~~^^^
ConnectionAbortedError: [WinError 10053] ä½ çš„ä¸»æœºä¸­çš„è½¯ä»¶ä¸­æ­¢äº†ä¸€ä¸ªå·²å»ºç«‹çš„è¿žæŽ¥ã€‚
----------------------------------------
----------------------------------------
Exception occurred during processing of request from ('127.0.0.1', 53061)
Traceback (most recent call last):
  File "C:\Program Files\Python313\Lib\socketserver.py", line 697, in process_request_thread
    self.finish_request(request, client_address)
    ~~~~~~~~~~~~~~~~~~~^^^^^^^^^^^^^^^^^^^^^^^^^
  File "C:\Program Files\Python313\Lib\socketserver.py", line 362, in finish_request
    self.RequestHandlerClass(request, client_address, self)
    ~~~~~~~~~~~~~~~~~~~~~~~~^^^^^^^^^^^^^^^^^^^^^^^^^^^^^^^
  File "C:\Program Files\Python313\Lib\socketserver.py", line 766, in __init__
    self.handle()
    ~~~~~~~~~~~^^
  File "C:\Program Files\Python313\Lib\http\server.py", line 436, in handle
    self.handle_one_request()
    ~~~~~~~~~~~~~~~~~~~~~~~^^
  File "C:\Program Files\Python313\Lib\http\server.py", line 424, in handle_one_request
    method()
    ~~~~~~^^
  File "E:\Code\AideanCompany\fleet\console\console.py", line 1810, in do_GET
    self._json(fleet_health())
    ~~~~~~~~~~^^^^^^^^^^^^^^^^
  File "E:\Code\AideanCompany\fleet\console\console.py", line 1652, in _json
    self.wfile.write(b)
    ~~~~~~~~~~~~~~~~^^^
  File "C:\Program Files\Python313\Lib\socketserver.py", line 845, in write
    self._sock.sendall(b)
    ~~~~~~~~~~~~~~~~~~^^^
ConnectionAbortedError: [WinError 10053] ä½ çš„ä¸»æœºä¸­çš„è½¯ä»¶ä¸­æ­¢äº†ä¸€ä¸ªå·²å»ºç«‹çš„è¿žæŽ¥ã€‚
----------------------------------------
----------------------------------------
Exception occurred during processing of request from ('127.0.0.1', 51436)
Traceback (most recent call last):
  File "C:\Program Files\Python313\Lib\socketserver.py", line 697, in process_request_thread
    self.finish_request(request, client_address)
    ~~~~~~~~~~~~~~~~~~~^^^^^^^^^^^^^^^^^^^^^^^^^
  File "C:\Program Files\Python313\Lib\socketserver.py", line 362, in finish_request
    self.RequestHandlerClass(request, client_address, self)
    ~~~~~~~~~~~~~~~~~~~~~~~~^^^^^^^^^^^^^^^^^^^^^^^^^^^^^^^
  File "C:\Program Files\Python313\Lib\socketserver.py", line 766, in __init__
    self.handle()
    ~~~~~~~~~~~^^
  File "C:\Program Files\Python313\Lib\http\server.py", line 436, in handle
    self.handle_one_request()
    ~~~~~~~~~~~~~~~~~~~~~~~^^
  File "C:\Program Files\Python313\Lib\http\server.py", line 424, in handle_one_request
    method()
    ~~~~~~^^
  File "E:\Code\AideanCompany\fleet\console\console.py", line 1810, in do_GET
    self._json(fleet_health())
    ~~~~~~~~~~^^^^^^^^^^^^^^^^
  File "E:\Code\AideanCompany\fleet\console\console.py", line 1652, in _json
    self.wfile.write(b)
    ~~~~~~~~~~~~~~~~^^^
  File "C:\Program Files\Python313\Lib\socketserver.py", line 845, in write
    self._sock.sendall(b)
    ~~~~~~~~~~~~~~~~~~^^^
ConnectionAbortedError: [WinError 10053] ä½ çš„ä¸»æœºä¸­çš„è½¯ä»¶ä¸­æ­¢äº†ä¸€ä¸ªå·²å»ºç«‹çš„è¿žæŽ¥ã€‚
----------------------------------------
----------------------------------------
Exception occurred during processing of request from ('127.0.0.1', 59305)
Traceback (most recent call last):
  File "C:\Program Files\Python313\Lib\socketserver.py", line 697, in process_request_thread
    self.finish_request(request, client_address)
    ~~~~~~~~~~~~~~~~~~~^^^^^^^^^^^^^^^^^^^^^^^^^
  File "C:\Program Files\Python313\Lib\socketserver.py", line 362, in finish_request
    self.RequestHandlerClass(request, client_address, self)
    ~~~~~~~~~~~~~~~~~~~~~~~~^^^^^^^^^^^^^^^^^^^^^^^^^^^^^^^
  File "C:\Program Files\Python313\Lib\socketserver.py", line 766, in __init__
    self.handle()
    ~~~~~~~~~~~^^
  File "C:\Program Files\Python313\Lib\http\server.py", line 436, in handle
    self.handle_one_request()
    ~~~~~~~~~~~~~~~~~~~~~~~^^
  File "C:\Program Files\Python313\Lib\http\server.py", line 424, in handle_one_request
    method()
    ~~~~~~^^
  File "E:\Code\AideanCompany\fleet\console\console.py", line 1810, in do_GET
    self._json(fleet_health())
    ~~~~~~~~~~^^^^^^^^^^^^^^^^
  File "E:\Code\AideanCompany\fleet\console\console.py", line 1652, in _json
    self.wfile.write(b)
    ~~~~~~~~~~~~~~~~^^^
  File "C:\Program Files\Python313\Lib\socketserver.py", line 845, in write
    self._sock.sendall(b)
    ~~~~~~~~~~~~~~~~~~^^^
ConnectionAbortedError: [WinError 10053] ä½ çš„ä¸»æœºä¸­çš„è½¯ä»¶ä¸­æ­¢äº†ä¸€ä¸ªå·²å»ºç«‹çš„è¿žæŽ¥ã€‚
----------------------------------------
----------------------------------------
Exception occurred during processing of request from ('127.0.0.1', 64274)
Traceback (most recent call last):
  File "C:\Program Files\Python313\Lib\socketserver.py", line 697, in process_request_thread
    self.finish_request(request, client_address)
    ~~~~~~~~~~~~~~~~~~~^^^^^^^^^^^^^^^^^^^^^^^^^
  File "C:\Program Files\Python313\Lib\socketserver.py", line 362, in finish_request
    self.RequestHandlerClass(request, client_address, self)
    ~~~~~~~~~~~~~~~~~~~~~~~~^^^^^^^^^^^^^^^^^^^^^^^^^^^^^^^
  File "C:\Program Files\Python313\Lib\socketserver.py", line 766, in __init__
    self.handle()
    ~~~~~~~~~~~^^
  File "C:\Program Files\Python313\Lib\http\server.py", line 436, in handle
    self.handle_one_request()
    ~~~~~~~~~~~~~~~~~~~~~~~^^
  File "C:\Program Files\Python313\Lib\http\server.py", line 424, in handle_one_request
    method()
    ~~~~~~^^
  File "E:\Code\AideanCompany\fleet\console\console.py", line 1810, in do_GET
    self._json(fleet_health())
    ~~~~~~~~~~^^^^^^^^^^^^^^^^
  File "E:\Code\AideanCompany\fleet\console\console.py", line 1652, in _json
    self.wfile.write(b)
    ~~~~~~~~~~~~~~~~^^^
  File "C:\Program Files\Python313\Lib\socketserver.py", line 845, in write
    self._sock.sendall(b)
    ~~~~~~~~~~~~~~~~~~^^^
ConnectionAbortedError: [WinError 10053] ä½ çš„ä¸»æœºä¸­çš„è½¯ä»¶ä¸­æ­¢äº†ä¸€ä¸ªå·²å»ºç«‹çš„è¿žæŽ¥ã€‚
----------------------------------------
----------------------------------------
Exception occurred during processing of request from ('127.0.0.1', 55969)
Traceback (most recent call last):
  File "C:\Program Files\Python313\Lib\socketserver.py", line 697, in process_request_thread
    self.finish_request(request, client_address)
    ~~~~~~~~~~~~~~~~~~~^^^^^^^^^^^^^^^^^^^^^^^^^
  File "C:\Program Files\Python313\Lib\socketserver.py", line 362, in finish_request
    self.RequestHandlerClass(request, client_address, self)
    ~~~~~~~~~~~~~~~~~~~~~~~~^^^^^^^^^^^^^^^^^^^^^^^^^^^^^^^
  File "C:\Program Files\Python313\Lib\socketserver.py", line 766, in __init__
    self.handle()
    ~~~~~~~~~~~^^
  File "C:\Program Files\Python313\Lib\http\server.py", line 436, in handle
    self.handle_one_request()
    ~~~~~~~~~~~~~~~~~~~~~~~^^
  File "C:\Program Files\Python313\Lib\http\server.py", line 424, in handle_one_request
    method()
    ~~~~~~^^
  File "E:\Code\AideanCompany\fleet\console\console.py", line 1810, in do_GET
    self._json(fleet_health())
    ~~~~~~~~~~^^^^^^^^^^^^^^^^
  File "E:\Code\AideanCompany\fleet\console\console.py", line 1652, in _json
    self.wfile.write(b)
    ~~~~~~~~~~~~~~~~^^^
  File "C:\Program Files\Python313\Lib\socketserver.py", line 845, in write
    self._sock.sendall(b)
    ~~~~~~~~~~~~~~~~~~^^^
ConnectionAbortedError: [WinError 10053] ä½ çš„ä¸»æœºä¸­çš„è½¯ä»¶ä¸­æ­¢äº†ä¸€ä¸ªå·²å»ºç«‹çš„è¿žæŽ¥ã€‚
----------------------------------------
----------------------------------------
Exception occurred during processing of request from ('127.0.0.1', 55997)
Traceback (most recent call last):
  File "C:\Program Files\Python313\Lib\socketserver.py", line 697, in process_request_thread
    self.finish_request(request, client_address)
    ~~~~~~~~~~~~~~~~~~~^^^^^^^^^^^^^^^^^^^^^^^^^
  File "C:\Program Files\Python313\Lib\socketserver.py", line 362, in finish_request
    self.RequestHandlerClass(request, client_address, self)
    ~~~~~~~~~~~~~~~~~~~~~~~~^^^^^^^^^^^^^^^^^^^^^^^^^^^^^^^
  File "C:\Program Files\Python313\Lib\socketserver.py", line 766, in __init__
    self.handle()
    ~~~~~~~~~~~^^
  File "C:\Program Files\Python313\Lib\http\server.py", line 436, in handle
    self.handle_one_request()
    ~~~~~~~~~~~~~~~~~~~~~~~^^
  File "C:\Program Files\Python313\Lib\http\server.py", line 424, in handle_one_request
    method()
    ~~~~~~^^
  File "E:\Code\AideanCompany\fleet\console\console.py", line 1810, in do_GET
    self._json(fleet_health())
    ~~~~~~~~~~^^^^^^^^^^^^^^^^
  File "E:\Code\AideanCompany\fleet\console\console.py", line 1652, in _json
    self.wfile.write(b)
    ~~~~~~~~~~~~~~~~^^^
  File "C:\Program Files\Python313\Lib\socketserver.py", line 845, in write
    self._sock.sendall(b)
    ~~~~~~~~~~~~~~~~~~^^^
ConnectionAbortedError: [WinError 10053] ä½ çš„ä¸»æœºä¸­çš„è½¯ä»¶ä¸­æ­¢äº†ä¸€ä¸ªå·²å»ºç«‹çš„è¿žæŽ¥ã€‚
----------------------------------------
----------------------------------------
Exception occurred during processing of request from ('127.0.0.1', 51139)
Traceback (most recent call last):
  File "C:\Program Files\Python313\Lib\socketserver.py", line 697, in process_request_thread
    self.finish_request(request, client_address)
    ~~~~~~~~~~~~~~~~~~~^^^^^^^^^^^^^^^^^^^^^^^^^
  File "C:\Program Files\Python313\Lib\socketserver.py", line 362, in finish_request
    self.RequestHandlerClass(request, client_address, self)
    ~~~~~~~~~~~~~~~~~~~~~~~~^^^^^^^^^^^^^^^^^^^^^^^^^^^^^^^
  File "C:\Program Files\Python313\Lib\socketserver.py", line 766, in __init__
    self.handle()
    ~~~~~~~~~~~^^
  File "C:\Program Files\Python313\Lib\http\server.py", line 436, in handle
    self.handle_one_request()
    ~~~~~~~~~~~~~~~~~~~~~~~^^
  File "C:\Program Files\Python313\Lib\http\server.py", line 424, in handle_one_request
    method()
    ~~~~~~^^
  File "E:\Code\AideanCompany\fleet\console\console.py", line 1810, in do_GET
    self._json(fleet_health())
    ~~~~~~~~~~^^^^^^^^^^^^^^^^
  File "E:\Code\AideanCompany\fleet\console\console.py", line 1652, in _json
    self.wfile.write(b)
    ~~~~~~~~~~~~~~~~^^^
  File "C:\Program Files\Python313\Lib\socketserver.py", line 845, in write
    self._sock.sendall(b)
    ~~~~~~~~~~~~~~~~~~^^^
ConnectionAbortedError: [WinError 10053] ä½ çš„ä¸»æœºä¸­çš„è½¯ä»¶ä¸­æ­¢äº†ä¸€ä¸ªå·²å»ºç«‹çš„è¿žæŽ¥ã€‚
----------------------------------------
----------------------------------------
Exception occurred during processing of request from ('127.0.0.1', 63962)
Traceback (most recent call last):
  File "C:\Program Files\Python313\Lib\socketserver.py", line 697, in process_request_thread
    self.finish_request(request, client_address)
    ~~~~~~~~~~~~~~~~~~~^^^^^^^^^^^^^^^^^^^^^^^^^
  File "C:\Program Files\Python313\Lib\socketserver.py", line 362, in finish_request
    self.RequestHandlerClass(request, client_address, self)
    ~~~~~~~~~~~~~~~~~~~~~~~~^^^^^^^^^^^^^^^^^^^^^^^^^^^^^^^
  File "C:\Program Files\Python313\Lib\socketserver.py", line 766, in __init__
    self.handle()
    ~~~~~~~~~~~^^
  File "C:\Program Files\Python313\Lib\http\server.py", line 436, in handle
    self.handle_one_request()
    ~~~~~~~~~~~~~~~~~~~~~~~^^
  File "C:\Program Files\Python313\Lib\http\server.py", line 424, in handle_one_request
    method()
    ~~~~~~^^
  File "E:\Code\AideanCompany\fleet\console\console.py", line 1810, in do_GET
    self._json(fleet_health())
    ~~~~~~~~~~^^^^^^^^^^^^^^^^
  File "E:\Code\AideanCompany\fleet\console\console.py", line 1652, in _json
    self.wfile.write(b)
    ~~~~~~~~~~~~~~~~^^^
  File "C:\Program Files\Python313\Lib\socketserver.py", line 845, in write
    self._sock.sendall(b)
    ~~~~~~~~~~~~~~~~~~^^^
ConnectionAbortedError: [WinError 10053] ä½ çš„ä¸»æœºä¸­çš„è½¯ä»¶ä¸­æ­¢äº†ä¸€ä¸ªå·²å»ºç«‹çš„è¿žæŽ¥ã€‚
----------------------------------------
----------------------------------------
Exception occurred during processing of request from ('127.0.0.1', 59247)
Traceback (most recent call last):
  File "C:\Program Files\Python313\Lib\socketserver.py", line 697, in process_request_thread
    self.finish_request(request, client_address)
    ~~~~~~~~~~~~~~~~~~~^^^^^^^^^^^^^^^^^^^^^^^^^
  File "C:\Program Files\Python313\Lib\socketserver.py", line 362, in finish_request
    self.RequestHandlerClass(request, client_address, self)
    ~~~~~~~~~~~~~~~~~~~~~~~~^^^^^^^^^^^^^^^^^^^^^^^^^^^^^^^
  File "C:\Program Files\Python313\Lib\socketserver.py", line 766, in __init__
    self.handle()
    ~~~~~~~~~~~^^
  File "C:\Program Files\Python313\Lib\http\server.py", line 436, in handle
    self.handle_one_request()
    ~~~~~~~~~~~~~~~~~~~~~~~^^
  File "C:\Program Files\Python313\Lib\http\server.py", line 424, in handle_one_request
    method()
    ~~~~~~^^
  File "E:\Code\AideanCompany\fleet\console\console.py", line 1810, in do_GET
    self._json(fleet_health())
    ~~~~~~~~~~^^^^^^^^^^^^^^^^
  File "E:\Code\AideanCompany\fleet\console\console.py", line 1652, in _json
    self.wfile.write(b)
    ~~~~~~~~~~~~~~~~^^^
  File "C:\Program Files\Python313\Lib\socketserver.py", line 845, in write
    self._sock.sendall(b)
    ~~~~~~~~~~~~~~~~~~^^^
ConnectionAbortedError: [WinError 10053] ä½ çš„ä¸»æœºä¸­çš„è½¯ä»¶ä¸­æ­¢äº†ä¸€ä¸ªå·²å»ºç«‹çš„è¿žæŽ¥ã€‚
----------------------------------------
----------------------------------------
Exception occurred during processing of request from ('127.0.0.1', 59265)
Traceback (most recent call last):
  File "C:\Program Files\Python313\Lib\socketserver.py", line 697, in process_request_thread
    self.finish_request(request, client_address)
    ~~~~~~~~~~~~~~~~~~~^^^^^^^^^^^^^^^^^^^^^^^^^
  File "C:\Program Files\Python313\Lib\socketserver.py", line 362, in finish_request
    self.RequestHandlerClass(request, client_address, self)
    ~~~~~~~~~~~~~~~~~~~~~~~~^^^^^^^^^^^^^^^^^^^^^^^^^^^^^^^
  File "C:\Program Files\Python313\Lib\socketserver.py", line 766, in __init__
    self.handle()
    ~~~~~~~~~~~^^
  File "C:\Program Files\Python313\Lib\http\server.py", line 436, in handle
    self.handle_one_request()
    ~~~~~~~~~~~~~~~~~~~~~~~^^
  File "C:\Program Files\Python313\Lib\http\server.py", line 424, in handle_one_request
    method()
    ~~~~~~^^
  File "E:\Code\AideanCompany\fleet\console\console.py", line 1810, in do_GET
    self._json(fleet_health())
    ~~~~~~~~~~^^^^^^^^^^^^^^^^
  File "E:\Code\AideanCompany\fleet\console\console.py", line 1652, in _json
    self.wfile.write(b)
    ~~~~~~~~~~~~~~~~^^^
  File "C:\Program Files\Python313\Lib\socketserver.py", line 845, in write
    self._sock.sendall(b)
    ~~~~~~~~~~~~~~~~~~^^^
ConnectionAbortedError: [WinError 10053] ä½ çš„ä¸»æœºä¸­çš„è½¯ä»¶ä¸­æ­¢äº†ä¸€ä¸ªå·²å»ºç«‹çš„è¿žæŽ¥ã€‚
----------------------------------------
----------------------------------------
Exception occurred during processing of request from ('127.0.0.1', 64070)
Traceback (most recent call last):
  File "C:\Program Files\Python313\Lib\socketserver.py", line 697, in process_request_thread
    self.finish_request(request, client_address)
    ~~~~~~~~~~~~~~~~~~~^^^^^^^^^^^^^^^^^^^^^^^^^
  File "C:\Program Files\Python313\Lib\socketserver.py", line 362, in finish_request
    self.RequestHandlerClass(request, client_address, self)
    ~~~~~~~~~~~~~~~~~~~~~~~~^^^^^^^^^^^^^^^^^^^^^^^^^^^^^^^
  File "C:\Program Files\Python313\Lib\socketserver.py", line 766, in __init__
    self.handle()
    ~~~~~~~~~~~^^
  File "C:\Program Files\Python313\Lib\http\server.py", line 436, in handle
    self.handle_one_request()
    ~~~~~~~~~~~~~~~~~~~~~~~^^
  File "C:\Program Files\Python313\Lib\http\server.py", line 424, in handle_one_request
    method()
    ~~~~~~^^
  File "E:\Code\AideanCompany\fleet\console\console.py", line 1810, in do_GET
    self._json(fleet_health())
    ~~~~~~~~~~^^^^^^^^^^^^^^^^
  File "E:\Code\AideanCompany\fleet\console\console.py", line 1652, in _json
    self.wfile.write(b)
    ~~~~~~~~~~~~~~~~^^^
  File "C:\Program Files\Python313\Lib\socketserver.py", line 845, in write
    self._sock.sendall(b)
    ~~~~~~~~~~~~~~~~~~^^^
ConnectionAbortedError: [WinError 10053] ä½ çš„ä¸»æœºä¸­çš„è½¯ä»¶ä¸­æ­¢äº†ä¸€ä¸ªå·²å»ºç«‹çš„è¿žæŽ¥ã€‚
----------------------------------------
----------------------------------------
Exception occurred during processing of request from ('127.0.0.1', 60876)
Traceback (most recent call last):
  File "C:\Program Files\Python313\Lib\socketserver.py", line 697, in process_request_thread
    self.finish_request(request, client_address)
    ~~~~~~~~~~~~~~~~~~~^^^^^^^^^^^^^^^^^^^^^^^^^
  File "C:\Program Files\Python313\Lib\socketserver.py", line 362, in finish_request
    self.RequestHandlerClass(request, client_address, self)
    ~~~~~~~~~~~~~~~~~~~~~~~~^^^^^^^^^^^^^^^^^^^^^^^^^^^^^^^
  File "C:\Program Files\Python313\Lib\socketserver.py", line 766, in __init__
    self.handle()
    ~~~~~~~~~~~^^
  File "C:\Program Files\Python313\Lib\http\server.py", line 436, in handle
    self.handle_one_request()
    ~~~~~~~~~~~~~~~~~~~~~~~^^
  File "C:\Program Files\Python313\Lib\http\server.py", line 424, in handle_one_request
    method()
    ~~~~~~^^
  File "E:\Code\AideanCompany\fleet\console\console.py", line 1810, in do_GET
    self._json(fleet_health())
    ~~~~~~~~~~^^^^^^^^^^^^^^^^
  File "E:\Code\AideanCompany\fleet\console\console.py", line 1652, in _json
    self.wfile.write(b)
    ~~~~~~~~~~~~~~~~^^^
  File "C:\Program Files\Python313\Lib\socketserver.py", line 845, in write
    self._sock.sendall(b)
    ~~~~~~~~~~~~~~~~~~^^^
ConnectionAbortedError: [WinError 10053] ä½ çš„ä¸»æœºä¸­çš„è½¯ä»¶ä¸­æ­¢äº†ä¸€ä¸ªå·²å»ºç«‹çš„è¿žæŽ¥ã€‚
----------------------------------------
----------------------------------------
Exception occurred during processing of request from ('127.0.0.1', 62426)
Traceback (most recent call last):
  File "C:\Program Files\Python313\Lib\socketserver.py", line 697, in process_request_thread
    self.finish_request(request, client_address)
    ~~~~~~~~~~~~~~~~~~~^^^^^^^^^^^^^^^^^^^^^^^^^
  File "C:\Program Files\Python313\Lib\socketserver.py", line 362, in finish_request
    self.RequestHandlerClass(request, client_address, self)
    ~~~~~~~~~~~~~~~~~~~~~~~~^^^^^^^^^^^^^^^^^^^^^^^^^^^^^^^
  File "C:\Program Files\Python313\Lib\socketserver.py", line 766, in __init__
    self.handle()
    ~~~~~~~~~~~^^
  File "C:\Program Files\Python313\Lib\http\server.py", line 436, in handle
    self.handle_one_request()
    ~~~~~~~~~~~~~~~~~~~~~~~^^
  File "C:\Program Files\Python313\Lib\http\server.py", line 424, in handle_one_request
    method()
    ~~~~~~^^
  File "E:\Code\AideanCompany\fleet\console\console.py", line 1810, in do_GET
    self._json(fleet_health())
    ~~~~~~~~~~^^^^^^^^^^^^^^^^
  File "E:\Code\AideanCompany\fleet\console\console.py", line 1652, in _json
    self.wfile.write(b)
    ~~~~~~~~~~~~~~~~^^^
  File "C:\Program Files\Python313\Lib\socketserver.py", line 845, in write
    self._sock.sendall(b)
    ~~~~~~~~~~~~~~~~~~^^^
ConnectionAbortedError: [WinError 10053] ä½ çš„ä¸»æœºä¸­çš„è½¯ä»¶ä¸­æ­¢äº†ä¸€ä¸ªå·²å»ºç«‹çš„è¿žæŽ¥ã€‚
----------------------------------------
----------------------------------------
Exception occurred during processing of request from ('127.0.0.1', 61803)
Traceback (most recent call last):
  File "C:\Program Files\Python313\Lib\socketserver.py", line 697, in process_request_thread
    self.finish_request(request, client_address)
    ~~~~~~~~~~~~~~~~~~~^^^^^^^^^^^^^^^^^^^^^^^^^
  File "C:\Program Files\Python313\Lib\socketserver.py", line 362, in finish_request
    self.RequestHandlerClass(request, client_address, self)
    ~~~~~~~~~~~~~~~~~~~~~~~~^^^^^^^^^^^^^^^^^^^^^^^^^^^^^^^
  File "C:\Program Files\Python313\Lib\socketserver.py", line 766, in __init__
    self.handle()
    ~~~~~~~~~~~^^
  File "C:\Program Files\Python313\Lib\http\server.py", line 436, in handle
    self.handle_one_request()
    ~~~~~~~~~~~~~~~~~~~~~~~^^
  File "C:\Program Files\Python313\Lib\http\server.py", line 424, in handle_one_request
    method()
    ~~~~~~^^
  File "E:\Code\AideanCompany\fleet\console\console.py", line 1810, in do_GET
    self._json(fleet_health())
    ~~~~~~~~~~^^^^^^^^^^^^^^^^
  File "E:\Code\AideanCompany\fleet\console\console.py", line 1652, in _json
    self.wfile.write(b)
    ~~~~~~~~~~~~~~~~^^^
  File "C:\Program Files\Python313\Lib\socketserver.py", line 845, in write
    self._sock.sendall(b)
    ~~~~~~~~~~~~~~~~~~^^^
ConnectionAbortedError: [WinError 10053] ä½ çš„ä¸»æœºä¸­çš„è½¯ä»¶ä¸­æ­¢äº†ä¸€ä¸ªå·²å»ºç«‹çš„è¿žæŽ¥ã€‚
----------------------------------------
----------------------------------------
Exception occurred during processing of request from ('127.0.0.1', 57720)
Traceback (most recent call last):
  File "C:\Program Files\Python313\Lib\socketserver.py", line 697, in process_request_thread
    self.finish_request(request, client_address)
    ~~~~~~~~~~~~~~~~~~~^^^^^^^^^^^^^^^^^^^^^^^^^
  File "C:\Program Files\Python313\Lib\socketserver.py", line 362, in finish_request
    self.RequestHandlerClass(request, client_address, self)
    ~~~~~~~~~~~~~~~~~~~~~~~~^^^^^^^^^^^^^^^^^^^^^^^^^^^^^^^
  File "C:\Program Files\Python313\Lib\socketserver.py", line 766, in __init__
    self.handle()
    ~~~~~~~~~~~^^
  File "C:\Program Files\Python313\Lib\http\server.py", line 436, in handle
    self.handle_one_request()
    ~~~~~~~~~~~~~~~~~~~~~~~^^
  File "C:\Program Files\Python313\Lib\http\server.py", line 424, in handle_one_request
    method()
    ~~~~~~^^
  File "E:\Code\AideanCompany\fleet\console\console.py", line 1810, in do_GET
    self._json(fleet_health())
    ~~~~~~~~~~^^^^^^^^^^^^^^^^
  File "E:\Code\AideanCompany\fleet\console\console.py", line 1652, in _json
    self.wfile.write(b)
    ~~~~~~~~~~~~~~~~^^^
  File "C:\Program Files\Python313\Lib\socketserver.py", line 845, in write
    self._sock.sendall(b)
    ~~~~~~~~~~~~~~~~~~^^^
ConnectionAbortedError: [WinError 10053] ä½ çš„ä¸»æœºä¸­çš„è½¯ä»¶ä¸­æ­¢äº†ä¸€ä¸ªå·²å»ºç«‹çš„è¿žæŽ¥ã€‚
----------------------------------------
----------------------------------------
Exception occurred during processing of request from ('127.0.0.1', 60743)
Traceback (most recent call last):
  File "C:\Program Files\Python313\Lib\socketserver.py", line 697, in process_request_thread
    self.finish_request(request, client_address)
    ~~~~~~~~~~~~~~~~~~~^^^^^^^^^^^^^^^^^^^^^^^^^
  File "C:\Program Files\Python313\Lib\socketserver.py", line 362, in finish_request
    self.RequestHandlerClass(request, client_address, self)
    ~~~~~~~~~~~~~~~~~~~~~~~~^^^^^^^^^^^^^^^^^^^^^^^^^^^^^^^
  File "C:\Program Files\Python313\Lib\socketserver.py", line 766, in __init__
    self.handle()
    ~~~~~~~~~~~^^
  File "C:\Program Files\Python313\Lib\http\server.py", line 436, in handle
    self.handle_one_request()
    ~~~~~~~~~~~~~~~~~~~~~~~^^
  File "C:\Program Files\Python313\Lib\http\server.py", line 424, in handle_one_request
    method()
    ~~~~~~^^
  File "E:\Code\AideanCompany\fleet\console\console.py", line 1810, in do_GET
    self._json(fleet_health())
    ~~~~~~~~~~^^^^^^^^^^^^^^^^
  File "E:\Code\AideanCompany\fleet\console\console.py", line 1652, in _json
    self.wfile.write(b)
    ~~~~~~~~~~~~~~~~^^^
  File "C:\Program Files\Python313\Lib\socketserver.py", line 845, in write
    self._sock.sendall(b)
    ~~~~~~~~~~~~~~~~~~^^^
ConnectionAbortedError: [WinError 10053] ä½ çš„ä¸»æœºä¸­çš„è½¯ä»¶ä¸­æ­¢äº†ä¸€ä¸ªå·²å»ºç«‹çš„è¿žæŽ¥ã€‚
----------------------------------------
----------------------------------------
Exception occurred during processing of request from ('127.0.0.1', 56275)
Traceback (most recent call last):
  File "C:\Program Files\Python313\Lib\socketserver.py", line 697, in process_request_thread
    self.finish_request(request, client_address)
    ~~~~~~~~~~~~~~~~~~~^^^^^^^^^^^^^^^^^^^^^^^^^
  File "C:\Program Files\Python313\Lib\socketserver.py", line 362, in finish_request
    self.RequestHandlerClass(request, client_address, self)
    ~~~~~~~~~~~~~~~~~~~~~~~~^^^^^^^^^^^^^^^^^^^^^^^^^^^^^^^
  File "C:\Program Files\Python313\Lib\socketserver.py", line 766, in __init__
    self.handle()
    ~~~~~~~~~~~^^
  File "C:\Program Files\Python313\Lib\http\server.py", line 436, in handle
    self.handle_one_request()
    ~~~~~~~~~~~~~~~~~~~~~~~^^
  File "C:\Program Files\Python313\Lib\http\server.py", line 424, in handle_one_request
    method()
    ~~~~~~^^
  File "E:\Code\AideanCompany\fleet\console\console.py", line 1810, in do_GET
    self._json(fleet_health())
    ~~~~~~~~~~^^^^^^^^^^^^^^^^
  File "E:\Code\AideanCompany\fleet\console\console.py", line 1652, in _json
    self.wfile.write(b)
    ~~~~~~~~~~~~~~~~^^^
  File "C:\Program Files\Python313\Lib\socketserver.py", line 845, in write
    self._sock.sendall(b)
    ~~~~~~~~~~~~~~~~~~^^^
ConnectionAbortedError: [WinError 10053] ä½ çš„ä¸»æœºä¸­çš„è½¯ä»¶ä¸­æ­¢äº†ä¸€ä¸ªå·²å»ºç«‹çš„è¿žæŽ¥ã€‚
----------------------------------------
----------------------------------------
Exception occurred during processing of request from ('127.0.0.1', 59790)
Traceback (most recent call last):
  File "C:\Program Files\Python313\Lib\socketserver.py", line 697, in process_request_thread
    self.finish_request(request, client_address)
    ~~~~~~~~~~~~~~~~~~~^^^^^^^^^^^^^^^^^^^^^^^^^
  File "C:\Program Files\Python313\Lib\socketserver.py", line 362, in finish_request
    self.RequestHandlerClass(request, client_address, self)
    ~~~~~~~~~~~~~~~~~~~~~~~~^^^^^^^^^^^^^^^^^^^^^^^^^^^^^^^
  File "C:\Program Files\Python313\Lib\socketserver.py", line 766, in __init__
    self.handle()
    ~~~~~~~~~~~^^
  File "C:\Program Files\Python313\Lib\http\server.py", line 436, in handle
    self.handle_one_request()
    ~~~~~~~~~~~~~~~~~~~~~~~^^
  File "C:\Program Files\Python313\Lib\http\server.py", line 424, in handle_one_request
    method()
    ~~~~~~^^
  File "E:\Code\AideanCompany\fleet\console\console.py", line 1810, in do_GET
    self._json(fleet_health())
    ~~~~~~~~~~^^^^^^^^^^^^^^^^
  File "E:\Code\AideanCompany\fleet\console\console.py", line 1652, in _json
    self.wfile.write(b)
    ~~~~~~~~~~~~~~~~^^^
  File "C:\Program Files\Python313\Lib\socketserver.py", line 845, in write
    self._sock.sendall(b)
    ~~~~~~~~~~~~~~~~~~^^^
ConnectionAbortedError: [WinError 10053] ä½ çš„ä¸»æœºä¸­çš„è½¯ä»¶ä¸­æ­¢äº†ä¸€ä¸ªå·²å»ºç«‹çš„è¿žæŽ¥ã€‚
----------------------------------------
----------------------------------------
Exception occurred during processing of request from ('127.0.0.1', 59831)
Traceback (most recent call last):
  File "C:\Program Files\Python313\Lib\socketserver.py", line 697, in process_request_thread
    self.finish_request(request, client_address)
    ~~~~~~~~~~~~~~~~~~~^^^^^^^^^^^^^^^^^^^^^^^^^
  File "C:\Program Files\Python313\Lib\socketserver.py", line 362, in finish_request
    self.RequestHandlerClass(request, client_address, self)
    ~~~~~~~~~~~~~~~~~~~~~~~~^^^^^^^^^^^^^^^^^^^^^^^^^^^^^^^
  File "C:\Program Files\Python313\Lib\socketserver.py", line 766, in __init__
    self.handle()
    ~~~~~~~~~~~^^
  File "C:\Program Files\Python313\Lib\http\server.py", line 436, in handle
    self.handle_one_request()
    ~~~~~~~~~~~~~~~~~~~~~~~^^
  File "C:\Program Files\Python313\Lib\http\server.py", line 424, in handle_one_request
    method()
    ~~~~~~^^
  File "E:\Code\AideanCompany\fleet\console\console.py", line 1810, in do_GET
    self._json(fleet_health())
    ~~~~~~~~~~^^^^^^^^^^^^^^^^
  File "E:\Code\AideanCompany\fleet\console\console.py", line 1652, in _json
    self.wfile.write(b)
    ~~~~~~~~~~~~~~~~^^^
  File "C:\Program Files\Python313\Lib\socketserver.py", line 845, in write
    self._sock.sendall(b)
    ~~~~~~~~~~~~~~~~~~^^^
ConnectionAbortedError: [WinError 10053] ä½ çš„ä¸»æœºä¸­çš„è½¯ä»¶ä¸­æ­¢äº†ä¸€ä¸ªå·²å»ºç«‹çš„è¿žæŽ¥ã€‚
----------------------------------------
----------------------------------------
Exception occurred during processing of request from ('127.0.0.1', 52241)
Traceback (most recent call last):
  File "C:\Program Files\Python313\Lib\socketserver.py", line 697, in process_request_thread
    self.finish_request(request, client_address)
    ~~~~~~~~~~~~~~~~~~~^^^^^^^^^^^^^^^^^^^^^^^^^
  File "C:\Program Files\Python313\Lib\socketserver.py", line 362, in finish_request
    self.RequestHandlerClass(request, client_address, self)
    ~~~~~~~~~~~~~~~~~~~~~~~~^^^^^^^^^^^^^^^^^^^^^^^^^^^^^^^
  File "C:\Program Files\Python313\Lib\socketserver.py", line 766, in __init__
    self.handle()
    ~~~~~~~~~~~^^
  File "C:\Program Files\Python313\Lib\http\server.py", line 436, in handle
    self.handle_one_request()
    ~~~~~~~~~~~~~~~~~~~~~~~^^
  File "C:\Program Files\Python313\Lib\http\server.py", line 424, in handle_one_request
    method()
    ~~~~~~^^
  File "E:\Code\AideanCompany\fleet\console\console.py", line 1810, in do_GET
    self._json(fleet_health())
    ~~~~~~~~~~^^^^^^^^^^^^^^^^
  File "E:\Code\AideanCompany\fleet\console\console.py", line 1652, in _json
    self.wfile.write(b)
    ~~~~~~~~~~~~~~~~^^^
  File "C:\Program Files\Python313\Lib\socketserver.py", line 845, in write
    self._sock.sendall(b)
    ~~~~~~~~~~~~~~~~~~^^^
ConnectionAbortedError: [WinError 10053] ä½ çš„ä¸»æœºä¸­çš„è½¯ä»¶ä¸­æ­¢äº†ä¸€ä¸ªå·²å»ºç«‹çš„è¿žæŽ¥ã€‚
----------------------------------------
----------------------------------------
Exception occurred during processing of request from ('127.0.0.1', 55554)
Traceback (most recent call last):
  File "C:\Program Files\Python313\Lib\socketserver.py", line 697, in process_request_thread
    self.finish_request(request, client_address)
    ~~~~~~~~~~~~~~~~~~~^^^^^^^^^^^^^^^^^^^^^^^^^
  File "C:\Program Files\Python313\Lib\socketserver.py", line 362, in finish_request
    self.RequestHandlerClass(request, client_address, self)
    ~~~~~~~~~~~~~~~~~~~~~~~~^^^^^^^^^^^^^^^^^^^^^^^^^^^^^^^
  File "C:\Program Files\Python313\Lib\socketserver.py", line 766, in __init__
    self.handle()
    ~~~~~~~~~~~^^
  File "C:\Program Files\Python313\Lib\http\server.py", line 436, in handle
    self.handle_one_request()
    ~~~~~~~~~~~~~~~~~~~~~~~^^
  File "C:\Program Files\Python313\Lib\http\server.py", line 424, in handle_one_request
    method()
    ~~~~~~^^
  File "E:\Code\AideanCompany\fleet\console\console.py", line 1810, in do_GET
    self._json(fleet_health())
    ~~~~~~~~~~^^^^^^^^^^^^^^^^
  File "E:\Code\AideanCompany\fleet\console\console.py", line 1652, in _json
    self.wfile.write(b)
    ~~~~~~~~~~~~~~~~^^^
  File "C:\Program Files\Python313\Lib\socketserver.py", line 845, in write
    self._sock.sendall(b)
    ~~~~~~~~~~~~~~~~~~^^^
ConnectionAbortedError: [WinError 10053] ä½ çš„ä¸»æœºä¸­çš„è½¯ä»¶ä¸­æ­¢äº†ä¸€ä¸ªå·²å»ºç«‹çš„è¿žæŽ¥ã€‚
----------------------------------------
----------------------------------------
Exception occurred during processing of request from ('127.0.0.1', 56961)
Traceback (most recent call last):
  File "C:\Program Files\Python313\Lib\socketserver.py", line 697, in process_request_thread
    self.finish_request(request, client_address)
    ~~~~~~~~~~~~~~~~~~~^^^^^^^^^^^^^^^^^^^^^^^^^
  File "C:\Program Files\Python313\Lib\socketserver.py", line 362, in finish_request
    self.RequestHandlerClass(request, client_address, self)
    ~~~~~~~~~~~~~~~~~~~~~~~~^^^^^^^^^^^^^^^^^^^^^^^^^^^^^^^
  File "C:\Program Files\Python313\Lib\socketserver.py", line 766, in __init__
    self.handle()
    ~~~~~~~~~~~^^
  File "C:\Program Files\Python313\Lib\http\server.py", line 436, in handle
    self.handle_one_request()
    ~~~~~~~~~~~~~~~~~~~~~~~^^
  File "C:\Program Files\Python313\Lib\http\server.py", line 424, in handle_one_request
    method()
    ~~~~~~^^
  File "E:\Code\AideanCompany\fleet\console\console.py", line 1810, in do_GET
    self._json(fleet_health())
    ~~~~~~~~~~^^^^^^^^^^^^^^^^
  File "E:\Code\AideanCompany\fleet\console\console.py", line 1652, in _json
    self.wfile.write(b)
    ~~~~~~~~~~~~~~~~^^^
  File "C:\Program Files\Python313\Lib\socketserver.py", line 845, in write
    self._sock.sendall(b)
    ~~~~~~~~~~~~~~~~~~^^^
ConnectionAbortedError: [WinError 10053] ä½ çš„ä¸»æœºä¸­çš„è½¯ä»¶ä¸­æ­¢äº†ä¸€ä¸ªå·²å»ºç«‹çš„è¿žæŽ¥ã€‚
----------------------------------------
----------------------------------------
Exception occurred during processing of request from ('127.0.0.1', 52554)
Traceback (most recent call last):
  File "C:\Program Files\Python313\Lib\socketserver.py", line 697, in process_request_thread
    self.finish_request(request, client_address)
    ~~~~~~~~~~~~~~~~~~~^^^^^^^^^^^^^^^^^^^^^^^^^
  File "C:\Program Files\Python313\Lib\socketserver.py", line 362, in finish_request
    self.RequestHandlerClass(request, client_address, self)
    ~~~~~~~~~~~~~~~~~~~~~~~~^^^^^^^^^^^^^^^^^^^^^^^^^^^^^^^
  File "C:\Program Files\Python313\Lib\socketserver.py", line 766, in __init__
    self.handle()
    ~~~~~~~~~~~^^
  File "C:\Program Files\Python313\Lib\http\server.py", line 436, in handle
    self.handle_one_request()
    ~~~~~~~~~~~~~~~~~~~~~~~^^
  File "C:\Program Files\Python313\Lib\http\server.py", line 424, in handle_one_request
    method()
    ~~~~~~^^
  File "E:\Code\AideanCompany\fleet\console\console.py", line 1810, in do_GET
    self._json(fleet_health())
    ~~~~~~~~~~^^^^^^^^^^^^^^^^
  File "E:\Code\AideanCompany\fleet\console\console.py", line 1652, in _json
    self.wfile.write(b)
    ~~~~~~~~~~~~~~~~^^^
  File "C:\Program Files\Python313\Lib\socketserver.py", line 845, in write
    self._sock.sendall(b)
    ~~~~~~~~~~~~~~~~~~^^^
ConnectionAbortedError: [WinError 10053] ä½ çš„ä¸»æœºä¸­çš„è½¯ä»¶ä¸­æ­¢äº†ä¸€ä¸ªå·²å»ºç«‹çš„è¿žæŽ¥ã€‚
----------------------------------------
----------------------------------------
Exception occurred during processing of request from ('127.0.0.1', 57984)
Traceback (most recent call last):
  File "C:\Program Files\Python313\Lib\socketserver.py", line 697, in process_request_thread
    self.finish_request(request, client_address)
    ~~~~~~~~~~~~~~~~~~~^^^^^^^^^^^^^^^^^^^^^^^^^
  File "C:\Program Files\Python313\Lib\socketserver.py", line 362, in finish_request
    self.RequestHandlerClass(request, client_address, self)
    ~~~~~~~~~~~~~~~~~~~~~~~~^^^^^^^^^^^^^^^^^^^^^^^^^^^^^^^
  File "C:\Program Files\Python313\Lib\socketserver.py", line 766, in __init__
    self.handle()
    ~~~~~~~~~~~^^
  File "C:\Program Files\Python313\Lib\http\server.py", line 436, in handle
    self.handle_one_request()
    ~~~~~~~~~~~~~~~~~~~~~~~^^
  File "C:\Program Files\Python313\Lib\http\server.py", line 424, in handle_one_request
    method()
    ~~~~~~^^
  File "E:\Code\AideanCompany\fleet\console\console.py", line 1810, in do_GET
    self._json(fleet_health())
    ~~~~~~~~~~^^^^^^^^^^^^^^^^
  File "E:\Code\AideanCompany\fleet\console\console.py", line 1652, in _json
    self.wfile.write(b)
    ~~~~~~~~~~~~~~~~^^^
  File "C:\Program Files\Python313\Lib\socketserver.py", line 845, in write
    self._sock.sendall(b)
    ~~~~~~~~~~~~~~~~~~^^^
ConnectionAbortedError: [WinError 10053] ä½ çš„ä¸»æœºä¸­çš„è½¯ä»¶ä¸­æ­¢äº†ä¸€ä¸ªå·²å»ºç«‹çš„è¿žæŽ¥ã€‚
----------------------------------------
----------------------------------------
Exception occurred during processing of request from ('127.0.0.1', 54376)
Traceback (most recent call last):
  File "C:\Program Files\Python313\Lib\socketserver.py", line 697, in process_request_thread
    self.finish_request(request, client_address)
    ~~~~~~~~~~~~~~~~~~~^^^^^^^^^^^^^^^^^^^^^^^^^
  File "C:\Program Files\Python313\Lib\socketserver.py", line 362, in finish_request
    self.RequestHandlerClass(request, client_address, self)
    ~~~~~~~~~~~~~~~~~~~~~~~~^^^^^^^^^^^^^^^^^^^^^^^^^^^^^^^
  File "C:\Program Files\Python313\Lib\socketserver.py", line 766, in __init__
    self.handle()
    ~~~~~~~~~~~^^
  File "C:\Program Files\Python313\Lib\http\server.py", line 436, in handle
    self.handle_one_request()
    ~~~~~~~~~~~~~~~~~~~~~~~^^
  File "C:\Program Files\Python313\Lib\http\server.py", line 424, in handle_one_request
    method()
    ~~~~~~^^
  File "E:\Code\AideanCompany\fleet\console\console.py", line 1810, in do_GET
    self._json(fleet_health())
    ~~~~~~~~~~^^^^^^^^^^^^^^^^
  File "E:\Code\AideanCompany\fleet\console\console.py", line 1652, in _json
    self.wfile.write(b)
    ~~~~~~~~~~~~~~~~^^^
  File "C:\Program Files\Python313\Lib\socketserver.py", line 845, in write
    self._sock.sendall(b)
    ~~~~~~~~~~~~~~~~~~^^^
ConnectionAbortedError: [WinError 10053] ä½ çš„ä¸»æœºä¸­çš„è½¯ä»¶ä¸­æ­¢äº†ä¸€ä¸ªå·²å»ºç«‹çš„è¿žæŽ¥ã€‚
----------------------------------------
----------------------------------------
Exception occurred during processing of request from ('127.0.0.1', 49765)
Traceback (most recent call last):
  File "C:\Program Files\Python313\Lib\socketserver.py", line 697, in process_request_thread
    self.finish_request(request, client_address)
    ~~~~~~~~~~~~~~~~~~~^^^^^^^^^^^^^^^^^^^^^^^^^
  File "C:\Program Files\Python313\Lib\socketserver.py", line 362, in finish_request
    self.RequestHandlerClass(request, client_address, self)
    ~~~~~~~~~~~~~~~~~~~~~~~~^^^^^^^^^^^^^^^^^^^^^^^^^^^^^^^
  File "C:\Program Files\Python313\Lib\socketserver.py", line 766, in __init__
    self.handle()
    ~~~~~~~~~~~^^
  File "C:\Program Files\Python313\Lib\http\server.py", line 436, in handle
    self.handle_one_request()
    ~~~~~~~~~~~~~~~~~~~~~~~^^
  File "C:\Program Files\Python313\Lib\http\server.py", line 424, in handle_one_request
    method()
    ~~~~~~^^
  File "E:\Code\AideanCompany\fleet\console\console.py", line 1777, in do_GET
    self._html(page_dashboard())
    ~~~~~~~~~~^^^^^^^^^^^^^^^^^^
  File "E:\Code\AideanCompany\fleet\console\console.py", line 1644, in _html
    self.wfile.write(b)
    ~~~~~~~~~~~~~~~~^^^
  File "C:\Program Files\Python313\Lib\socketserver.py", line 845, in write
    self._sock.sendall(b)
    ~~~~~~~~~~~~~~~~~~^^^
ConnectionAbortedError: [WinError 10053] ä½ çš„ä¸»æœºä¸­çš„è½¯ä»¶ä¸­æ­¢äº†ä¸€ä¸ªå·²å»ºç«‹çš„è¿žæŽ¥ã€‚
----------------------------------------
----------------------------------------
Exception occurred during processing of request from ('127.0.0.1', 59008)
Traceback (most recent call last):
  File "C:\Program Files\Python313\Lib\socketserver.py", line 697, in process_request_thread
    self.finish_request(request, client_address)
    ~~~~~~~~~~~~~~~~~~~^^^^^^^^^^^^^^^^^^^^^^^^^
  File "C:\Program Files\Python313\Lib\socketserver.py", line 362, in finish_request
    self.RequestHandlerClass(request, client_address, self)
    ~~~~~~~~~~~~~~~~~~~~~~~~^^^^^^^^^^^^^^^^^^^^^^^^^^^^^^^
  File "C:\Program Files\Python313\Lib\socketserver.py", line 766, in __init__
    self.handle()
    ~~~~~~~~~~~^^
  File "C:\Program Files\Python313\Lib\http\server.py", line 436, in handle
    self.handle_one_request()
    ~~~~~~~~~~~~~~~~~~~~~~~^^
  File "C:\Program Files\Python313\Lib\http\server.py", line 424, in handle_one_request
    method()
    ~~~~~~^^
  File "E:\Code\AideanCompany\fleet\console\console.py", line 1810, in do_GET
  File "E:\Code\AideanCompany\fleet\console\console.py", line 1652, in _json
    <div class=field><label>æˆ–æ–°å»ºé¡¹ç›®åï¼ˆç•™ç©ºé¡¹ç›®ä¸‹æ‹‰åˆ™å¿½ç•¥ï¼‰</label><input name=new_project placeholder="å¦‚ï¼šTest0912-è´ªåƒè›‡"></div>
            ^^^^^^^^^^^^^^^^^^
  File "C:\Program Files\Python313\Lib\socketserver.py", line 845, in write
    self._sock.sendall(b)
    ~~~~~~~~~~~~~~~~~~^^^
ConnectionAbortedError: [WinError 10053] ä½ çš„ä¸»æœºä¸­çš„è½¯ä»¶ä¸­æ­¢äº†ä¸€ä¸ªå·²å»ºç«‹çš„è¿žæŽ¥ã€‚
----------------------------------------
----------------------------------------
Exception occurred during processing of request from ('127.0.0.1', 50881)
Traceback (most recent call last):
  File "C:\Program Files\Python313\Lib\socketserver.py", line 697, in process_request_thread
    self.finish_request(request, client_address)
    ~~~~~~~~~~~~~~~~~~~^^^^^^^^^^^^^^^^^^^^^^^^^
  File "C:\Program Files\Python313\Lib\socketserver.py", line 362, in finish_request
    self.RequestHandlerClass(request, client_address, self)
    ~~~~~~~~~~~~~~~~~~~~~~~~^^^^^^^^^^^^^^^^^^^^^^^^^^^^^^^
  File "C:\Program Files\Python313\Lib\socketserver.py", line 766, in __init__
    self.handle()
    ~~~~~~~~~~~^^
  File "C:\Program Files\Python313\Lib\http\server.py", line 436, in handle
    self.handle_one_request()
    ~~~~~~~~~~~~~~~~~~~~~~~^^
  File "C:\Program Files\Python313\Lib\http\server.py", line 424, in handle_one_request
    method()
    ~~~~~~^^
  File "E:\Code\AideanCompany\fleet\console\console.py", line 1810, in do_GET
  File "E:\Code\AideanCompany\fleet\console\console.py", line 1652, in _json
    <div class=field><label>æˆ–æ–°å»ºé¡¹ç›®åï¼ˆç•™ç©ºé¡¹ç›®ä¸‹æ‹‰åˆ™å¿½ç•¥ï¼‰</label><input name=new_project placeholder="å¦‚ï¼šTest0912-è´ªåƒè›‡"></div>
            ^^^^^^^^^^^^^^^^^^
  File "C:\Program Files\Python313\Lib\socketserver.py", line 845, in write
    self._sock.sendall(b)
    ~~~~~~~~~~~~~~~~~~^^^
ConnectionAbortedError: [WinError 10053] ä½ çš„ä¸»æœºä¸­çš„è½¯ä»¶ä¸­æ­¢äº†ä¸€ä¸ªå·²å»ºç«‹çš„è¿žæŽ¥ã€‚
----------------------------------------
----------------------------------------
Exception occurred during processing of request from ('127.0.0.1', 54882)
Traceback (most recent call last):
  File "C:\Program Files\Python313\Lib\socketserver.py", line 697, in process_request_thread
    self.finish_request(request, client_address)
    ~~~~~~~~~~~~~~~~~~~^^^^^^^^^^^^^^^^^^^^^^^^^
  File "C:\Program Files\Python313\Lib\socketserver.py", line 362, in finish_request
    self.RequestHandlerClass(request, client_address, self)
    ~~~~~~~~~~~~~~~~~~~~~~~~^^^^^^^^^^^^^^^^^^^^^^^^^^^^^^^
  File "C:\Program Files\Python313\Lib\socketserver.py", line 766, in __init__
    self.handle()
    ~~~~~~~~~~~^^
  File "C:\Program Files\Python313\Lib\http\server.py", line 436, in handle
    self.handle_one_request()
    ~~~~~~~~~~~~~~~~~~~~~~~^^
  File "C:\Program Files\Python313\Lib\http\server.py", line 424, in handle_one_request
    method()
    ~~~~~~^^
  File "E:\Code\AideanCompany\fleet\console\console.py", line 1810, in do_GET
    "tasks": len(tasks()["tasks"]), "roots": ALLOWED_ROOTS,
    ^^^^^^^^^^^^^^^^^^^^^^^^^^
  File "E:\Code\AideanCompany\fleet\console\console.py", line 1652, in _json
    r = roster()
  File "C:\Program Files\Python313\Lib\socketserver.py", line 845, in write
    self._sock.sendall(b)
    ~~~~~~~~~~~~~~~~~~^^^
ConnectionAbortedError: [WinError 10053] ä½ çš„ä¸»æœºä¸­çš„è½¯ä»¶ä¸­æ­¢äº†ä¸€ä¸ªå·²å»ºç«‹çš„è¿žæŽ¥ã€‚
----------------------------------------
----------------------------------------
Exception occurred during processing of request from ('127.0.0.1', 54927)
Traceback (most recent call last):
  File "C:\Program Files\Python313\Lib\socketserver.py", line 697, in process_request_thread
    self.finish_request(request, client_address)
    ~~~~~~~~~~~~~~~~~~~^^^^^^^^^^^^^^^^^^^^^^^^^
  File "C:\Program Files\Python313\Lib\socketserver.py", line 362, in finish_request
    self.RequestHandlerClass(request, client_address, self)
    ~~~~~~~~~~~~~~~~~~~~~~~~^^^^^^^^^^^^^^^^^^^^^^^^^^^^^^^
  File "C:\Program Files\Python313\Lib\socketserver.py", line 766, in __init__
    self.handle()
    ~~~~~~~~~~~^^
  File "C:\Program Files\Python313\Lib\http\server.py", line 436, in handle
    self.handle_one_request()
    ~~~~~~~~~~~~~~~~~~~~~~~^^
  File "C:\Program Files\Python313\Lib\http\server.py", line 424, in handle_one_request
    method()
    ~~~~~~^^
  File "E:\Code\AideanCompany\fleet\console\console.py", line 1810, in do_GET
    "tasks": len(tasks()["tasks"]), "roots": ALLOWED_ROOTS,
    ^^^^^^^^^^^^^^^^^^^^^^^^^^
  File "E:\Code\AideanCompany\fleet\console\console.py", line 1652, in _json
    r = roster()
  File "C:\Program Files\Python313\Lib\socketserver.py", line 845, in write
    self._sock.sendall(b)
    ~~~~~~~~~~~~~~~~~~^^^
ConnectionAbortedError: [WinError 10053] ä½ çš„ä¸»æœºä¸­çš„è½¯ä»¶ä¸­æ­¢äº†ä¸€ä¸ªå·²å»ºç«‹çš„è¿žæŽ¥ã€‚
----------------------------------------
----------------------------------------
Exception occurred during processing of request from ('127.0.0.1', 61479)
Traceback (most recent call last):
  File "C:\Program Files\Python313\Lib\socketserver.py", line 697, in process_request_thread
    self.finish_request(request, client_address)
    ~~~~~~~~~~~~~~~~~~~^^^^^^^^^^^^^^^^^^^^^^^^^
  File "C:\Program Files\Python313\Lib\socketserver.py", line 362, in finish_request
    self.RequestHandlerClass(request, client_address, self)
    ~~~~~~~~~~~~~~~~~~~~~~~~^^^^^^^^^^^^^^^^^^^^^^^^^^^^^^^
  File "C:\Program Files\Python313\Lib\socketserver.py", line 766, in __init__
    self.handle()
    ~~~~~~~~~~~^^
  File "C:\Program Files\Python313\Lib\http\server.py", line 436, in handle
    self.handle_one_request()
    ~~~~~~~~~~~~~~~~~~~~~~~^^
  File "C:\Program Files\Python313\Lib\http\server.py", line 424, in handle_one_request
    method()
    ~~~~~~^^
  File "E:\Code\AideanCompany\fleet\console\console.py", line 1810, in do_GET
    "tasks": len(tasks()["tasks"]), "roots": ALLOWED_ROOTS,
    ^^^^^^^^^^^^^^^^^^^^^^^^^^
  File "E:\Code\AideanCompany\fleet\console\console.py", line 1652, in _json
    r = roster()
  File "C:\Program Files\Python313\Lib\socketserver.py", line 845, in write
    self._sock.sendall(b)
    ~~~~~~~~~~~~~~~~~~^^^
ConnectionAbortedError: [WinError 10053] ä½ çš„ä¸»æœºä¸­çš„è½¯ä»¶ä¸­æ­¢äº†ä¸€ä¸ªå·²å»ºç«‹çš„è¿žæŽ¥ã€‚
----------------------------------------
----------------------------------------
Exception occurred during processing of request from ('127.0.0.1', 50744)
Traceback (most recent call last):
  File "C:\Program Files\Python313\Lib\socketserver.py", line 697, in process_request_thread
    self.finish_request(request, client_address)
    ~~~~~~~~~~~~~~~~~~~^^^^^^^^^^^^^^^^^^^^^^^^^
  File "C:\Program Files\Python313\Lib\socketserver.py", line 362, in finish_request
    self.RequestHandlerClass(request, client_address, self)
    ~~~~~~~~~~~~~~~~~~~~~~~~^^^^^^^^^^^^^^^^^^^^^^^^^^^^^^^
  File "C:\Program Files\Python313\Lib\socketserver.py", line 766, in __init__
    self.handle()
    ~~~~~~~~~~~^^
  File "C:\Program Files\Python313\Lib\http\server.py", line 436, in handle
    self.handle_one_request()
    ~~~~~~~~~~~~~~~~~~~~~~~^^
  File "C:\Program Files\Python313\Lib\http\server.py", line 424, in handle_one_request
    method()
    ~~~~~~^^
  File "E:\Code\AideanCompany\fleet\console\console.py", line 1777, in do_GET
    path = FLEET / "reports" / f"{project_id}-completion-{datetime.now().strftime('%Y%m%d-%H%M%S')}.md"
            ^^^^^^^^^^^^^^^^^^^^^^^^^^^^
  File "E:\Code\AideanCompany\fleet\console\console.py", line 1644, in _html
    <div class=field><label>æ¨¡åž‹ base_url</label><input name=base_url required></div>
            ^^^^^^^^^^^^^^^^^^
  File "C:\Program Files\Python313\Lib\socketserver.py", line 845, in write
    self._sock.sendall(b)
    ~~~~~~~~~~~~~~~~~~^^^
ConnectionAbortedError: [WinError 10053] ä½ çš„ä¸»æœºä¸­çš„è½¯ä»¶ä¸­æ­¢äº†ä¸€ä¸ªå·²å»ºç«‹çš„è¿žæŽ¥ã€‚
----------------------------------------
----------------------------------------
Exception occurred during processing of request from ('127.0.0.1', 51341)
Traceback (most recent call last):
  File "C:\Program Files\Python313\Lib\socketserver.py", line 697, in process_request_thread
    self.finish_request(request, client_address)
    ~~~~~~~~~~~~~~~~~~~^^^^^^^^^^^^^^^^^^^^^^^^^
  File "C:\Program Files\Python313\Lib\socketserver.py", line 362, in finish_request
    self.RequestHandlerClass(request, client_address, self)
    ~~~~~~~~~~~~~~~~~~~~~~~~^^^^^^^^^^^^^^^^^^^^^^^^^^^^^^^
  File "C:\Program Files\Python313\Lib\socketserver.py", line 766, in __init__
    self.handle()
    ~~~~~~~~~~~^^
  File "C:\Program Files\Python313\Lib\http\server.py", line 436, in handle
    self.handle_one_request()
    ~~~~~~~~~~~~~~~~~~~~~~~^^
  File "C:\Program Files\Python313\Lib\http\server.py", line 424, in handle_one_request
    method()
    ~~~~~~^^
  File "E:\Code\AideanCompany\fleet\console\console.py", line 1777, in do_GET
    path = FLEET / "reports" / f"{project_id}-completion-{datetime.now().strftime('%Y%m%d-%H%M%S')}.md"
            ^^^^^^^^^^^^^^^^^^^^^^^^^^^^
  File "E:\Code\AideanCompany\fleet\console\console.py", line 1644, in _html
    <div class=field><label>æ¨¡åž‹ base_url</label><input name=base_url required></div>
            ^^^^^^^^^^^^^^^^^^
  File "C:\Program Files\Python313\Lib\socketserver.py", line 845, in write
    self._sock.sendall(b)
    ~~~~~~~~~~~~~~~~~~^^^
ConnectionAbortedError: [WinError 10053] ä½ çš„ä¸»æœºä¸­çš„è½¯ä»¶ä¸­æ­¢äº†ä¸€ä¸ªå·²å»ºç«‹çš„è¿žæŽ¥ã€‚
----------------------------------------
